[0.130s] DEBUG:colcon:Command line arguments: ['/usr/bin/colcon', 'build', '--symlink-install', '--packages-select', 'ros2_test1']
[0.130s] DEBUG:colcon:Parsed command line arguments: Namespace(log_base=None, log_level=None, verb_name='build', build_base='build', install_base='install', merge_install=False, symlink_install=True, test_result_base=None, continue_on_error=False, executor='parallel', parallel_workers=8, event_handlers=None, ignore_user_meta=False, metas=['./colcon.meta'], base_paths=['.'], packages_ignore=None, packages_ignore_regex=None, paths=None, packages_up_to=None, packages_up_to_regex=None, packages_above=None, packages_above_and_dependencies=None, packages_above_depth=None, packages_select_by_dep=None, packages_skip_by_dep=None, packages_skip_up_to=None, packages_select_build_failed=False, packages_skip_build_finished=False, packages_select_test_failures=False, packages_skip_test_passed=False, packages_select=['ros2_test1'], packages_skip=None, packages_select_regex=None, packages_skip_regex=None, packages_start=None, packages_end=None, allow_overriding=[], cmake_args=None, cmake_target=None, cmake_target_skip_unavailable=False, cmake_clean_cache=False, cmake_clean_first=False, cmake_force_configure=False, ament_cmake_args=None, catkin_cmake_args=None, catkin_skip_building_tests=False, verb_parser=<colcon_defaults.argument_parser.defaults.DefaultArgumentsDecorator object at 0xffff808cb310>, verb_extension=<colcon_core.verb.build.BuildVerb object at 0xffff80ac8a30>, main=<bound method BuildVerb.main of <colcon_core.verb.build.BuildVerb object at 0xffff80ac8a30>>)
[0.334s] Level 1:colcon.colcon_core.package_discovery:discover_packages(colcon_meta) check parameters
[0.334s] Level 1:colcon.colcon_core.package_discovery:discover_packages(recursive) check parameters
[0.334s] Level 1:colcon.colcon_core.package_discovery:discover_packages(ignore) check parameters
[0.334s] Level 1:colcon.colcon_core.package_discovery:discover_packages(path) check parameters
[0.334s] Level 1:colcon.colcon_core.package_discovery:discover_packages(colcon_meta) discover
[0.334s] Level 1:colcon.colcon_core.package_discovery:discover_packages(recursive) discover
[0.334s] INFO:colcon.colcon_core.package_discovery:Crawling recursively for packages in '/home/cat/ros2_ws'
[0.334s] Level 1:colcon.colcon_core.package_identification:_identify(.) by extensions ['ignore', 'ignore_ament_install']
[0.334s] Level 1:colcon.colcon_core.package_identification:_identify(.) by extension 'ignore'
[0.334s] Level 1:colcon.colcon_core.package_identification:_identify(.) by extension 'ignore_ament_install'
[0.334s] Level 1:colcon.colcon_core.package_identification:_identify(.) by extensions ['colcon_pkg']
[0.334s] Level 1:colcon.colcon_core.package_identification:_identify(.) by extension 'colcon_pkg'
[0.335s] Level 1:colcon.colcon_core.package_identification:_identify(.) by extensions ['colcon_meta']
[0.335s] Level 1:colcon.colcon_core.package_identification:_identify(.) by extension 'colcon_meta'
[0.335s] Level 1:colcon.colcon_core.package_identification:_identify(.) by extensions ['ros']
[0.335s] Level 1:colcon.colcon_core.package_identification:_identify(.) by extension 'ros'
[0.349s] Level 1:colcon.colcon_core.package_identification:_identify(.) by extensions ['cmake', 'python']
[0.349s] Level 1:colcon.colcon_core.package_identification:_identify(.) by extension 'cmake'
[0.350s] Level 1:colcon.colcon_core.package_identification:_identify(.) by extension 'python'
[0.350s] Level 1:colcon.colcon_core.package_identification:_identify(.) by extensions ['python_setup_py']
[0.350s] Level 1:colcon.colcon_core.package_identification:_identify(.) by extension 'python_setup_py'
[0.350s] Level 1:colcon.colcon_core.package_identification:_identify(backups) by extensions ['ignore', 'ignore_ament_install']
[0.350s] Level 1:colcon.colcon_core.package_identification:_identify(backups) by extension 'ignore'
[0.350s] Level 1:colcon.colcon_core.package_identification:_identify(backups) ignored
[0.350s] Level 1:colcon.colcon_core.package_identification:_identify(build) by extensions ['ignore', 'ignore_ament_install']
[0.350s] Level 1:colcon.colcon_core.package_identification:_identify(build) by extension 'ignore'
[0.350s] Level 1:colcon.colcon_core.package_identification:_identify(build) ignored
[0.350s] Level 1:colcon.colcon_core.package_identification:_identify(install) by extensions ['ignore', 'ignore_ament_install']
[0.350s] Level 1:colcon.colcon_core.package_identification:_identify(install) by extension 'ignore'
[0.351s] Level 1:colcon.colcon_core.package_identification:_identify(install) ignored
[0.351s] Level 1:colcon.colcon_core.package_identification:_identify(log) by extensions ['ignore', 'ignore_ament_install']
[0.351s] Level 1:colcon.colcon_core.package_identification:_identify(log) by extension 'ignore'
[0.351s] Level 1:colcon.colcon_core.package_identification:_identify(log) ignored
[0.351s] Level 1:colcon.colcon_core.package_identification:_identify(restore_backup_20260731_200702) by extensions ['ignore', 'ignore_ament_install']
[0.351s] Level 1:colcon.colcon_core.package_identification:_identify(restore_backup_20260731_200702) by extension 'ignore'
[0.351s] Level 1:colcon.colcon_core.package_identification:_identify(restore_backup_20260731_200702) by extension 'ignore_ament_install'
[0.351s] Level 1:colcon.colcon_core.package_identification:_identify(restore_backup_20260731_200702) by extensions ['colcon_pkg']
[0.352s] Level 1:colcon.colcon_core.package_identification:_identify(restore_backup_20260731_200702) by extension 'colcon_pkg'
[0.352s] Level 1:colcon.colcon_core.package_identification:_identify(restore_backup_20260731_200702) by extensions ['colcon_meta']
[0.352s] Level 1:colcon.colcon_core.package_identification:_identify(restore_backup_20260731_200702) by extension 'colcon_meta'
[0.352s] Level 1:colcon.colcon_core.package_identification:_identify(restore_backup_20260731_200702) by extensions ['ros']
[0.352s] Level 1:colcon.colcon_core.package_identification:_identify(restore_backup_20260731_200702) by extension 'ros'
[0.352s] Level 1:colcon.colcon_core.package_identification:_identify(restore_backup_20260731_200702) by extensions ['cmake', 'python']
[0.352s] Level 1:colcon.colcon_core.package_identification:_identify(restore_backup_20260731_200702) by extension 'cmake'
[0.352s] Level 1:colcon.colcon_core.package_identification:_identify(restore_backup_20260731_200702) by extension 'python'
[0.352s] Level 1:colcon.colcon_core.package_identification:_identify(restore_backup_20260731_200702) by extensions ['python_setup_py']
[0.352s] Level 1:colcon.colcon_core.package_identification:_identify(restore_backup_20260731_200702) by extension 'python_setup_py'
[0.352s] Level 1:colcon.colcon_core.package_identification:_identify(restore_backup_20260731_continue) by extensions ['ignore', 'ignore_ament_install']
[0.352s] Level 1:colcon.colcon_core.package_identification:_identify(restore_backup_20260731_continue) by extension 'ignore'
[0.352s] Level 1:colcon.colcon_core.package_identification:_identify(restore_backup_20260731_continue) by extension 'ignore_ament_install'
[0.352s] Level 1:colcon.colcon_core.package_identification:_identify(restore_backup_20260731_continue) by extensions ['colcon_pkg']
[0.352s] Level 1:colcon.colcon_core.package_identification:_identify(restore_backup_20260731_continue) by extension 'colcon_pkg'
[0.352s] Level 1:colcon.colcon_core.package_identification:_identify(restore_backup_20260731_continue) by extensions ['colcon_meta']
[0.352s] Level 1:colcon.colcon_core.package_identification:_identify(restore_backup_20260731_continue) by extension 'colcon_meta'
[0.352s] Level 1:colcon.colcon_core.package_identification:_identify(restore_backup_20260731_continue) by extensions ['ros']
[0.352s] Level 1:colcon.colcon_core.package_identification:_identify(restore_backup_20260731_continue) by extension 'ros'
[0.353s] Level 1:colcon.colcon_core.package_identification:_identify(restore_backup_20260731_continue) by extensions ['cmake', 'python']
[0.353s] Level 1:colcon.colcon_core.package_identification:_identify(restore_backup_20260731_continue) by extension 'cmake'
[0.353s] Level 1:colcon.colcon_core.package_identification:_identify(restore_backup_20260731_continue) by extension 'python'
[0.353s] Level 1:colcon.colcon_core.package_identification:_identify(restore_backup_20260731_continue) by extensions ['python_setup_py']
[0.353s] Level 1:colcon.colcon_core.package_identification:_identify(restore_backup_20260731_continue) by extension 'python_setup_py'
[0.353s] Level 1:colcon.colcon_core.package_identification:_identify(ros2_test1) by extensions ['ignore', 'ignore_ament_install']
[0.353s] Level 1:colcon.colcon_core.package_identification:_identify(ros2_test1) by extension 'ignore'
[0.353s] Level 1:colcon.colcon_core.package_identification:_identify(ros2_test1) by extension 'ignore_ament_install'
[0.353s] Level 1:colcon.colcon_core.package_identification:_identify(ros2_test1) by extensions ['colcon_pkg']
[0.353s] Level 1:colcon.colcon_core.package_identification:_identify(ros2_test1) by extension 'colcon_pkg'
[0.354s] INFO:colcon.colcon_metadata.metadata.colcon_pkg:Setting type 'ros.ament_python' of package 'ros2_test1' from colcon.pkg
[0.354s] INFO:colcon.colcon_metadata.metadata.colcon_pkg:Setting name 'ros2_test1' of package 'ros2_test1' from colcon.pkg
[0.354s] DEBUG:colcon.colcon_core.package_identification:Package 'ros2_test1' with type 'ros.ament_python' and name 'ros2_test1'
[0.354s] Level 1:colcon.colcon_core.package_identification:_identify(saved_versions) by extensions ['ignore', 'ignore_ament_install']
[0.354s] Level 1:colcon.colcon_core.package_identification:_identify(saved_versions) by extension 'ignore'
[0.354s] Level 1:colcon.colcon_core.package_identification:_identify(saved_versions) by extension 'ignore_ament_install'
[0.354s] Level 1:colcon.colcon_core.package_identification:_identify(saved_versions) by extensions ['colcon_pkg']
[0.354s] Level 1:colcon.colcon_core.package_identification:_identify(saved_versions) by extension 'colcon_pkg'
[0.354s] Level 1:colcon.colcon_core.package_identification:_identify(saved_versions) by extensions ['colcon_meta']
[0.354s] Level 1:colcon.colcon_core.package_identification:_identify(saved_versions) by extension 'colcon_meta'
[0.354s] Level 1:colcon.colcon_core.package_identification:_identify(saved_versions) by extensions ['ros']
[0.354s] Level 1:colcon.colcon_core.package_identification:_identify(saved_versions) by extension 'ros'
[0.355s] Level 1:colcon.colcon_core.package_identification:_identify(saved_versions) by extensions ['cmake', 'python']
[0.355s] Level 1:colcon.colcon_core.package_identification:_identify(saved_versions) by extension 'cmake'
[0.355s] Level 1:colcon.colcon_core.package_identification:_identify(saved_versions) by extension 'python'
[0.355s] Level 1:colcon.colcon_core.package_identification:_identify(saved_versions) by extensions ['python_setup_py']
[0.355s] Level 1:colcon.colcon_core.package_identification:_identify(saved_versions) by extension 'python_setup_py'
[0.355s] Level 1:colcon.colcon_core.package_identification:_identify(saved_versions/camera_latency_20260812_205620) by extensions ['ignore', 'ignore_ament_install']
[0.355s] Level 1:colcon.colcon_core.package_identification:_identify(saved_versions/camera_latency_20260812_205620) by extension 'ignore'
[0.355s] Level 1:colcon.colcon_core.package_identification:_identify(saved_versions/camera_latency_20260812_205620) by extension 'ignore_ament_install'
[0.355s] Level 1:colcon.colcon_core.package_identification:_identify(saved_versions/camera_latency_20260812_205620) by extensions ['colcon_pkg']
[0.355s] Level 1:colcon.colcon_core.package_identification:_identify(saved_versions/camera_latency_20260812_205620) by extension 'colcon_pkg'
[0.355s] Level 1:colcon.colcon_core.package_identification:_identify(saved_versions/camera_latency_20260812_205620) by extensions ['colcon_meta']
[0.355s] Level 1:colcon.colcon_core.package_identification:_identify(saved_versions/camera_latency_20260812_205620) by extension 'colcon_meta'
[0.355s] Level 1:colcon.colcon_core.package_identification:_identify(saved_versions/camera_latency_20260812_205620) by extensions ['ros']
[0.355s] Level 1:colcon.colcon_core.package_identification:_identify(saved_versions/camera_latency_20260812_205620) by extension 'ros'
[0.355s] Level 1:colcon.colcon_core.package_identification:_identify(saved_versions/camera_latency_20260812_205620) by extensions ['cmake', 'python']
[0.355s] Level 1:colcon.colcon_core.package_identification:_identify(saved_versions/camera_latency_20260812_205620) by extension 'cmake'
[0.355s] Level 1:colcon.colcon_core.package_identification:_identify(saved_versions/camera_latency_20260812_205620) by extension 'python'
[0.355s] Level 1:colcon.colcon_core.package_identification:_identify(saved_versions/camera_latency_20260812_205620) by extensions ['python_setup_py']
[0.355s] Level 1:colcon.colcon_core.package_identification:_identify(saved_versions/camera_latency_20260812_205620) by extension 'python_setup_py'
[0.356s] Level 1:colcon.colcon_core.package_identification:_identify(saved_versions/camera_latest_frame_20260813_071258) by extensions ['ignore', 'ignore_ament_install']
[0.356s] Level 1:colcon.colcon_core.package_identification:_identify(saved_versions/camera_latest_frame_20260813_071258) by extension 'ignore'
[0.356s] Level 1:colcon.colcon_core.package_identification:_identify(saved_versions/camera_latest_frame_20260813_071258) by extension 'ignore_ament_install'
[0.356s] Level 1:colcon.colcon_core.package_identification:_identify(saved_versions/camera_latest_frame_20260813_071258) by extensions ['colcon_pkg']
[0.356s] Level 1:colcon.colcon_core.package_identification:_identify(saved_versions/camera_latest_frame_20260813_071258) by extension 'colcon_pkg'
[0.356s] Level 1:colcon.colcon_core.package_identification:_identify(saved_versions/camera_latest_frame_20260813_071258) by extensions ['colcon_meta']
[0.356s] Level 1:colcon.colcon_core.package_identification:_identify(saved_versions/camera_latest_frame_20260813_071258) by extension 'colcon_meta'
[0.356s] Level 1:colcon.colcon_core.package_identification:_identify(saved_versions/camera_latest_frame_20260813_071258) by extensions ['ros']
[0.356s] Level 1:colcon.colcon_core.package_identification:_identify(saved_versions/camera_latest_frame_20260813_071258) by extension 'ros'
[0.356s] Level 1:colcon.colcon_core.package_identification:_identify(saved_versions/camera_latest_frame_20260813_071258) by extensions ['cmake', 'python']
[0.356s] Level 1:colcon.colcon_core.package_identification:_identify(saved_versions/camera_latest_frame_20260813_071258) by extension 'cmake'
[0.356s] Level 1:colcon.colcon_core.package_identification:_identify(saved_versions/camera_latest_frame_20260813_071258) by extension 'python'
[0.356s] Level 1:colcon.colcon_core.package_identification:_identify(saved_versions/camera_latest_frame_20260813_071258) by extensions ['python_setup_py']
[0.356s] Level 1:colcon.colcon_core.package_identification:_identify(saved_versions/camera_latest_frame_20260813_071258) by extension 'python_setup_py'
[0.356s] Level 1:colcon.colcon_core.package_identification:_identify(saved_versions/camera_latest_frame_20260813_071258/ros2_test1) by extensions ['ignore', 'ignore_ament_install']
[0.356s] Level 1:colcon.colcon_core.package_identification:_identify(saved_versions/camera_latest_frame_20260813_071258/ros2_test1) by extension 'ignore'
[0.356s] Level 1:colcon.colcon_core.package_identification:_identify(saved_versions/camera_latest_frame_20260813_071258/ros2_test1) by extension 'ignore_ament_install'
[0.357s] Level 1:colcon.colcon_core.package_identification:_identify(saved_versions/camera_latest_frame_20260813_071258/ros2_test1) by extensions ['colcon_pkg']
[0.357s] Level 1:colcon.colcon_core.package_identification:_identify(saved_versions/camera_latest_frame_20260813_071258/ros2_test1) by extension 'colcon_pkg'
[0.357s] Level 1:colcon.colcon_core.package_identification:_identify(saved_versions/camera_latest_frame_20260813_071258/ros2_test1) by extensions ['colcon_meta']
[0.357s] Level 1:colcon.colcon_core.package_identification:_identify(saved_versions/camera_latest_frame_20260813_071258/ros2_test1) by extension 'colcon_meta'
[0.357s] Level 1:colcon.colcon_core.package_identification:_identify(saved_versions/camera_latest_frame_20260813_071258/ros2_test1) by extensions ['ros']
[0.357s] Level 1:colcon.colcon_core.package_identification:_identify(saved_versions/camera_latest_frame_20260813_071258/ros2_test1) by extension 'ros'
[0.357s] Level 1:colcon.colcon_core.package_identification:_identify(saved_versions/camera_latest_frame_20260813_071258/ros2_test1) by extensions ['cmake', 'python']
[0.357s] Level 1:colcon.colcon_core.package_identification:_identify(saved_versions/camera_latest_frame_20260813_071258/ros2_test1) by extension 'cmake'
[0.357s] Level 1:colcon.colcon_core.package_identification:_identify(saved_versions/camera_latest_frame_20260813_071258/ros2_test1) by extension 'python'
[0.357s] Level 1:colcon.colcon_core.package_identification:_identify(saved_versions/camera_latest_frame_20260813_071258/ros2_test1) by extensions ['python_setup_py']
[0.357s] Level 1:colcon.colcon_core.package_identification:_identify(saved_versions/camera_latest_frame_20260813_071258/ros2_test1) by extension 'python_setup_py'
[0.357s] Level 1:colcon.colcon_core.package_identification:_identify(saved_versions/camera_latest_frame_fix_20260813_071545) by extensions ['ignore', 'ignore_ament_install']
[0.357s] Level 1:colcon.colcon_core.package_identification:_identify(saved_versions/camera_latest_frame_fix_20260813_071545) by extension 'ignore'
[0.357s] Level 1:colcon.colcon_core.package_identification:_identify(saved_versions/camera_latest_frame_fix_20260813_071545) by extension 'ignore_ament_install'
[0.357s] Level 1:colcon.colcon_core.package_identification:_identify(saved_versions/camera_latest_frame_fix_20260813_071545) by extensions ['colcon_pkg']
[0.357s] Level 1:colcon.colcon_core.package_identification:_identify(saved_versions/camera_latest_frame_fix_20260813_071545) by extension 'colcon_pkg'
[0.357s] Level 1:colcon.colcon_core.package_identification:_identify(saved_versions/camera_latest_frame_fix_20260813_071545) by extensions ['colcon_meta']
[0.357s] Level 1:colcon.colcon_core.package_identification:_identify(saved_versions/camera_latest_frame_fix_20260813_071545) by extension 'colcon_meta'
[0.357s] Level 1:colcon.colcon_core.package_identification:_identify(saved_versions/camera_latest_frame_fix_20260813_071545) by extensions ['ros']
[0.357s] Level 1:colcon.colcon_core.package_identification:_identify(saved_versions/camera_latest_frame_fix_20260813_071545) by extension 'ros'
[0.358s] Level 1:colcon.colcon_core.package_identification:_identify(saved_versions/camera_latest_frame_fix_20260813_071545) by extensions ['cmake', 'python']
[0.358s] Level 1:colcon.colcon_core.package_identification:_identify(saved_versions/camera_latest_frame_fix_20260813_071545) by extension 'cmake'
[0.358s] Level 1:colcon.colcon_core.package_identification:_identify(saved_versions/camera_latest_frame_fix_20260813_071545) by extension 'python'
[0.358s] Level 1:colcon.colcon_core.package_identification:_identify(saved_versions/camera_latest_frame_fix_20260813_071545) by extensions ['python_setup_py']
[0.358s] Level 1:colcon.colcon_core.package_identification:_identify(saved_versions/camera_latest_frame_fix_20260813_071545) by extension 'python_setup_py'
[0.358s] Level 1:colcon.colcon_core.package_identification:_identify(saved_versions/codex_audit_backup_20260806_105415) by extensions ['ignore', 'ignore_ament_install']
[0.358s] Level 1:colcon.colcon_core.package_identification:_identify(saved_versions/codex_audit_backup_20260806_105415) by extension 'ignore'
[0.358s] Level 1:colcon.colcon_core.package_identification:_identify(saved_versions/codex_audit_backup_20260806_105415) by extension 'ignore_ament_install'
[0.358s] Level 1:colcon.colcon_core.package_identification:_identify(saved_versions/codex_audit_backup_20260806_105415) by extensions ['colcon_pkg']
[0.358s] Level 1:colcon.colcon_core.package_identification:_identify(saved_versions/codex_audit_backup_20260806_105415) by extension 'colcon_pkg'
[0.358s] Level 1:colcon.colcon_core.package_identification:_identify(saved_versions/codex_audit_backup_20260806_105415) by extensions ['colcon_meta']
[0.358s] Level 1:colcon.colcon_core.package_identification:_identify(saved_versions/codex_audit_backup_20260806_105415) by extension 'colcon_meta'
[0.358s] Level 1:colcon.colcon_core.package_identification:_identify(saved_versions/codex_audit_backup_20260806_105415) by extensions ['ros']
[0.358s] Level 1:colcon.colcon_core.package_identification:_identify(saved_versions/codex_audit_backup_20260806_105415) by extension 'ros'
[0.358s] Level 1:colcon.colcon_core.package_identification:_identify(saved_versions/codex_audit_backup_20260806_105415) by extensions ['cmake', 'python']
[0.358s] Level 1:colcon.colcon_core.package_identification:_identify(saved_versions/codex_audit_backup_20260806_105415) by extension 'cmake'
[0.358s] Level 1:colcon.colcon_core.package_identification:_identify(saved_versions/codex_audit_backup_20260806_105415) by extension 'python'
[0.358s] Level 1:colcon.colcon_core.package_identification:_identify(saved_versions/codex_audit_backup_20260806_105415) by extensions ['python_setup_py']
[0.358s] Level 1:colcon.colcon_core.package_identification:_identify(saved_versions/codex_audit_backup_20260806_105415) by extension 'python_setup_py'
[0.359s] Level 1:colcon.colcon_core.package_identification:_identify(saved_versions/codex_audit_backup_20260806_105415/ros2_test1) by extensions ['ignore', 'ignore_ament_install']
[0.359s] Level 1:colcon.colcon_core.package_identification:_identify(saved_versions/codex_audit_backup_20260806_105415/ros2_test1) by extension 'ignore'
[0.359s] Level 1:colcon.colcon_core.package_identification:_identify(saved_versions/codex_audit_backup_20260806_105415/ros2_test1) by extension 'ignore_ament_install'
[0.359s] Level 1:colcon.colcon_core.package_identification:_identify(saved_versions/codex_audit_backup_20260806_105415/ros2_test1) by extensions ['colcon_pkg']
[0.359s] Level 1:colcon.colcon_core.package_identification:_identify(saved_versions/codex_audit_backup_20260806_105415/ros2_test1) by extension 'colcon_pkg'
[0.359s] Level 1:colcon.colcon_core.package_identification:_identify(saved_versions/codex_audit_backup_20260806_105415/ros2_test1) by extensions ['colcon_meta']
[0.359s] Level 1:colcon.colcon_core.package_identification:_identify(saved_versions/codex_audit_backup_20260806_105415/ros2_test1) by extension 'colcon_meta'
[0.359s] Level 1:colcon.colcon_core.package_identification:_identify(saved_versions/codex_audit_backup_20260806_105415/ros2_test1) by extensions ['ros']
[0.359s] Level 1:colcon.colcon_core.package_identification:_identify(saved_versions/codex_audit_backup_20260806_105415/ros2_test1) by extension 'ros'
[0.359s] Level 1:colcon.colcon_core.package_identification:_identify(saved_versions/codex_audit_backup_20260806_105415/ros2_test1) by extensions ['cmake', 'python']
[0.359s] Level 1:colcon.colcon_core.package_identification:_identify(saved_versions/codex_audit_backup_20260806_105415/ros2_test1) by extension 'cmake'
[0.359s] Level 1:colcon.colcon_core.package_identification:_identify(saved_versions/codex_audit_backup_20260806_105415/ros2_test1) by extension 'python'
[0.359s] Level 1:colcon.colcon_core.package_identification:_identify(saved_versions/codex_audit_backup_20260806_105415/ros2_test1) by extensions ['python_setup_py']
[0.359s] Level 1:colcon.colcon_core.package_identification:_identify(saved_versions/codex_audit_backup_20260806_105415/ros2_test1) by extension 'python_setup_py'
[0.359s] Level 1:colcon.colcon_core.package_identification:_identify(saved_versions/codex_audit_backup_20260806_105415/ros2_test1/ros2_test1) by extensions ['ignore', 'ignore_ament_install']
[0.359s] Level 1:colcon.colcon_core.package_identification:_identify(saved_versions/codex_audit_backup_20260806_105415/ros2_test1/ros2_test1) by extension 'ignore'
[0.359s] Level 1:colcon.colcon_core.package_identification:_identify(saved_versions/codex_audit_backup_20260806_105415/ros2_test1/ros2_test1) by extension 'ignore_ament_install'
[0.360s] Level 1:colcon.colcon_core.package_identification:_identify(saved_versions/codex_audit_backup_20260806_105415/ros2_test1/ros2_test1) by extensions ['colcon_pkg']
[0.360s] Level 1:colcon.colcon_core.package_identification:_identify(saved_versions/codex_audit_backup_20260806_105415/ros2_test1/ros2_test1) by extension 'colcon_pkg'
[0.360s] Level 1:colcon.colcon_core.package_identification:_identify(saved_versions/codex_audit_backup_20260806_105415/ros2_test1/ros2_test1) by extensions ['colcon_meta']
[0.360s] Level 1:colcon.colcon_core.package_identification:_identify(saved_versions/codex_audit_backup_20260806_105415/ros2_test1/ros2_test1) by extension 'colcon_meta'
[0.360s] Level 1:colcon.colcon_core.package_identification:_identify(saved_versions/codex_audit_backup_20260806_105415/ros2_test1/ros2_test1) by extensions ['ros']
[0.360s] Level 1:colcon.colcon_core.package_identification:_identify(saved_versions/codex_audit_backup_20260806_105415/ros2_test1/ros2_test1) by extension 'ros'
[0.360s] Level 1:colcon.colcon_core.package_identification:_identify(saved_versions/codex_audit_backup_20260806_105415/ros2_test1/ros2_test1) by extensions ['cmake', 'python']
[0.360s] Level 1:colcon.colcon_core.package_identification:_identify(saved_versions/codex_audit_backup_20260806_105415/ros2_test1/ros2_test1) by extension 'cmake'
[0.360s] Level 1:colcon.colcon_core.package_identification:_identify(saved_versions/codex_audit_backup_20260806_105415/ros2_test1/ros2_test1) by extension 'python'
[0.360s] Level 1:colcon.colcon_core.package_identification:_identify(saved_versions/codex_audit_backup_20260806_105415/ros2_test1/ros2_test1) by extensions ['python_setup_py']
[0.360s] Level 1:colcon.colcon_core.package_identification:_identify(saved_versions/codex_audit_backup_20260806_105415/ros2_test1/ros2_test1) by extension 'python_setup_py'
[0.360s] Level 1:colcon.colcon_core.package_identification:_identify(saved_versions/codex_final_backup_20260806_105857) by extensions ['ignore', 'ignore_ament_install']
[0.360s] Level 1:colcon.colcon_core.package_identification:_identify(saved_versions/codex_final_backup_20260806_105857) by extension 'ignore'
[0.360s] Level 1:colcon.colcon_core.package_identification:_identify(saved_versions/codex_final_backup_20260806_105857) by extension 'ignore_ament_install'
[0.360s] Level 1:colcon.colcon_core.package_identification:_identify(saved_versions/codex_final_backup_20260806_105857) by extensions ['colcon_pkg']
[0.360s] Level 1:colcon.colcon_core.package_identification:_identify(saved_versions/codex_final_backup_20260806_105857) by extension 'colcon_pkg'
[0.360s] Level 1:colcon.colcon_core.package_identification:_identify(saved_versions/codex_final_backup_20260806_105857) by extensions ['colcon_meta']
[0.360s] Level 1:colcon.colcon_core.package_identification:_identify(saved_versions/codex_final_backup_20260806_105857) by extension 'colcon_meta'
[0.360s] Level 1:colcon.colcon_core.package_identification:_identify(saved_versions/codex_final_backup_20260806_105857) by extensions ['ros']
[0.360s] Level 1:colcon.colcon_core.package_identification:_identify(saved_versions/codex_final_backup_20260806_105857) by extension 'ros'
[0.361s] Level 1:colcon.colcon_core.package_identification:_identify(saved_versions/codex_final_backup_20260806_105857) by extensions ['cmake', 'python']
[0.361s] Level 1:colcon.colcon_core.package_identification:_identify(saved_versions/codex_final_backup_20260806_105857) by extension 'cmake'
[0.361s] Level 1:colcon.colcon_core.package_identification:_identify(saved_versions/codex_final_backup_20260806_105857) by extension 'python'
[0.361s] Level 1:colcon.colcon_core.package_identification:_identify(saved_versions/codex_final_backup_20260806_105857) by extensions ['python_setup_py']
[0.361s] Level 1:colcon.colcon_core.package_identification:_identify(saved_versions/codex_final_backup_20260806_105857) by extension 'python_setup_py'
[0.361s] Level 1:colcon.colcon_core.package_identification:_identify(saved_versions/disc_catch_station1_20260803_081421) by extensions ['ignore', 'ignore_ament_install']
[0.361s] Level 1:colcon.colcon_core.package_identification:_identify(saved_versions/disc_catch_station1_20260803_081421) by extension 'ignore'
[0.361s] Level 1:colcon.colcon_core.package_identification:_identify(saved_versions/disc_catch_station1_20260803_081421) by extension 'ignore_ament_install'
[0.361s] Level 1:colcon.colcon_core.package_identification:_identify(saved_versions/disc_catch_station1_20260803_081421) by extensions ['colcon_pkg']
[0.361s] Level 1:colcon.colcon_core.package_identification:_identify(saved_versions/disc_catch_station1_20260803_081421) by extension 'colcon_pkg'
[0.361s] Level 1:colcon.colcon_core.package_identification:_identify(saved_versions/disc_catch_station1_20260803_081421) by extensions ['colcon_meta']
[0.361s] Level 1:colcon.colcon_core.package_identification:_identify(saved_versions/disc_catch_station1_20260803_081421) by extension 'colcon_meta'
[0.361s] Level 1:colcon.colcon_core.package_identification:_identify(saved_versions/disc_catch_station1_20260803_081421) by extensions ['ros']
[0.361s] Level 1:colcon.colcon_core.package_identification:_identify(saved_versions/disc_catch_station1_20260803_081421) by extension 'ros'
[0.361s] Level 1:colcon.colcon_core.package_identification:_identify(saved_versions/disc_catch_station1_20260803_081421) by extensions ['cmake', 'python']
[0.361s] Level 1:colcon.colcon_core.package_identification:_identify(saved_versions/disc_catch_station1_20260803_081421) by extension 'cmake'
[0.361s] Level 1:colcon.colcon_core.package_identification:_identify(saved_versions/disc_catch_station1_20260803_081421) by extension 'python'
[0.361s] Level 1:colcon.colcon_core.package_identification:_identify(saved_versions/disc_catch_station1_20260803_081421) by extensions ['python_setup_py']
[0.361s] Level 1:colcon.colcon_core.package_identification:_identify(saved_versions/disc_catch_station1_20260803_081421) by extension 'python_setup_py'
[0.362s] Level 1:colcon.colcon_core.package_identification:_identify(saved_versions/disc_pulse_loop_fix_20260812_195439) by extensions ['ignore', 'ignore_ament_install']
[0.362s] Level 1:colcon.colcon_core.package_identification:_identify(saved_versions/disc_pulse_loop_fix_20260812_195439) by extension 'ignore'
[0.362s] Level 1:colcon.colcon_core.package_identification:_identify(saved_versions/disc_pulse_loop_fix_20260812_195439) by extension 'ignore_ament_install'
[0.362s] Level 1:colcon.colcon_core.package_identification:_identify(saved_versions/disc_pulse_loop_fix_20260812_195439) by extensions ['colcon_pkg']
[0.362s] Level 1:colcon.colcon_core.package_identification:_identify(saved_versions/disc_pulse_loop_fix_20260812_195439) by extension 'colcon_pkg'
[0.362s] Level 1:colcon.colcon_core.package_identification:_identify(saved_versions/disc_pulse_loop_fix_20260812_195439) by extensions ['colcon_meta']
[0.362s] Level 1:colcon.colcon_core.package_identification:_identify(saved_versions/disc_pulse_loop_fix_20260812_195439) by extension 'colcon_meta'
[0.362s] Level 1:colcon.colcon_core.package_identification:_identify(saved_versions/disc_pulse_loop_fix_20260812_195439) by extensions ['ros']
[0.362s] Level 1:colcon.colcon_core.package_identification:_identify(saved_versions/disc_pulse_loop_fix_20260812_195439) by extension 'ros'
[0.362s] Level 1:colcon.colcon_core.package_identification:_identify(saved_versions/disc_pulse_loop_fix_20260812_195439) by extensions ['cmake', 'python']
[0.362s] Level 1:colcon.colcon_core.package_identification:_identify(saved_versions/disc_pulse_loop_fix_20260812_195439) by extension 'cmake'
[0.362s] Level 1:colcon.colcon_core.package_identification:_identify(saved_versions/disc_pulse_loop_fix_20260812_195439) by extension 'python'
[0.362s] Level 1:colcon.colcon_core.package_identification:_identify(saved_versions/disc_pulse_loop_fix_20260812_195439) by extensions ['python_setup_py']
[0.362s] Level 1:colcon.colcon_core.package_identification:_identify(saved_versions/disc_pulse_loop_fix_20260812_195439) by extension 'python_setup_py'
[0.362s] Level 1:colcon.colcon_core.package_identification:_identify(saved_versions/disc_repeat_pulse_20260812_183616) by extensions ['ignore', 'ignore_ament_install']
[0.362s] Level 1:colcon.colcon_core.package_identification:_identify(saved_versions/disc_repeat_pulse_20260812_183616) by extension 'ignore'
[0.362s] Level 1:colcon.colcon_core.package_identification:_identify(saved_versions/disc_repeat_pulse_20260812_183616) by extension 'ignore_ament_install'
[0.363s] Level 1:colcon.colcon_core.package_identification:_identify(saved_versions/disc_repeat_pulse_20260812_183616) by extensions ['colcon_pkg']
[0.363s] Level 1:colcon.colcon_core.package_identification:_identify(saved_versions/disc_repeat_pulse_20260812_183616) by extension 'colcon_pkg'
[0.363s] Level 1:colcon.colcon_core.package_identification:_identify(saved_versions/disc_repeat_pulse_20260812_183616) by extensions ['colcon_meta']
[0.363s] Level 1:colcon.colcon_core.package_identification:_identify(saved_versions/disc_repeat_pulse_20260812_183616) by extension 'colcon_meta'
[0.363s] Level 1:colcon.colcon_core.package_identification:_identify(saved_versions/disc_repeat_pulse_20260812_183616) by extensions ['ros']
[0.363s] Level 1:colcon.colcon_core.package_identification:_identify(saved_versions/disc_repeat_pulse_20260812_183616) by extension 'ros'
[0.363s] Level 1:colcon.colcon_core.package_identification:_identify(saved_versions/disc_repeat_pulse_20260812_183616) by extensions ['cmake', 'python']
[0.363s] Level 1:colcon.colcon_core.package_identification:_identify(saved_versions/disc_repeat_pulse_20260812_183616) by extension 'cmake'
[0.363s] Level 1:colcon.colcon_core.package_identification:_identify(saved_versions/disc_repeat_pulse_20260812_183616) by extension 'python'
[0.363s] Level 1:colcon.colcon_core.package_identification:_identify(saved_versions/disc_repeat_pulse_20260812_183616) by extensions ['python_setup_py']
[0.363s] Level 1:colcon.colcon_core.package_identification:_identify(saved_versions/disc_repeat_pulse_20260812_183616) by extension 'python_setup_py'
[0.363s] Level 1:colcon.colcon_core.package_identification:_identify(saved_versions/disc_splitter_settle_1s_20260812_225912) by extensions ['ignore', 'ignore_ament_install']
[0.363s] Level 1:colcon.colcon_core.package_identification:_identify(saved_versions/disc_splitter_settle_1s_20260812_225912) by extension 'ignore'
[0.363s] Level 1:colcon.colcon_core.package_identification:_identify(saved_versions/disc_splitter_settle_1s_20260812_225912) by extension 'ignore_ament_install'
[0.363s] Level 1:colcon.colcon_core.package_identification:_identify(saved_versions/disc_splitter_settle_1s_20260812_225912) by extensions ['colcon_pkg']
[0.363s] Level 1:colcon.colcon_core.package_identification:_identify(saved_versions/disc_splitter_settle_1s_20260812_225912) by extension 'colcon_pkg'
[0.363s] Level 1:colcon.colcon_core.package_identification:_identify(saved_versions/disc_splitter_settle_1s_20260812_225912) by extensions ['colcon_meta']
[0.363s] Level 1:colcon.colcon_core.package_identification:_identify(saved_versions/disc_splitter_settle_1s_20260812_225912) by extension 'colcon_meta'
[0.363s] Level 1:colcon.colcon_core.package_identification:_identify(saved_versions/disc_splitter_settle_1s_20260812_225912) by extensions ['ros']
[0.363s] Level 1:colcon.colcon_core.package_identification:_identify(saved_versions/disc_splitter_settle_1s_20260812_225912) by extension 'ros'
[0.363s] Level 1:colcon.colcon_core.package_identification:_identify(saved_versions/disc_splitter_settle_1s_20260812_225912) by extensions ['cmake', 'python']
[0.364s] Level 1:colcon.colcon_core.package_identification:_identify(saved_versions/disc_splitter_settle_1s_20260812_225912) by extension 'cmake'
[0.364s] Level 1:colcon.colcon_core.package_identification:_identify(saved_versions/disc_splitter_settle_1s_20260812_225912) by extension 'python'
[0.364s] Level 1:colcon.colcon_core.package_identification:_identify(saved_versions/disc_splitter_settle_1s_20260812_225912) by extensions ['python_setup_py']
[0.364s] Level 1:colcon.colcon_core.package_identification:_identify(saved_versions/disc_splitter_settle_1s_20260812_225912) by extension 'python_setup_py'
[0.364s] Level 1:colcon.colcon_core.package_identification:_identify(saved_versions/disc_sync_id4_id7_400ms_20260812_230906) by extensions ['ignore', 'ignore_ament_install']
[0.364s] Level 1:colcon.colcon_core.package_identification:_identify(saved_versions/disc_sync_id4_id7_400ms_20260812_230906) by extension 'ignore'
[0.364s] Level 1:colcon.colcon_core.package_identification:_identify(saved_versions/disc_sync_id4_id7_400ms_20260812_230906) by extension 'ignore_ament_install'
[0.364s] Level 1:colcon.colcon_core.package_identification:_identify(saved_versions/disc_sync_id4_id7_400ms_20260812_230906) by extensions ['colcon_pkg']
[0.364s] Level 1:colcon.colcon_core.package_identification:_identify(saved_versions/disc_sync_id4_id7_400ms_20260812_230906) by extension 'colcon_pkg'
[0.364s] Level 1:colcon.colcon_core.package_identification:_identify(saved_versions/disc_sync_id4_id7_400ms_20260812_230906) by extensions ['colcon_meta']
[0.364s] Level 1:colcon.colcon_core.package_identification:_identify(saved_versions/disc_sync_id4_id7_400ms_20260812_230906) by extension 'colcon_meta'
[0.364s] Level 1:colcon.colcon_core.package_identification:_identify(saved_versions/disc_sync_id4_id7_400ms_20260812_230906) by extensions ['ros']
[0.364s] Level 1:colcon.colcon_core.package_identification:_identify(saved_versions/disc_sync_id4_id7_400ms_20260812_230906) by extension 'ros'
[0.364s] Level 1:colcon.colcon_core.package_identification:_identify(saved_versions/disc_sync_id4_id7_400ms_20260812_230906) by extensions ['cmake', 'python']
[0.364s] Level 1:colcon.colcon_core.package_identification:_identify(saved_versions/disc_sync_id4_id7_400ms_20260812_230906) by extension 'cmake'
[0.364s] Level 1:colcon.colcon_core.package_identification:_identify(saved_versions/disc_sync_id4_id7_400ms_20260812_230906) by extension 'python'
[0.364s] Level 1:colcon.colcon_core.package_identification:_identify(saved_versions/disc_sync_id4_id7_400ms_20260812_230906) by extensions ['python_setup_py']
[0.364s] Level 1:colcon.colcon_core.package_identification:_identify(saved_versions/disc_sync_id4_id7_400ms_20260812_230906) by extension 'python_setup_py'
[0.364s] Level 1:colcon.colcon_core.package_identification:_identify(saved_versions/fix_rk_chassis_profile_20260813_053053) by extensions ['ignore', 'ignore_ament_install']
[0.365s] Level 1:colcon.colcon_core.package_identification:_identify(saved_versions/fix_rk_chassis_profile_20260813_053053) by extension 'ignore'
[0.365s] Level 1:colcon.colcon_core.package_identification:_identify(saved_versions/fix_rk_chassis_profile_20260813_053053) by extension 'ignore_ament_install'
[0.365s] Level 1:colcon.colcon_core.package_identification:_identify(saved_versions/fix_rk_chassis_profile_20260813_053053) by extensions ['colcon_pkg']
[0.365s] Level 1:colcon.colcon_core.package_identification:_identify(saved_versions/fix_rk_chassis_profile_20260813_053053) by extension 'colcon_pkg'
[0.365s] Level 1:colcon.colcon_core.package_identification:_identify(saved_versions/fix_rk_chassis_profile_20260813_053053) by extensions ['colcon_meta']
[0.365s] Level 1:colcon.colcon_core.package_identification:_identify(saved_versions/fix_rk_chassis_profile_20260813_053053) by extension 'colcon_meta'
[0.365s] Level 1:colcon.colcon_core.package_identification:_identify(saved_versions/fix_rk_chassis_profile_20260813_053053) by extensions ['ros']
[0.365s] Level 1:colcon.colcon_core.package_identification:_identify(saved_versions/fix_rk_chassis_profile_20260813_053053) by extension 'ros'
[0.365s] Level 1:colcon.colcon_core.package_identification:_identify(saved_versions/fix_rk_chassis_profile_20260813_053053) by extensions ['cmake', 'python']
[0.365s] Level 1:colcon.colcon_core.package_identification:_identify(saved_versions/fix_rk_chassis_profile_20260813_053053) by extension 'cmake'
[0.365s] Level 1:colcon.colcon_core.package_identification:_identify(saved_versions/fix_rk_chassis_profile_20260813_053053) by extension 'python'
[0.365s] Level 1:colcon.colcon_core.package_identification:_identify(saved_versions/fix_rk_chassis_profile_20260813_053053) by extensions ['python_setup_py']
[0.365s] Level 1:colcon.colcon_core.package_identification:_identify(saved_versions/fix_rk_chassis_profile_20260813_053053) by extension 'python_setup_py'
[0.365s] Level 1:colcon.colcon_core.package_identification:_identify(saved_versions/fix_rk_chassis_profile_20260813_053053/ros2_test1) by extensions ['ignore', 'ignore_ament_install']
[0.365s] Level 1:colcon.colcon_core.package_identification:_identify(saved_versions/fix_rk_chassis_profile_20260813_053053/ros2_test1) by extension 'ignore'
[0.365s] Level 1:colcon.colcon_core.package_identification:_identify(saved_versions/fix_rk_chassis_profile_20260813_053053/ros2_test1) by extension 'ignore_ament_install'
[0.365s] Level 1:colcon.colcon_core.package_identification:_identify(saved_versions/fix_rk_chassis_profile_20260813_053053/ros2_test1) by extensions ['colcon_pkg']
[0.365s] Level 1:colcon.colcon_core.package_identification:_identify(saved_versions/fix_rk_chassis_profile_20260813_053053/ros2_test1) by extension 'colcon_pkg'
[0.365s] Level 1:colcon.colcon_core.package_identification:_identify(saved_versions/fix_rk_chassis_profile_20260813_053053/ros2_test1) by extensions ['colcon_meta']
[0.366s] Level 1:colcon.colcon_core.package_identification:_identify(saved_versions/fix_rk_chassis_profile_20260813_053053/ros2_test1) by extension 'colcon_meta'
[0.366s] Level 1:colcon.colcon_core.package_identification:_identify(saved_versions/fix_rk_chassis_profile_20260813_053053/ros2_test1) by extensions ['ros']
[0.366s] Level 1:colcon.colcon_core.package_identification:_identify(saved_versions/fix_rk_chassis_profile_20260813_053053/ros2_test1) by extension 'ros'
[0.366s] Level 1:colcon.colcon_core.package_identification:_identify(saved_versions/fix_rk_chassis_profile_20260813_053053/ros2_test1) by extensions ['cmake', 'python']
[0.366s] Level 1:colcon.colcon_core.package_identification:_identify(saved_versions/fix_rk_chassis_profile_20260813_053053/ros2_test1) by extension 'cmake'
[0.366s] Level 1:colcon.colcon_core.package_identification:_identify(saved_versions/fix_rk_chassis_profile_20260813_053053/ros2_test1) by extension 'python'
[0.366s] Level 1:colcon.colcon_core.package_identification:_identify(saved_versions/fix_rk_chassis_profile_20260813_053053/ros2_test1) by extensions ['python_setup_py']
[0.366s] Level 1:colcon.colcon_core.package_identification:_identify(saved_versions/fix_rk_chassis_profile_20260813_053053/ros2_test1) by extension 'python_setup_py'
[0.366s] Level 1:colcon.colcon_core.package_identification:_identify(saved_versions/fix_rk_chassis_profile_20260813_053053/ros2_test1/ros2_test1) by extensions ['ignore', 'ignore_ament_install']
[0.366s] Level 1:colcon.colcon_core.package_identification:_identify(saved_versions/fix_rk_chassis_profile_20260813_053053/ros2_test1/ros2_test1) by extension 'ignore'
[0.366s] Level 1:colcon.colcon_core.package_identification:_identify(saved_versions/fix_rk_chassis_profile_20260813_053053/ros2_test1/ros2_test1) by extension 'ignore_ament_install'
[0.366s] Level 1:colcon.colcon_core.package_identification:_identify(saved_versions/fix_rk_chassis_profile_20260813_053053/ros2_test1/ros2_test1) by extensions ['colcon_pkg']
[0.366s] Level 1:colcon.colcon_core.package_identification:_identify(saved_versions/fix_rk_chassis_profile_20260813_053053/ros2_test1/ros2_test1) by extension 'colcon_pkg'
[0.366s] Level 1:colcon.colcon_core.package_identification:_identify(saved_versions/fix_rk_chassis_profile_20260813_053053/ros2_test1/ros2_test1) by extensions ['colcon_meta']
[0.366s] Level 1:colcon.colcon_core.package_identification:_identify(saved_versions/fix_rk_chassis_profile_20260813_053053/ros2_test1/ros2_test1) by extension 'colcon_meta'
[0.366s] Level 1:colcon.colcon_core.package_identification:_identify(saved_versions/fix_rk_chassis_profile_20260813_053053/ros2_test1/ros2_test1) by extensions ['ros']
[0.366s] Level 1:colcon.colcon_core.package_identification:_identify(saved_versions/fix_rk_chassis_profile_20260813_053053/ros2_test1/ros2_test1) by extension 'ros'
[0.366s] Level 1:colcon.colcon_core.package_identification:_identify(saved_versions/fix_rk_chassis_profile_20260813_053053/ros2_test1/ros2_test1) by extensions ['cmake', 'python']
[0.366s] Level 1:colcon.colcon_core.package_identification:_identify(saved_versions/fix_rk_chassis_profile_20260813_053053/ros2_test1/ros2_test1) by extension 'cmake'
[0.366s] Level 1:colcon.colcon_core.package_identification:_identify(saved_versions/fix_rk_chassis_profile_20260813_053053/ros2_test1/ros2_test1) by extension 'python'
[0.367s] Level 1:colcon.colcon_core.package_identification:_identify(saved_versions/fix_rk_chassis_profile_20260813_053053/ros2_test1/ros2_test1) by extensions ['python_setup_py']
[0.367s] Level 1:colcon.colcon_core.package_identification:_identify(saved_versions/fix_rk_chassis_profile_20260813_053053/ros2_test1/ros2_test1) by extension 'python_setup_py'
[0.367s] Level 1:colcon.colcon_core.package_identification:_identify(saved_versions/formal_sync_20260802_170858) by extensions ['ignore', 'ignore_ament_install']
[0.367s] Level 1:colcon.colcon_core.package_identification:_identify(saved_versions/formal_sync_20260802_170858) by extension 'ignore'
[0.367s] Level 1:colcon.colcon_core.package_identification:_identify(saved_versions/formal_sync_20260802_170858) by extension 'ignore_ament_install'
[0.367s] Level 1:colcon.colcon_core.package_identification:_identify(saved_versions/formal_sync_20260802_170858) by extensions ['colcon_pkg']
[0.367s] Level 1:colcon.colcon_core.package_identification:_identify(saved_versions/formal_sync_20260802_170858) by extension 'colcon_pkg'
[0.367s] Level 1:colcon.colcon_core.package_identification:_identify(saved_versions/formal_sync_20260802_170858) by extensions ['colcon_meta']
[0.367s] Level 1:colcon.colcon_core.package_identification:_identify(saved_versions/formal_sync_20260802_170858) by extension 'colcon_meta'
[0.367s] Level 1:colcon.colcon_core.package_identification:_identify(saved_versions/formal_sync_20260802_170858) by extensions ['ros']
[0.367s] Level 1:colcon.colcon_core.package_identification:_identify(saved_versions/formal_sync_20260802_170858) by extension 'ros'
[0.367s] Level 1:colcon.colcon_core.package_identification:_identify(saved_versions/formal_sync_20260802_170858) by extensions ['cmake', 'python']
[0.367s] Level 1:colcon.colcon_core.package_identification:_identify(saved_versions/formal_sync_20260802_170858) by extension 'cmake'
[0.367s] Level 1:colcon.colcon_core.package_identification:_identify(saved_versions/formal_sync_20260802_170858) by extension 'python'
[0.367s] Level 1:colcon.colcon_core.package_identification:_identify(saved_versions/formal_sync_20260802_170858) by extensions ['python_setup_py']
[0.367s] Level 1:colcon.colcon_core.package_identification:_identify(saved_versions/formal_sync_20260802_170858) by extension 'python_setup_py'
[0.367s] Level 1:colcon.colcon_core.package_identification:_identify(saved_versions/home_baseline_20260803_075203) by extensions ['ignore', 'ignore_ament_install']
[0.367s] Level 1:colcon.colcon_core.package_identification:_identify(saved_versions/home_baseline_20260803_075203) by extension 'ignore'
[0.368s] Level 1:colcon.colcon_core.package_identification:_identify(saved_versions/home_baseline_20260803_075203) by extension 'ignore_ament_install'
[0.368s] Level 1:colcon.colcon_core.package_identification:_identify(saved_versions/home_baseline_20260803_075203) by extensions ['colcon_pkg']
[0.368s] Level 1:colcon.colcon_core.package_identification:_identify(saved_versions/home_baseline_20260803_075203) by extension 'colcon_pkg'
[0.368s] Level 1:colcon.colcon_core.package_identification:_identify(saved_versions/home_baseline_20260803_075203) by extensions ['colcon_meta']
[0.368s] Level 1:colcon.colcon_core.package_identification:_identify(saved_versions/home_baseline_20260803_075203) by extension 'colcon_meta'
[0.368s] Level 1:colcon.colcon_core.package_identification:_identify(saved_versions/home_baseline_20260803_075203) by extensions ['ros']
[0.368s] Level 1:colcon.colcon_core.package_identification:_identify(saved_versions/home_baseline_20260803_075203) by extension 'ros'
[0.368s] Level 1:colcon.colcon_core.package_identification:_identify(saved_versions/home_baseline_20260803_075203) by extensions ['cmake', 'python']
[0.368s] Level 1:colcon.colcon_core.package_identification:_identify(saved_versions/home_baseline_20260803_075203) by extension 'cmake'
[0.368s] Level 1:colcon.colcon_core.package_identification:_identify(saved_versions/home_baseline_20260803_075203) by extension 'python'
[0.368s] Level 1:colcon.colcon_core.package_identification:_identify(saved_versions/home_baseline_20260803_075203) by extensions ['python_setup_py']
[0.368s] Level 1:colcon.colcon_core.package_identification:_identify(saved_versions/home_baseline_20260803_075203) by extension 'python_setup_py'
[0.368s] Level 1:colcon.colcon_core.package_identification:_identify(saved_versions/id7_gripper_fast_20260812_225205) by extensions ['ignore', 'ignore_ament_install']
[0.368s] Level 1:colcon.colcon_core.package_identification:_identify(saved_versions/id7_gripper_fast_20260812_225205) by extension 'ignore'
[0.368s] Level 1:colcon.colcon_core.package_identification:_identify(saved_versions/id7_gripper_fast_20260812_225205) by extension 'ignore_ament_install'
[0.368s] Level 1:colcon.colcon_core.package_identification:_identify(saved_versions/id7_gripper_fast_20260812_225205) by extensions ['colcon_pkg']
[0.368s] Level 1:colcon.colcon_core.package_identification:_identify(saved_versions/id7_gripper_fast_20260812_225205) by extension 'colcon_pkg'
[0.368s] Level 1:colcon.colcon_core.package_identification:_identify(saved_versions/id7_gripper_fast_20260812_225205) by extensions ['colcon_meta']
[0.368s] Level 1:colcon.colcon_core.package_identification:_identify(saved_versions/id7_gripper_fast_20260812_225205) by extension 'colcon_meta'
[0.368s] Level 1:colcon.colcon_core.package_identification:_identify(saved_versions/id7_gripper_fast_20260812_225205) by extensions ['ros']
[0.368s] Level 1:colcon.colcon_core.package_identification:_identify(saved_versions/id7_gripper_fast_20260812_225205) by extension 'ros'
[0.369s] Level 1:colcon.colcon_core.package_identification:_identify(saved_versions/id7_gripper_fast_20260812_225205) by extensions ['cmake', 'python']
[0.369s] Level 1:colcon.colcon_core.package_identification:_identify(saved_versions/id7_gripper_fast_20260812_225205) by extension 'cmake'
[0.369s] Level 1:colcon.colcon_core.package_identification:_identify(saved_versions/id7_gripper_fast_20260812_225205) by extension 'python'
[0.369s] Level 1:colcon.colcon_core.package_identification:_identify(saved_versions/id7_gripper_fast_20260812_225205) by extensions ['python_setup_py']
[0.369s] Level 1:colcon.colcon_core.package_identification:_identify(saved_versions/id7_gripper_fast_20260812_225205) by extension 'python_setup_py'
[0.369s] Level 1:colcon.colcon_core.package_identification:_identify(saved_versions/id7_gripper_speed_20260812_182929) by extensions ['ignore', 'ignore_ament_install']
[0.369s] Level 1:colcon.colcon_core.package_identification:_identify(saved_versions/id7_gripper_speed_20260812_182929) by extension 'ignore'
[0.369s] Level 1:colcon.colcon_core.package_identification:_identify(saved_versions/id7_gripper_speed_20260812_182929) by extension 'ignore_ament_install'
[0.369s] Level 1:colcon.colcon_core.package_identification:_identify(saved_versions/id7_gripper_speed_20260812_182929) by extensions ['colcon_pkg']
[0.369s] Level 1:colcon.colcon_core.package_identification:_identify(saved_versions/id7_gripper_speed_20260812_182929) by extension 'colcon_pkg'
[0.369s] Level 1:colcon.colcon_core.package_identification:_identify(saved_versions/id7_gripper_speed_20260812_182929) by extensions ['colcon_meta']
[0.369s] Level 1:colcon.colcon_core.package_identification:_identify(saved_versions/id7_gripper_speed_20260812_182929) by extension 'colcon_meta'
[0.369s] Level 1:colcon.colcon_core.package_identification:_identify(saved_versions/id7_gripper_speed_20260812_182929) by extensions ['ros']
[0.369s] Level 1:colcon.colcon_core.package_identification:_identify(saved_versions/id7_gripper_speed_20260812_182929) by extension 'ros'
[0.369s] Level 1:colcon.colcon_core.package_identification:_identify(saved_versions/id7_gripper_speed_20260812_182929) by extensions ['cmake', 'python']
[0.369s] Level 1:colcon.colcon_core.package_identification:_identify(saved_versions/id7_gripper_speed_20260812_182929) by extension 'cmake'
[0.369s] Level 1:colcon.colcon_core.package_identification:_identify(saved_versions/id7_gripper_speed_20260812_182929) by extension 'python'
[0.369s] Level 1:colcon.colcon_core.package_identification:_identify(saved_versions/id7_gripper_speed_20260812_182929) by extensions ['python_setup_py']
[0.369s] Level 1:colcon.colcon_core.package_identification:_identify(saved_versions/id7_gripper_speed_20260812_182929) by extension 'python_setup_py'
[0.370s] Level 1:colcon.colcon_core.package_identification:_identify(saved_versions/rk_direct_saved_20260725_vision_grasp) by extensions ['ignore', 'ignore_ament_install']
[0.370s] Level 1:colcon.colcon_core.package_identification:_identify(saved_versions/rk_direct_saved_20260725_vision_grasp) by extension 'ignore'
[0.370s] Level 1:colcon.colcon_core.package_identification:_identify(saved_versions/rk_direct_saved_20260725_vision_grasp) by extension 'ignore_ament_install'
[0.370s] Level 1:colcon.colcon_core.package_identification:_identify(saved_versions/rk_direct_saved_20260725_vision_grasp) by extensions ['colcon_pkg']
[0.370s] Level 1:colcon.colcon_core.package_identification:_identify(saved_versions/rk_direct_saved_20260725_vision_grasp) by extension 'colcon_pkg'
[0.370s] Level 1:colcon.colcon_core.package_identification:_identify(saved_versions/rk_direct_saved_20260725_vision_grasp) by extensions ['colcon_meta']
[0.370s] Level 1:colcon.colcon_core.package_identification:_identify(saved_versions/rk_direct_saved_20260725_vision_grasp) by extension 'colcon_meta'
[0.370s] Level 1:colcon.colcon_core.package_identification:_identify(saved_versions/rk_direct_saved_20260725_vision_grasp) by extensions ['ros']
[0.370s] Level 1:colcon.colcon_core.package_identification:_identify(saved_versions/rk_direct_saved_20260725_vision_grasp) by extension 'ros'
[0.370s] Level 1:colcon.colcon_core.package_identification:_identify(saved_versions/rk_direct_saved_20260725_vision_grasp) by extensions ['cmake', 'python']
[0.370s] Level 1:colcon.colcon_core.package_identification:_identify(saved_versions/rk_direct_saved_20260725_vision_grasp) by extension 'cmake'
[0.370s] Level 1:colcon.colcon_core.package_identification:_identify(saved_versions/rk_direct_saved_20260725_vision_grasp) by extension 'python'
[0.370s] Level 1:colcon.colcon_core.package_identification:_identify(saved_versions/rk_direct_saved_20260725_vision_grasp) by extensions ['python_setup_py']
[0.370s] Level 1:colcon.colcon_core.package_identification:_identify(saved_versions/rk_direct_saved_20260725_vision_grasp) by extension 'python_setup_py'
[0.370s] Level 1:colcon.colcon_core.package_identification:_identify(saved_versions/rk_h7_review_incremental_20260809_001640) by extensions ['ignore', 'ignore_ament_install']
[0.370s] Level 1:colcon.colcon_core.package_identification:_identify(saved_versions/rk_h7_review_incremental_20260809_001640) by extension 'ignore'
[0.370s] Level 1:colcon.colcon_core.package_identification:_identify(saved_versions/rk_h7_review_incremental_20260809_001640) by extension 'ignore_ament_install'
[0.371s] Level 1:colcon.colcon_core.package_identification:_identify(saved_versions/rk_h7_review_incremental_20260809_001640) by extensions ['colcon_pkg']
[0.371s] Level 1:colcon.colcon_core.package_identification:_identify(saved_versions/rk_h7_review_incremental_20260809_001640) by extension 'colcon_pkg'
[0.371s] Level 1:colcon.colcon_core.package_identification:_identify(saved_versions/rk_h7_review_incremental_20260809_001640) by extensions ['colcon_meta']
[0.371s] Level 1:colcon.colcon_core.package_identification:_identify(saved_versions/rk_h7_review_incremental_20260809_001640) by extension 'colcon_meta'
[0.371s] Level 1:colcon.colcon_core.package_identification:_identify(saved_versions/rk_h7_review_incremental_20260809_001640) by extensions ['ros']
[0.371s] Level 1:colcon.colcon_core.package_identification:_identify(saved_versions/rk_h7_review_incremental_20260809_001640) by extension 'ros'
[0.371s] Level 1:colcon.colcon_core.package_identification:_identify(saved_versions/rk_h7_review_incremental_20260809_001640) by extensions ['cmake', 'python']
[0.371s] Level 1:colcon.colcon_core.package_identification:_identify(saved_versions/rk_h7_review_incremental_20260809_001640) by extension 'cmake'
[0.371s] Level 1:colcon.colcon_core.package_identification:_identify(saved_versions/rk_h7_review_incremental_20260809_001640) by extension 'python'
[0.371s] Level 1:colcon.colcon_core.package_identification:_identify(saved_versions/rk_h7_review_incremental_20260809_001640) by extensions ['python_setup_py']
[0.371s] Level 1:colcon.colcon_core.package_identification:_identify(saved_versions/rk_h7_review_incremental_20260809_001640) by extension 'python_setup_py'
[0.371s] Level 1:colcon.colcon_core.package_identification:_identify(saved_versions/rk_h7_review_incremental_20260809_001640/ros2_test1) by extensions ['ignore', 'ignore_ament_install']
[0.371s] Level 1:colcon.colcon_core.package_identification:_identify(saved_versions/rk_h7_review_incremental_20260809_001640/ros2_test1) by extension 'ignore'
[0.371s] Level 1:colcon.colcon_core.package_identification:_identify(saved_versions/rk_h7_review_incremental_20260809_001640/ros2_test1) by extension 'ignore_ament_install'
[0.371s] Level 1:colcon.colcon_core.package_identification:_identify(saved_versions/rk_h7_review_incremental_20260809_001640/ros2_test1) by extensions ['colcon_pkg']
[0.371s] Level 1:colcon.colcon_core.package_identification:_identify(saved_versions/rk_h7_review_incremental_20260809_001640/ros2_test1) by extension 'colcon_pkg'
[0.371s] Level 1:colcon.colcon_core.package_identification:_identify(saved_versions/rk_h7_review_incremental_20260809_001640/ros2_test1) by extensions ['colcon_meta']
[0.371s] Level 1:colcon.colcon_core.package_identification:_identify(saved_versions/rk_h7_review_incremental_20260809_001640/ros2_test1) by extension 'colcon_meta'
[0.371s] Level 1:colcon.colcon_core.package_identification:_identify(saved_versions/rk_h7_review_incremental_20260809_001640/ros2_test1) by extensions ['ros']
[0.371s] Level 1:colcon.colcon_core.package_identification:_identify(saved_versions/rk_h7_review_incremental_20260809_001640/ros2_test1) by extension 'ros'
[0.372s] Level 1:colcon.colcon_core.package_identification:_identify(saved_versions/rk_h7_review_incremental_20260809_001640/ros2_test1) by extensions ['cmake', 'python']
[0.372s] Level 1:colcon.colcon_core.package_identification:_identify(saved_versions/rk_h7_review_incremental_20260809_001640/ros2_test1) by extension 'cmake'
[0.372s] Level 1:colcon.colcon_core.package_identification:_identify(saved_versions/rk_h7_review_incremental_20260809_001640/ros2_test1) by extension 'python'
[0.372s] Level 1:colcon.colcon_core.package_identification:_identify(saved_versions/rk_h7_review_incremental_20260809_001640/ros2_test1) by extensions ['python_setup_py']
[0.372s] Level 1:colcon.colcon_core.package_identification:_identify(saved_versions/rk_h7_review_incremental_20260809_001640/ros2_test1) by extension 'python_setup_py'
[0.372s] Level 1:colcon.colcon_core.package_identification:_identify(saved_versions/rk_h7_review_incremental_20260809_001640/ros2_test1/ros2_test1) by extensions ['ignore', 'ignore_ament_install']
[0.372s] Level 1:colcon.colcon_core.package_identification:_identify(saved_versions/rk_h7_review_incremental_20260809_001640/ros2_test1/ros2_test1) by extension 'ignore'
[0.372s] Level 1:colcon.colcon_core.package_identification:_identify(saved_versions/rk_h7_review_incremental_20260809_001640/ros2_test1/ros2_test1) by extension 'ignore_ament_install'
[0.372s] Level 1:colcon.colcon_core.package_identification:_identify(saved_versions/rk_h7_review_incremental_20260809_001640/ros2_test1/ros2_test1) by extensions ['colcon_pkg']
[0.372s] Level 1:colcon.colcon_core.package_identification:_identify(saved_versions/rk_h7_review_incremental_20260809_001640/ros2_test1/ros2_test1) by extension 'colcon_pkg'
[0.372s] Level 1:colcon.colcon_core.package_identification:_identify(saved_versions/rk_h7_review_incremental_20260809_001640/ros2_test1/ros2_test1) by extensions ['colcon_meta']
[0.372s] Level 1:colcon.colcon_core.package_identification:_identify(saved_versions/rk_h7_review_incremental_20260809_001640/ros2_test1/ros2_test1) by extension 'colcon_meta'
[0.372s] Level 1:colcon.colcon_core.package_identification:_identify(saved_versions/rk_h7_review_incremental_20260809_001640/ros2_test1/ros2_test1) by extensions ['ros']
[0.372s] Level 1:colcon.colcon_core.package_identification:_identify(saved_versions/rk_h7_review_incremental_20260809_001640/ros2_test1/ros2_test1) by extension 'ros'
[0.372s] Level 1:colcon.colcon_core.package_identification:_identify(saved_versions/rk_h7_review_incremental_20260809_001640/ros2_test1/ros2_test1) by extensions ['cmake', 'python']
[0.372s] Level 1:colcon.colcon_core.package_identification:_identify(saved_versions/rk_h7_review_incremental_20260809_001640/ros2_test1/ros2_test1) by extension 'cmake'
[0.372s] Level 1:colcon.colcon_core.package_identification:_identify(saved_versions/rk_h7_review_incremental_20260809_001640/ros2_test1/ros2_test1) by extension 'python'
[0.372s] Level 1:colcon.colcon_core.package_identification:_identify(saved_versions/rk_h7_review_incremental_20260809_001640/ros2_test1/ros2_test1) by extensions ['python_setup_py']
[0.372s] Level 1:colcon.colcon_core.package_identification:_identify(saved_versions/rk_h7_review_incremental_20260809_001640/ros2_test1/ros2_test1) by extension 'python_setup_py'
[0.373s] Level 1:colcon.colcon_core.package_identification:_identify(saved_versions/rk_h7_review_incremental_20260809_001640/ros2_test1/test) by extensions ['ignore', 'ignore_ament_install']
[0.373s] Level 1:colcon.colcon_core.package_identification:_identify(saved_versions/rk_h7_review_incremental_20260809_001640/ros2_test1/test) by extension 'ignore'
[0.373s] Level 1:colcon.colcon_core.package_identification:_identify(saved_versions/rk_h7_review_incremental_20260809_001640/ros2_test1/test) by extension 'ignore_ament_install'
[0.373s] Level 1:colcon.colcon_core.package_identification:_identify(saved_versions/rk_h7_review_incremental_20260809_001640/ros2_test1/test) by extensions ['colcon_pkg']
[0.373s] Level 1:colcon.colcon_core.package_identification:_identify(saved_versions/rk_h7_review_incremental_20260809_001640/ros2_test1/test) by extension 'colcon_pkg'
[0.373s] Level 1:colcon.colcon_core.package_identification:_identify(saved_versions/rk_h7_review_incremental_20260809_001640/ros2_test1/test) by extensions ['colcon_meta']
[0.373s] Level 1:colcon.colcon_core.package_identification:_identify(saved_versions/rk_h7_review_incremental_20260809_001640/ros2_test1/test) by extension 'colcon_meta'
[0.373s] Level 1:colcon.colcon_core.package_identification:_identify(saved_versions/rk_h7_review_incremental_20260809_001640/ros2_test1/test) by extensions ['ros']
[0.373s] Level 1:colcon.colcon_core.package_identification:_identify(saved_versions/rk_h7_review_incremental_20260809_001640/ros2_test1/test) by extension 'ros'
[0.373s] Level 1:colcon.colcon_core.package_identification:_identify(saved_versions/rk_h7_review_incremental_20260809_001640/ros2_test1/test) by extensions ['cmake', 'python']
[0.373s] Level 1:colcon.colcon_core.package_identification:_identify(saved_versions/rk_h7_review_incremental_20260809_001640/ros2_test1/test) by extension 'cmake'
[0.373s] Level 1:colcon.colcon_core.package_identification:_identify(saved_versions/rk_h7_review_incremental_20260809_001640/ros2_test1/test) by extension 'python'
[0.373s] Level 1:colcon.colcon_core.package_identification:_identify(saved_versions/rk_h7_review_incremental_20260809_001640/ros2_test1/test) by extensions ['python_setup_py']
[0.373s] Level 1:colcon.colcon_core.package_identification:_identify(saved_versions/rk_h7_review_incremental_20260809_001640/ros2_test1/test) by extension 'python_setup_py'
[0.373s] Level 1:colcon.colcon_core.package_identification:_identify(saved_versions/rk_h7_review_rc_removed) by extensions ['ignore', 'ignore_ament_install']
[0.373s] Level 1:colcon.colcon_core.package_identification:_identify(saved_versions/rk_h7_review_rc_removed) by extension 'ignore'
[0.373s] Level 1:colcon.colcon_core.package_identification:_identify(saved_versions/rk_h7_review_rc_removed) by extension 'ignore_ament_install'
[0.374s] Level 1:colcon.colcon_core.package_identification:_identify(saved_versions/rk_h7_review_rc_removed) by extensions ['colcon_pkg']
[0.374s] Level 1:colcon.colcon_core.package_identification:_identify(saved_versions/rk_h7_review_rc_removed) by extension 'colcon_pkg'
[0.374s] Level 1:colcon.colcon_core.package_identification:_identify(saved_versions/rk_h7_review_rc_removed) by extensions ['colcon_meta']
[0.374s] Level 1:colcon.colcon_core.package_identification:_identify(saved_versions/rk_h7_review_rc_removed) by extension 'colcon_meta'
[0.374s] Level 1:colcon.colcon_core.package_identification:_identify(saved_versions/rk_h7_review_rc_removed) by extensions ['ros']
[0.374s] Level 1:colcon.colcon_core.package_identification:_identify(saved_versions/rk_h7_review_rc_removed) by extension 'ros'
[0.374s] Level 1:colcon.colcon_core.package_identification:_identify(saved_versions/rk_h7_review_rc_removed) by extensions ['cmake', 'python']
[0.374s] Level 1:colcon.colcon_core.package_identification:_identify(saved_versions/rk_h7_review_rc_removed) by extension 'cmake'
[0.374s] Level 1:colcon.colcon_core.package_identification:_identify(saved_versions/rk_h7_review_rc_removed) by extension 'python'
[0.374s] Level 1:colcon.colcon_core.package_identification:_identify(saved_versions/rk_h7_review_rc_removed) by extensions ['python_setup_py']
[0.374s] Level 1:colcon.colcon_core.package_identification:_identify(saved_versions/rk_h7_review_rc_removed) by extension 'python_setup_py'
[0.374s] Level 1:colcon.colcon_core.package_identification:_identify(saved_versions/rk_h7_review_ready_guard_20260809_002216) by extensions ['ignore', 'ignore_ament_install']
[0.374s] Level 1:colcon.colcon_core.package_identification:_identify(saved_versions/rk_h7_review_ready_guard_20260809_002216) by extension 'ignore'
[0.374s] Level 1:colcon.colcon_core.package_identification:_identify(saved_versions/rk_h7_review_ready_guard_20260809_002216) by extension 'ignore_ament_install'
[0.374s] Level 1:colcon.colcon_core.package_identification:_identify(saved_versions/rk_h7_review_ready_guard_20260809_002216) by extensions ['colcon_pkg']
[0.374s] Level 1:colcon.colcon_core.package_identification:_identify(saved_versions/rk_h7_review_ready_guard_20260809_002216) by extension 'colcon_pkg'
[0.374s] Level 1:colcon.colcon_core.package_identification:_identify(saved_versions/rk_h7_review_ready_guard_20260809_002216) by extensions ['colcon_meta']
[0.374s] Level 1:colcon.colcon_core.package_identification:_identify(saved_versions/rk_h7_review_ready_guard_20260809_002216) by extension 'colcon_meta'
[0.374s] Level 1:colcon.colcon_core.package_identification:_identify(saved_versions/rk_h7_review_ready_guard_20260809_002216) by extensions ['ros']
[0.374s] Level 1:colcon.colcon_core.package_identification:_identify(saved_versions/rk_h7_review_ready_guard_20260809_002216) by extension 'ros'
[0.375s] Level 1:colcon.colcon_core.package_identification:_identify(saved_versions/rk_h7_review_ready_guard_20260809_002216) by extensions ['cmake', 'python']
[0.375s] Level 1:colcon.colcon_core.package_identification:_identify(saved_versions/rk_h7_review_ready_guard_20260809_002216) by extension 'cmake'
[0.375s] Level 1:colcon.colcon_core.package_identification:_identify(saved_versions/rk_h7_review_ready_guard_20260809_002216) by extension 'python'
[0.375s] Level 1:colcon.colcon_core.package_identification:_identify(saved_versions/rk_h7_review_ready_guard_20260809_002216) by extensions ['python_setup_py']
[0.375s] Level 1:colcon.colcon_core.package_identification:_identify(saved_versions/rk_h7_review_ready_guard_20260809_002216) by extension 'python_setup_py'
[0.375s] Level 1:colcon.colcon_core.package_identification:_identify(saved_versions/rk_h7_review_ready_guard_20260809_002216/ros2_test1) by extensions ['ignore', 'ignore_ament_install']
[0.375s] Level 1:colcon.colcon_core.package_identification:_identify(saved_versions/rk_h7_review_ready_guard_20260809_002216/ros2_test1) by extension 'ignore'
[0.375s] Level 1:colcon.colcon_core.package_identification:_identify(saved_versions/rk_h7_review_ready_guard_20260809_002216/ros2_test1) by extension 'ignore_ament_install'
[0.375s] Level 1:colcon.colcon_core.package_identification:_identify(saved_versions/rk_h7_review_ready_guard_20260809_002216/ros2_test1) by extensions ['colcon_pkg']
[0.375s] Level 1:colcon.colcon_core.package_identification:_identify(saved_versions/rk_h7_review_ready_guard_20260809_002216/ros2_test1) by extension 'colcon_pkg'
[0.375s] Level 1:colcon.colcon_core.package_identification:_identify(saved_versions/rk_h7_review_ready_guard_20260809_002216/ros2_test1) by extensions ['colcon_meta']
[0.375s] Level 1:colcon.colcon_core.package_identification:_identify(saved_versions/rk_h7_review_ready_guard_20260809_002216/ros2_test1) by extension 'colcon_meta'
[0.375s] Level 1:colcon.colcon_core.package_identification:_identify(saved_versions/rk_h7_review_ready_guard_20260809_002216/ros2_test1) by extensions ['ros']
[0.375s] Level 1:colcon.colcon_core.package_identification:_identify(saved_versions/rk_h7_review_ready_guard_20260809_002216/ros2_test1) by extension 'ros'
[0.375s] Level 1:colcon.colcon_core.package_identification:_identify(saved_versions/rk_h7_review_ready_guard_20260809_002216/ros2_test1) by extensions ['cmake', 'python']
[0.375s] Level 1:colcon.colcon_core.package_identification:_identify(saved_versions/rk_h7_review_ready_guard_20260809_002216/ros2_test1) by extension 'cmake'
[0.375s] Level 1:colcon.colcon_core.package_identification:_identify(saved_versions/rk_h7_review_ready_guard_20260809_002216/ros2_test1) by extension 'python'
[0.375s] Level 1:colcon.colcon_core.package_identification:_identify(saved_versions/rk_h7_review_ready_guard_20260809_002216/ros2_test1) by extensions ['python_setup_py']
[0.375s] Level 1:colcon.colcon_core.package_identification:_identify(saved_versions/rk_h7_review_ready_guard_20260809_002216/ros2_test1) by extension 'python_setup_py'
[0.376s] Level 1:colcon.colcon_core.package_identification:_identify(saved_versions/rk_h7_review_ready_guard_20260809_002216/ros2_test1/ros2_test1) by extensions ['ignore', 'ignore_ament_install']
[0.376s] Level 1:colcon.colcon_core.package_identification:_identify(saved_versions/rk_h7_review_ready_guard_20260809_002216/ros2_test1/ros2_test1) by extension 'ignore'
[0.376s] Level 1:colcon.colcon_core.package_identification:_identify(saved_versions/rk_h7_review_ready_guard_20260809_002216/ros2_test1/ros2_test1) by extension 'ignore_ament_install'
[0.376s] Level 1:colcon.colcon_core.package_identification:_identify(saved_versions/rk_h7_review_ready_guard_20260809_002216/ros2_test1/ros2_test1) by extensions ['colcon_pkg']
[0.376s] Level 1:colcon.colcon_core.package_identification:_identify(saved_versions/rk_h7_review_ready_guard_20260809_002216/ros2_test1/ros2_test1) by extension 'colcon_pkg'
[0.376s] Level 1:colcon.colcon_core.package_identification:_identify(saved_versions/rk_h7_review_ready_guard_20260809_002216/ros2_test1/ros2_test1) by extensions ['colcon_meta']
[0.376s] Level 1:colcon.colcon_core.package_identification:_identify(saved_versions/rk_h7_review_ready_guard_20260809_002216/ros2_test1/ros2_test1) by extension 'colcon_meta'
[0.376s] Level 1:colcon.colcon_core.package_identification:_identify(saved_versions/rk_h7_review_ready_guard_20260809_002216/ros2_test1/ros2_test1) by extensions ['ros']
[0.376s] Level 1:colcon.colcon_core.package_identification:_identify(saved_versions/rk_h7_review_ready_guard_20260809_002216/ros2_test1/ros2_test1) by extension 'ros'
[0.376s] Level 1:colcon.colcon_core.package_identification:_identify(saved_versions/rk_h7_review_ready_guard_20260809_002216/ros2_test1/ros2_test1) by extensions ['cmake', 'python']
[0.376s] Level 1:colcon.colcon_core.package_identification:_identify(saved_versions/rk_h7_review_ready_guard_20260809_002216/ros2_test1/ros2_test1) by extension 'cmake'
[0.376s] Level 1:colcon.colcon_core.package_identification:_identify(saved_versions/rk_h7_review_ready_guard_20260809_002216/ros2_test1/ros2_test1) by extension 'python'
[0.376s] Level 1:colcon.colcon_core.package_identification:_identify(saved_versions/rk_h7_review_ready_guard_20260809_002216/ros2_test1/ros2_test1) by extensions ['python_setup_py']
[0.376s] Level 1:colcon.colcon_core.package_identification:_identify(saved_versions/rk_h7_review_ready_guard_20260809_002216/ros2_test1/ros2_test1) by extension 'python_setup_py'
[0.376s] Level 1:colcon.colcon_core.package_identification:_identify(saved_versions/rk_h7_review_ready_guard_20260809_002216/ros2_test1/test) by extensions ['ignore', 'ignore_ament_install']
[0.376s] Level 1:colcon.colcon_core.package_identification:_identify(saved_versions/rk_h7_review_ready_guard_20260809_002216/ros2_test1/test) by extension 'ignore'
[0.376s] Level 1:colcon.colcon_core.package_identification:_identify(saved_versions/rk_h7_review_ready_guard_20260809_002216/ros2_test1/test) by extension 'ignore_ament_install'
[0.377s] Level 1:colcon.colcon_core.package_identification:_identify(saved_versions/rk_h7_review_ready_guard_20260809_002216/ros2_test1/test) by extensions ['colcon_pkg']
[0.377s] Level 1:colcon.colcon_core.package_identification:_identify(saved_versions/rk_h7_review_ready_guard_20260809_002216/ros2_test1/test) by extension 'colcon_pkg'
[0.377s] Level 1:colcon.colcon_core.package_identification:_identify(saved_versions/rk_h7_review_ready_guard_20260809_002216/ros2_test1/test) by extensions ['colcon_meta']
[0.377s] Level 1:colcon.colcon_core.package_identification:_identify(saved_versions/rk_h7_review_ready_guard_20260809_002216/ros2_test1/test) by extension 'colcon_meta'
[0.377s] Level 1:colcon.colcon_core.package_identification:_identify(saved_versions/rk_h7_review_ready_guard_20260809_002216/ros2_test1/test) by extensions ['ros']
[0.377s] Level 1:colcon.colcon_core.package_identification:_identify(saved_versions/rk_h7_review_ready_guard_20260809_002216/ros2_test1/test) by extension 'ros'
[0.377s] Level 1:colcon.colcon_core.package_identification:_identify(saved_versions/rk_h7_review_ready_guard_20260809_002216/ros2_test1/test) by extensions ['cmake', 'python']
[0.377s] Level 1:colcon.colcon_core.package_identification:_identify(saved_versions/rk_h7_review_ready_guard_20260809_002216/ros2_test1/test) by extension 'cmake'
[0.377s] Level 1:colcon.colcon_core.package_identification:_identify(saved_versions/rk_h7_review_ready_guard_20260809_002216/ros2_test1/test) by extension 'python'
[0.377s] Level 1:colcon.colcon_core.package_identification:_identify(saved_versions/rk_h7_review_ready_guard_20260809_002216/ros2_test1/test) by extensions ['python_setup_py']
[0.377s] Level 1:colcon.colcon_core.package_identification:_identify(saved_versions/rk_h7_review_ready_guard_20260809_002216/ros2_test1/test) by extension 'python_setup_py'
[0.377s] Level 1:colcon.colcon_core.package_identification:_identify(saved_versions/task1_disc_catch_20260812_193435) by extensions ['ignore', 'ignore_ament_install']
[0.377s] Level 1:colcon.colcon_core.package_identification:_identify(saved_versions/task1_disc_catch_20260812_193435) by extension 'ignore'
[0.377s] Level 1:colcon.colcon_core.package_identification:_identify(saved_versions/task1_disc_catch_20260812_193435) by extension 'ignore_ament_install'
[0.377s] Level 1:colcon.colcon_core.package_identification:_identify(saved_versions/task1_disc_catch_20260812_193435) by extensions ['colcon_pkg']
[0.377s] Level 1:colcon.colcon_core.package_identification:_identify(saved_versions/task1_disc_catch_20260812_193435) by extension 'colcon_pkg'
[0.377s] Level 1:colcon.colcon_core.package_identification:_identify(saved_versions/task1_disc_catch_20260812_193435) by extensions ['colcon_meta']
[0.377s] Level 1:colcon.colcon_core.package_identification:_identify(saved_versions/task1_disc_catch_20260812_193435) by extension 'colcon_meta'
[0.377s] Level 1:colcon.colcon_core.package_identification:_identify(saved_versions/task1_disc_catch_20260812_193435) by extensions ['ros']
[0.377s] Level 1:colcon.colcon_core.package_identification:_identify(saved_versions/task1_disc_catch_20260812_193435) by extension 'ros'
[0.378s] Level 1:colcon.colcon_core.package_identification:_identify(saved_versions/task1_disc_catch_20260812_193435) by extensions ['cmake', 'python']
[0.378s] Level 1:colcon.colcon_core.package_identification:_identify(saved_versions/task1_disc_catch_20260812_193435) by extension 'cmake'
[0.378s] Level 1:colcon.colcon_core.package_identification:_identify(saved_versions/task1_disc_catch_20260812_193435) by extension 'python'
[0.378s] Level 1:colcon.colcon_core.package_identification:_identify(saved_versions/task1_disc_catch_20260812_193435) by extensions ['python_setup_py']
[0.378s] Level 1:colcon.colcon_core.package_identification:_identify(saved_versions/task1_disc_catch_20260812_193435) by extension 'python_setup_py'
[0.378s] Level 1:colcon.colcon_core.package_identification:_identify(saved_versions/task1_fixed_id1_id2_20260813_055405) by extensions ['ignore', 'ignore_ament_install']
[0.378s] Level 1:colcon.colcon_core.package_identification:_identify(saved_versions/task1_fixed_id1_id2_20260813_055405) by extension 'ignore'
[0.378s] Level 1:colcon.colcon_core.package_identification:_identify(saved_versions/task1_fixed_id1_id2_20260813_055405) by extension 'ignore_ament_install'
[0.378s] Level 1:colcon.colcon_core.package_identification:_identify(saved_versions/task1_fixed_id1_id2_20260813_055405) by extensions ['colcon_pkg']
[0.378s] Level 1:colcon.colcon_core.package_identification:_identify(saved_versions/task1_fixed_id1_id2_20260813_055405) by extension 'colcon_pkg'
[0.378s] Level 1:colcon.colcon_core.package_identification:_identify(saved_versions/task1_fixed_id1_id2_20260813_055405) by extensions ['colcon_meta']
[0.378s] Level 1:colcon.colcon_core.package_identification:_identify(saved_versions/task1_fixed_id1_id2_20260813_055405) by extension 'colcon_meta'
[0.378s] Level 1:colcon.colcon_core.package_identification:_identify(saved_versions/task1_fixed_id1_id2_20260813_055405) by extensions ['ros']
[0.378s] Level 1:colcon.colcon_core.package_identification:_identify(saved_versions/task1_fixed_id1_id2_20260813_055405) by extension 'ros'
[0.378s] Level 1:colcon.colcon_core.package_identification:_identify(saved_versions/task1_fixed_id1_id2_20260813_055405) by extensions ['cmake', 'python']
[0.378s] Level 1:colcon.colcon_core.package_identification:_identify(saved_versions/task1_fixed_id1_id2_20260813_055405) by extension 'cmake'
[0.378s] Level 1:colcon.colcon_core.package_identification:_identify(saved_versions/task1_fixed_id1_id2_20260813_055405) by extension 'python'
[0.378s] Level 1:colcon.colcon_core.package_identification:_identify(saved_versions/task1_fixed_id1_id2_20260813_055405) by extensions ['python_setup_py']
[0.378s] Level 1:colcon.colcon_core.package_identification:_identify(saved_versions/task1_fixed_id1_id2_20260813_055405) by extension 'python_setup_py'
[0.379s] Level 1:colcon.colcon_core.package_identification:_identify(saved_versions/task1_fixed_id1_id2_20260813_055405/ros2_test1) by extensions ['ignore', 'ignore_ament_install']
[0.379s] Level 1:colcon.colcon_core.package_identification:_identify(saved_versions/task1_fixed_id1_id2_20260813_055405/ros2_test1) by extension 'ignore'
[0.379s] Level 1:colcon.colcon_core.package_identification:_identify(saved_versions/task1_fixed_id1_id2_20260813_055405/ros2_test1) by extension 'ignore_ament_install'
[0.379s] Level 1:colcon.colcon_core.package_identification:_identify(saved_versions/task1_fixed_id1_id2_20260813_055405/ros2_test1) by extensions ['colcon_pkg']
[0.379s] Level 1:colcon.colcon_core.package_identification:_identify(saved_versions/task1_fixed_id1_id2_20260813_055405/ros2_test1) by extension 'colcon_pkg'
[0.379s] Level 1:colcon.colcon_core.package_identification:_identify(saved_versions/task1_fixed_id1_id2_20260813_055405/ros2_test1) by extensions ['colcon_meta']
[0.379s] Level 1:colcon.colcon_core.package_identification:_identify(saved_versions/task1_fixed_id1_id2_20260813_055405/ros2_test1) by extension 'colcon_meta'
[0.379s] Level 1:colcon.colcon_core.package_identification:_identify(saved_versions/task1_fixed_id1_id2_20260813_055405/ros2_test1) by extensions ['ros']
[0.379s] Level 1:colcon.colcon_core.package_identification:_identify(saved_versions/task1_fixed_id1_id2_20260813_055405/ros2_test1) by extension 'ros'
[0.379s] Level 1:colcon.colcon_core.package_identification:_identify(saved_versions/task1_fixed_id1_id2_20260813_055405/ros2_test1) by extensions ['cmake', 'python']
[0.379s] Level 1:colcon.colcon_core.package_identification:_identify(saved_versions/task1_fixed_id1_id2_20260813_055405/ros2_test1) by extension 'cmake'
[0.379s] Level 1:colcon.colcon_core.package_identification:_identify(saved_versions/task1_fixed_id1_id2_20260813_055405/ros2_test1) by extension 'python'
[0.379s] Level 1:colcon.colcon_core.package_identification:_identify(saved_versions/task1_fixed_id1_id2_20260813_055405/ros2_test1) by extensions ['python_setup_py']
[0.379s] Level 1:colcon.colcon_core.package_identification:_identify(saved_versions/task1_fixed_id1_id2_20260813_055405/ros2_test1) by extension 'python_setup_py'
[0.379s] Level 1:colcon.colcon_core.package_identification:_identify(saved_versions/task1_fixed_id1_id2_20260813_055405/ros2_test1/ros2_test1) by extensions ['ignore', 'ignore_ament_install']
[0.379s] Level 1:colcon.colcon_core.package_identification:_identify(saved_versions/task1_fixed_id1_id2_20260813_055405/ros2_test1/ros2_test1) by extension 'ignore'
[0.379s] Level 1:colcon.colcon_core.package_identification:_identify(saved_versions/task1_fixed_id1_id2_20260813_055405/ros2_test1/ros2_test1) by extension 'ignore_ament_install'
[0.379s] Level 1:colcon.colcon_core.package_identification:_identify(saved_versions/task1_fixed_id1_id2_20260813_055405/ros2_test1/ros2_test1) by extensions ['colcon_pkg']
[0.380s] Level 1:colcon.colcon_core.package_identification:_identify(saved_versions/task1_fixed_id1_id2_20260813_055405/ros2_test1/ros2_test1) by extension 'colcon_pkg'
[0.380s] Level 1:colcon.colcon_core.package_identification:_identify(saved_versions/task1_fixed_id1_id2_20260813_055405/ros2_test1/ros2_test1) by extensions ['colcon_meta']
[0.380s] Level 1:colcon.colcon_core.package_identification:_identify(saved_versions/task1_fixed_id1_id2_20260813_055405/ros2_test1/ros2_test1) by extension 'colcon_meta'
[0.380s] Level 1:colcon.colcon_core.package_identification:_identify(saved_versions/task1_fixed_id1_id2_20260813_055405/ros2_test1/ros2_test1) by extensions ['ros']
[0.380s] Level 1:colcon.colcon_core.package_identification:_identify(saved_versions/task1_fixed_id1_id2_20260813_055405/ros2_test1/ros2_test1) by extension 'ros'
[0.380s] Level 1:colcon.colcon_core.package_identification:_identify(saved_versions/task1_fixed_id1_id2_20260813_055405/ros2_test1/ros2_test1) by extensions ['cmake', 'python']
[0.380s] Level 1:colcon.colcon_core.package_identification:_identify(saved_versions/task1_fixed_id1_id2_20260813_055405/ros2_test1/ros2_test1) by extension 'cmake'
[0.380s] Level 1:colcon.colcon_core.package_identification:_identify(saved_versions/task1_fixed_id1_id2_20260813_055405/ros2_test1/ros2_test1) by extension 'python'
[0.380s] Level 1:colcon.colcon_core.package_identification:_identify(saved_versions/task1_fixed_id1_id2_20260813_055405/ros2_test1/ros2_test1) by extensions ['python_setup_py']
[0.380s] Level 1:colcon.colcon_core.package_identification:_identify(saved_versions/task1_fixed_id1_id2_20260813_055405/ros2_test1/ros2_test1) by extension 'python_setup_py'
[0.380s] Level 1:colcon.colcon_core.package_identification:_identify(saved_versions/task1_prep_high_20260813_060307) by extensions ['ignore', 'ignore_ament_install']
[0.380s] Level 1:colcon.colcon_core.package_identification:_identify(saved_versions/task1_prep_high_20260813_060307) by extension 'ignore'
[0.380s] Level 1:colcon.colcon_core.package_identification:_identify(saved_versions/task1_prep_high_20260813_060307) by extension 'ignore_ament_install'
[0.380s] Level 1:colcon.colcon_core.package_identification:_identify(saved_versions/task1_prep_high_20260813_060307) by extensions ['colcon_pkg']
[0.380s] Level 1:colcon.colcon_core.package_identification:_identify(saved_versions/task1_prep_high_20260813_060307) by extension 'colcon_pkg'
[0.380s] Level 1:colcon.colcon_core.package_identification:_identify(saved_versions/task1_prep_high_20260813_060307) by extensions ['colcon_meta']
[0.380s] Level 1:colcon.colcon_core.package_identification:_identify(saved_versions/task1_prep_high_20260813_060307) by extension 'colcon_meta'
[0.380s] Level 1:colcon.colcon_core.package_identification:_identify(saved_versions/task1_prep_high_20260813_060307) by extensions ['ros']
[0.380s] Level 1:colcon.colcon_core.package_identification:_identify(saved_versions/task1_prep_high_20260813_060307) by extension 'ros'
[0.381s] Level 1:colcon.colcon_core.package_identification:_identify(saved_versions/task1_prep_high_20260813_060307) by extensions ['cmake', 'python']
[0.381s] Level 1:colcon.colcon_core.package_identification:_identify(saved_versions/task1_prep_high_20260813_060307) by extension 'cmake'
[0.381s] Level 1:colcon.colcon_core.package_identification:_identify(saved_versions/task1_prep_high_20260813_060307) by extension 'python'
[0.381s] Level 1:colcon.colcon_core.package_identification:_identify(saved_versions/task1_prep_high_20260813_060307) by extensions ['python_setup_py']
[0.381s] Level 1:colcon.colcon_core.package_identification:_identify(saved_versions/task1_prep_high_20260813_060307) by extension 'python_setup_py'
[0.381s] Level 1:colcon.colcon_core.package_identification:_identify(saved_versions/task1_prep_high_20260813_060307/ros2_test1) by extensions ['ignore', 'ignore_ament_install']
[0.381s] Level 1:colcon.colcon_core.package_identification:_identify(saved_versions/task1_prep_high_20260813_060307/ros2_test1) by extension 'ignore'
[0.381s] Level 1:colcon.colcon_core.package_identification:_identify(saved_versions/task1_prep_high_20260813_060307/ros2_test1) by extension 'ignore_ament_install'
[0.381s] Level 1:colcon.colcon_core.package_identification:_identify(saved_versions/task1_prep_high_20260813_060307/ros2_test1) by extensions ['colcon_pkg']
[0.381s] Level 1:colcon.colcon_core.package_identification:_identify(saved_versions/task1_prep_high_20260813_060307/ros2_test1) by extension 'colcon_pkg'
[0.381s] Level 1:colcon.colcon_core.package_identification:_identify(saved_versions/task1_prep_high_20260813_060307/ros2_test1) by extensions ['colcon_meta']
[0.381s] Level 1:colcon.colcon_core.package_identification:_identify(saved_versions/task1_prep_high_20260813_060307/ros2_test1) by extension 'colcon_meta'
[0.381s] Level 1:colcon.colcon_core.package_identification:_identify(saved_versions/task1_prep_high_20260813_060307/ros2_test1) by extensions ['ros']
[0.381s] Level 1:colcon.colcon_core.package_identification:_identify(saved_versions/task1_prep_high_20260813_060307/ros2_test1) by extension 'ros'
[0.381s] Level 1:colcon.colcon_core.package_identification:_identify(saved_versions/task1_prep_high_20260813_060307/ros2_test1) by extensions ['cmake', 'python']
[0.381s] Level 1:colcon.colcon_core.package_identification:_identify(saved_versions/task1_prep_high_20260813_060307/ros2_test1) by extension 'cmake'
[0.381s] Level 1:colcon.colcon_core.package_identification:_identify(saved_versions/task1_prep_high_20260813_060307/ros2_test1) by extension 'python'
[0.381s] Level 1:colcon.colcon_core.package_identification:_identify(saved_versions/task1_prep_high_20260813_060307/ros2_test1) by extensions ['python_setup_py']
[0.381s] Level 1:colcon.colcon_core.package_identification:_identify(saved_versions/task1_prep_high_20260813_060307/ros2_test1) by extension 'python_setup_py'
[0.382s] Level 1:colcon.colcon_core.package_identification:_identify(saved_versions/task1_prep_high_20260813_060307/ros2_test1/ros2_test1) by extensions ['ignore', 'ignore_ament_install']
[0.382s] Level 1:colcon.colcon_core.package_identification:_identify(saved_versions/task1_prep_high_20260813_060307/ros2_test1/ros2_test1) by extension 'ignore'
[0.382s] Level 1:colcon.colcon_core.package_identification:_identify(saved_versions/task1_prep_high_20260813_060307/ros2_test1/ros2_test1) by extension 'ignore_ament_install'
[0.382s] Level 1:colcon.colcon_core.package_identification:_identify(saved_versions/task1_prep_high_20260813_060307/ros2_test1/ros2_test1) by extensions ['colcon_pkg']
[0.382s] Level 1:colcon.colcon_core.package_identification:_identify(saved_versions/task1_prep_high_20260813_060307/ros2_test1/ros2_test1) by extension 'colcon_pkg'
[0.382s] Level 1:colcon.colcon_core.package_identification:_identify(saved_versions/task1_prep_high_20260813_060307/ros2_test1/ros2_test1) by extensions ['colcon_meta']
[0.382s] Level 1:colcon.colcon_core.package_identification:_identify(saved_versions/task1_prep_high_20260813_060307/ros2_test1/ros2_test1) by extension 'colcon_meta'
[0.382s] Level 1:colcon.colcon_core.package_identification:_identify(saved_versions/task1_prep_high_20260813_060307/ros2_test1/ros2_test1) by extensions ['ros']
[0.382s] Level 1:colcon.colcon_core.package_identification:_identify(saved_versions/task1_prep_high_20260813_060307/ros2_test1/ros2_test1) by extension 'ros'
[0.382s] Level 1:colcon.colcon_core.package_identification:_identify(saved_versions/task1_prep_high_20260813_060307/ros2_test1/ros2_test1) by extensions ['cmake', 'python']
[0.382s] Level 1:colcon.colcon_core.package_identification:_identify(saved_versions/task1_prep_high_20260813_060307/ros2_test1/ros2_test1) by extension 'cmake'
[0.382s] Level 1:colcon.colcon_core.package_identification:_identify(saved_versions/task1_prep_high_20260813_060307/ros2_test1/ros2_test1) by extension 'python'
[0.382s] Level 1:colcon.colcon_core.package_identification:_identify(saved_versions/task1_prep_high_20260813_060307/ros2_test1/ros2_test1) by extensions ['python_setup_py']
[0.382s] Level 1:colcon.colcon_core.package_identification:_identify(saved_versions/task1_prep_high_20260813_060307/ros2_test1/ros2_test1) by extension 'python_setup_py'
[0.382s] Level 1:colcon.colcon_core.package_identification:_identify(saved_versions/task1_prep_seq_20260813_060603) by extensions ['ignore', 'ignore_ament_install']
[0.382s] Level 1:colcon.colcon_core.package_identification:_identify(saved_versions/task1_prep_seq_20260813_060603) by extension 'ignore'
[0.382s] Level 1:colcon.colcon_core.package_identification:_identify(saved_versions/task1_prep_seq_20260813_060603) by extension 'ignore_ament_install'
[0.382s] Level 1:colcon.colcon_core.package_identification:_identify(saved_versions/task1_prep_seq_20260813_060603) by extensions ['colcon_pkg']
[0.383s] Level 1:colcon.colcon_core.package_identification:_identify(saved_versions/task1_prep_seq_20260813_060603) by extension 'colcon_pkg'
[0.383s] Level 1:colcon.colcon_core.package_identification:_identify(saved_versions/task1_prep_seq_20260813_060603) by extensions ['colcon_meta']
[0.383s] Level 1:colcon.colcon_core.package_identification:_identify(saved_versions/task1_prep_seq_20260813_060603) by extension 'colcon_meta'
[0.383s] Level 1:colcon.colcon_core.package_identification:_identify(saved_versions/task1_prep_seq_20260813_060603) by extensions ['ros']
[0.383s] Level 1:colcon.colcon_core.package_identification:_identify(saved_versions/task1_prep_seq_20260813_060603) by extension 'ros'
[0.383s] Level 1:colcon.colcon_core.package_identification:_identify(saved_versions/task1_prep_seq_20260813_060603) by extensions ['cmake', 'python']
[0.383s] Level 1:colcon.colcon_core.package_identification:_identify(saved_versions/task1_prep_seq_20260813_060603) by extension 'cmake'
[0.383s] Level 1:colcon.colcon_core.package_identification:_identify(saved_versions/task1_prep_seq_20260813_060603) by extension 'python'
[0.383s] Level 1:colcon.colcon_core.package_identification:_identify(saved_versions/task1_prep_seq_20260813_060603) by extensions ['python_setup_py']
[0.383s] Level 1:colcon.colcon_core.package_identification:_identify(saved_versions/task1_prep_seq_20260813_060603) by extension 'python_setup_py'
[0.383s] Level 1:colcon.colcon_core.package_identification:_identify(saved_versions/task1_prep_seq_20260813_060603/ros2_test1) by extensions ['ignore', 'ignore_ament_install']
[0.383s] Level 1:colcon.colcon_core.package_identification:_identify(saved_versions/task1_prep_seq_20260813_060603/ros2_test1) by extension 'ignore'
[0.383s] Level 1:colcon.colcon_core.package_identification:_identify(saved_versions/task1_prep_seq_20260813_060603/ros2_test1) by extension 'ignore_ament_install'
[0.383s] Level 1:colcon.colcon_core.package_identification:_identify(saved_versions/task1_prep_seq_20260813_060603/ros2_test1) by extensions ['colcon_pkg']
[0.383s] Level 1:colcon.colcon_core.package_identification:_identify(saved_versions/task1_prep_seq_20260813_060603/ros2_test1) by extension 'colcon_pkg'
[0.383s] Level 1:colcon.colcon_core.package_identification:_identify(saved_versions/task1_prep_seq_20260813_060603/ros2_test1) by extensions ['colcon_meta']
[0.383s] Level 1:colcon.colcon_core.package_identification:_identify(saved_versions/task1_prep_seq_20260813_060603/ros2_test1) by extension 'colcon_meta'
[0.383s] Level 1:colcon.colcon_core.package_identification:_identify(saved_versions/task1_prep_seq_20260813_060603/ros2_test1) by extensions ['ros']
[0.383s] Level 1:colcon.colcon_core.package_identification:_identify(saved_versions/task1_prep_seq_20260813_060603/ros2_test1) by extension 'ros'
[0.384s] Level 1:colcon.colcon_core.package_identification:_identify(saved_versions/task1_prep_seq_20260813_060603/ros2_test1) by extensions ['cmake', 'python']
[0.384s] Level 1:colcon.colcon_core.package_identification:_identify(saved_versions/task1_prep_seq_20260813_060603/ros2_test1) by extension 'cmake'
[0.384s] Level 1:colcon.colcon_core.package_identification:_identify(saved_versions/task1_prep_seq_20260813_060603/ros2_test1) by extension 'python'
[0.384s] Level 1:colcon.colcon_core.package_identification:_identify(saved_versions/task1_prep_seq_20260813_060603/ros2_test1) by extensions ['python_setup_py']
[0.384s] Level 1:colcon.colcon_core.package_identification:_identify(saved_versions/task1_prep_seq_20260813_060603/ros2_test1) by extension 'python_setup_py'
[0.384s] Level 1:colcon.colcon_core.package_identification:_identify(saved_versions/task1_prep_seq_20260813_060603/ros2_test1/ros2_test1) by extensions ['ignore', 'ignore_ament_install']
[0.384s] Level 1:colcon.colcon_core.package_identification:_identify(saved_versions/task1_prep_seq_20260813_060603/ros2_test1/ros2_test1) by extension 'ignore'
[0.384s] Level 1:colcon.colcon_core.package_identification:_identify(saved_versions/task1_prep_seq_20260813_060603/ros2_test1/ros2_test1) by extension 'ignore_ament_install'
[0.384s] Level 1:colcon.colcon_core.package_identification:_identify(saved_versions/task1_prep_seq_20260813_060603/ros2_test1/ros2_test1) by extensions ['colcon_pkg']
[0.384s] Level 1:colcon.colcon_core.package_identification:_identify(saved_versions/task1_prep_seq_20260813_060603/ros2_test1/ros2_test1) by extension 'colcon_pkg'
[0.384s] Level 1:colcon.colcon_core.package_identification:_identify(saved_versions/task1_prep_seq_20260813_060603/ros2_test1/ros2_test1) by extensions ['colcon_meta']
[0.384s] Level 1:colcon.colcon_core.package_identification:_identify(saved_versions/task1_prep_seq_20260813_060603/ros2_test1/ros2_test1) by extension 'colcon_meta'
[0.384s] Level 1:colcon.colcon_core.package_identification:_identify(saved_versions/task1_prep_seq_20260813_060603/ros2_test1/ros2_test1) by extensions ['ros']
[0.384s] Level 1:colcon.colcon_core.package_identification:_identify(saved_versions/task1_prep_seq_20260813_060603/ros2_test1/ros2_test1) by extension 'ros'
[0.384s] Level 1:colcon.colcon_core.package_identification:_identify(saved_versions/task1_prep_seq_20260813_060603/ros2_test1/ros2_test1) by extensions ['cmake', 'python']
[0.384s] Level 1:colcon.colcon_core.package_identification:_identify(saved_versions/task1_prep_seq_20260813_060603/ros2_test1/ros2_test1) by extension 'cmake'
[0.384s] Level 1:colcon.colcon_core.package_identification:_identify(saved_versions/task1_prep_seq_20260813_060603/ros2_test1/ros2_test1) by extension 'python'
[0.384s] Level 1:colcon.colcon_core.package_identification:_identify(saved_versions/task1_prep_seq_20260813_060603/ros2_test1/ros2_test1) by extensions ['python_setup_py']
[0.384s] Level 1:colcon.colcon_core.package_identification:_identify(saved_versions/task1_prep_seq_20260813_060603/ros2_test1/ros2_test1) by extension 'python_setup_py'
[0.385s] Level 1:colcon.colcon_core.package_identification:_identify(src) by extensions ['ignore', 'ignore_ament_install']
[0.385s] Level 1:colcon.colcon_core.package_identification:_identify(src) by extension 'ignore'
[0.385s] Level 1:colcon.colcon_core.package_identification:_identify(src) by extension 'ignore_ament_install'
[0.385s] Level 1:colcon.colcon_core.package_identification:_identify(src) by extensions ['colcon_pkg']
[0.385s] Level 1:colcon.colcon_core.package_identification:_identify(src) by extension 'colcon_pkg'
[0.385s] Level 1:colcon.colcon_core.package_identification:_identify(src) by extensions ['colcon_meta']
[0.385s] Level 1:colcon.colcon_core.package_identification:_identify(src) by extension 'colcon_meta'
[0.385s] Level 1:colcon.colcon_core.package_identification:_identify(src) by extensions ['ros']
[0.385s] Level 1:colcon.colcon_core.package_identification:_identify(src) by extension 'ros'
[0.385s] Level 1:colcon.colcon_core.package_identification:_identify(src) by extensions ['cmake', 'python']
[0.385s] Level 1:colcon.colcon_core.package_identification:_identify(src) by extension 'cmake'
[0.385s] Level 1:colcon.colcon_core.package_identification:_identify(src) by extension 'python'
[0.385s] Level 1:colcon.colcon_core.package_identification:_identify(src) by extensions ['python_setup_py']
[0.385s] Level 1:colcon.colcon_core.package_identification:_identify(src) by extension 'python_setup_py'
[0.385s] Level 1:colcon.colcon_core.package_identification:_identify(src/stm32_bridge) by extensions ['ignore', 'ignore_ament_install']
[0.385s] Level 1:colcon.colcon_core.package_identification:_identify(src/stm32_bridge) by extension 'ignore'
[0.385s] Level 1:colcon.colcon_core.package_identification:_identify(src/stm32_bridge) by extension 'ignore_ament_install'
[0.385s] Level 1:colcon.colcon_core.package_identification:_identify(src/stm32_bridge) by extensions ['colcon_pkg']
[0.385s] Level 1:colcon.colcon_core.package_identification:_identify(src/stm32_bridge) by extension 'colcon_pkg'
[0.386s] Level 1:colcon.colcon_core.package_identification:_identify(src/stm32_bridge) by extensions ['colcon_meta']
[0.386s] Level 1:colcon.colcon_core.package_identification:_identify(src/stm32_bridge) by extension 'colcon_meta'
[0.386s] Level 1:colcon.colcon_core.package_identification:_identify(src/stm32_bridge) by extensions ['ros']
[0.386s] Level 1:colcon.colcon_core.package_identification:_identify(src/stm32_bridge) by extension 'ros'
[0.389s] DEBUG:colcon.colcon_core.package_identification:Package 'src/stm32_bridge' with type 'ros.ament_python' and name 'stm32_bridge'
[0.389s] Level 1:colcon.colcon_core.package_discovery:discover_packages(recursive) using defaults
[0.390s] Level 1:colcon.colcon_core.package_discovery:discover_packages(ignore) discover
[0.390s] Level 1:colcon.colcon_core.package_discovery:discover_packages(ignore) using defaults
[0.390s] Level 1:colcon.colcon_core.package_discovery:discover_packages(path) discover
[0.390s] Level 1:colcon.colcon_core.package_discovery:discover_packages(path) using defaults
[0.420s] INFO:colcon.colcon_metadata.metadata.colcon_pkg:Updating descriptor of package 'ros2_test1' from colcon.pkg: {'name': 'ros2_test1', 'type': 'ros.ament_python'}
[0.459s] DEBUG:colcon.colcon_core.package_identification:Failed to parse potential ROS package manifest in'ros2_test1': Error(s) in package 'ros2_test1/package.xml':
Invalid email "cat@lubancat" for person "cat"
[0.460s] INFO:colcon.colcon_core.package_selection:Skipping not selected package 'stm32_bridge' in 'src/stm32_bridge'
[0.461s] Level 1:colcon.colcon_core.package_discovery:discover_packages(prefix_path) check parameters
[0.461s] Level 1:colcon.colcon_core.package_discovery:discover_packages(prefix_path) discover
[0.464s] DEBUG:colcon.colcon_installed_package_information.package_discovery:Found 273 installed packages in /opt/ros/humble
[0.466s] Level 1:colcon.colcon_core.package_discovery:discover_packages(prefix_path) using defaults
[0.522s] Level 5:colcon.colcon_core.verb:set package 'ros2_test1' build argument 'cmake_args' from command line to 'None'
[0.522s] Level 5:colcon.colcon_core.verb:set package 'ros2_test1' build argument 'cmake_target' from command line to 'None'
[0.522s] Level 5:colcon.colcon_core.verb:set package 'ros2_test1' build argument 'cmake_target_skip_unavailable' from command line to 'False'
[0.522s] Level 5:colcon.colcon_core.verb:set package 'ros2_test1' build argument 'cmake_clean_cache' from command line to 'False'
[0.522s] Level 5:colcon.colcon_core.verb:set package 'ros2_test1' build argument 'cmake_clean_first' from command line to 'False'
[0.522s] Level 5:colcon.colcon_core.verb:set package 'ros2_test1' build argument 'cmake_force_configure' from command line to 'False'
[0.522s] Level 5:colcon.colcon_core.verb:set package 'ros2_test1' build argument 'ament_cmake_args' from command line to 'None'
[0.522s] Level 5:colcon.colcon_core.verb:set package 'ros2_test1' build argument 'catkin_cmake_args' from command line to 'None'
[0.522s] Level 5:colcon.colcon_core.verb:set package 'ros2_test1' build argument 'catkin_skip_building_tests' from command line to 'False'
[0.522s] DEBUG:colcon.colcon_core.verb:Building package 'ros2_test1' with the following arguments: {'ament_cmake_args': None, 'build_base': '/home/cat/ros2_ws/build/ros2_test1', 'catkin_cmake_args': None, 'catkin_skip_building_tests': False, 'cmake_args': None, 'cmake_clean_cache': False, 'cmake_clean_first': False, 'cmake_force_configure': False, 'cmake_target': None, 'cmake_target_skip_unavailable': False, 'install_base': '/home/cat/ros2_ws/install/ros2_test1', 'merge_install': False, 'path': '/home/cat/ros2_ws/ros2_test1', 'symlink_install': True, 'test_result_base': None}
[0.523s] INFO:colcon.colcon_core.executor:Executing jobs using 'parallel' executor
[0.524s] DEBUG:colcon.colcon_parallel_executor.executor.parallel:run_until_complete
[0.525s] INFO:colcon.colcon_ros.task.ament_python.build:Building ROS package in '/home/cat/ros2_ws/ros2_test1' with build type 'ament_python'
[0.525s] Level 1:colcon.colcon_core.shell:create_environment_hook('ros2_test1', 'ament_prefix_path')
[0.528s] INFO:colcon.colcon_core.plugin_system:Skipping extension 'colcon_core.shell.bat': Not used on non-Windows systems
[0.528s] INFO:colcon.colcon_core.shell:Creating environment hook '/home/cat/ros2_ws/install/ros2_test1/share/ros2_test1/hook/ament_prefix_path.ps1'
[0.529s] INFO:colcon.colcon_core.shell:Creating environment descriptor '/home/cat/ros2_ws/install/ros2_test1/share/ros2_test1/hook/ament_prefix_path.dsv'
[0.530s] INFO:colcon.colcon_core.shell:Creating environment hook '/home/cat/ros2_ws/install/ros2_test1/share/ros2_test1/hook/ament_prefix_path.sh'
[0.531s] INFO:colcon.colcon_core.shell:Skip shell extension 'powershell' for command environment: Not usable outside of PowerShell
[0.531s] DEBUG:colcon.colcon_core.shell:Skip shell extension 'dsv' for command environment
[0.889s] INFO:colcon.colcon_core.task.python.build:Building Python package in '/home/cat/ros2_ws/ros2_test1'
[0.889s] INFO:colcon.colcon_core.shell:Skip shell extension 'powershell' for command environment: Not usable outside of PowerShell
[0.890s] DEBUG:colcon.colcon_core.shell:Skip shell extension 'dsv' for command environment
[1.351s] DEBUG:colcon.colcon_core.task.python.build:Available setuptools commands: dist_info, build_py, saveopts, build_ext, sdist, alias, build_clib, install_data, check, symlink_data, bdist_rpm, upload, install, upload_docs, bdist_egg, test, install_headers, install_lib, rotate, develop, build_scripts, setopt, install_egg_info, bdist_wheel, register, clean, egg_info, easy_install, install_scripts, bdist, bdist_dumb, build
[1.713s] DEBUG:colcon.colcon_core.task.python.build:Available setuptools 'develop' options: --egg-path, --user, --always-copy, --script-dir, --dry-run, --allow-hosts, --prefix, --find-links, --site-dirs, --multi-version, --install-dir, --always-unzip, --optimize, --help, --local-snapshots-ok, --version, --install-layout, --no-user-cfg, --exclude-scripts, --no-deps, --index-url, --zip-ok, --upgrade, --editable, --quiet, --verbose, --no-find-links, --uninstall, --force-installation-into-system-dir, --build-directory, --record
[1.715s] DEBUG:colcon.colcon_core.event_handler.log_command:Invoking command in '/home/cat/ros2_ws/build/ros2_test1': PYTHONPATH=/home/cat/ros2_ws/build/ros2_test1/prefix_override:/usr/lib/python3/dist-packages/colcon_core/task/python/colcon_distutils_commands:/home/cat/ros2_ws/install/ros2_test1/lib/python3.10/site-packages:${PYTHONPATH} /usr/bin/python3 -W ignore:setup.py install is deprecated -W ignore:easy_install command is deprecated setup.py develop --editable --build-directory /home/cat/ros2_ws/build/ros2_test1/build --no-deps symlink_data
[2.321s] Level 1:colcon.colcon_core.shell:create_environment_hook('ros2_test1', 'pythonpath_develop')
[2.322s] INFO:colcon.colcon_core.shell:Creating environment hook '/home/cat/ros2_ws/build/ros2_test1/share/ros2_test1/hook/pythonpath_develop.ps1'
[2.322s] DEBUG:colcon.colcon_core.event_handler.log_command:Invoked command in '/home/cat/ros2_ws/build/ros2_test1' returned '0': PYTHONPATH=/home/cat/ros2_ws/build/ros2_test1/prefix_override:/usr/lib/python3/dist-packages/colcon_core/task/python/colcon_distutils_commands:/home/cat/ros2_ws/install/ros2_test1/lib/python3.10/site-packages:${PYTHONPATH} /usr/bin/python3 -W ignore:setup.py install is deprecated -W ignore:easy_install command is deprecated setup.py develop --editable --build-directory /home/cat/ros2_ws/build/ros2_test1/build --no-deps symlink_data
[2.323s] INFO:colcon.colcon_core.shell:Creating environment descriptor '/home/cat/ros2_ws/build/ros2_test1/share/ros2_test1/hook/pythonpath_develop.dsv'
[2.324s] INFO:colcon.colcon_core.shell:Creating environment hook '/home/cat/ros2_ws/build/ros2_test1/share/ros2_test1/hook/pythonpath_develop.sh'
[2.328s] Level 1:colcon.colcon_core.environment:checking '/home/cat/ros2_ws/install/ros2_test1' for CMake module files
[2.328s] Level 1:colcon.colcon_core.environment:checking '/home/cat/ros2_ws/install/ros2_test1' for CMake config files
[2.330s] Level 1:colcon.colcon_core.environment:checking '/home/cat/ros2_ws/install/ros2_test1/lib'
[2.330s] Level 1:colcon.colcon_core.environment:checking '/home/cat/ros2_ws/install/ros2_test1/bin'
[2.330s] Level 1:colcon.colcon_core.environment:checking '/home/cat/ros2_ws/install/ros2_test1/lib/pkgconfig/ros2_test1.pc'
[2.330s] Level 1:colcon.colcon_core.environment:checking '/home/cat/ros2_ws/install/ros2_test1/lib/python3.10/site-packages'
[2.330s] Level 1:colcon.colcon_core.shell:create_environment_hook('ros2_test1', 'pythonpath')
[2.331s] INFO:colcon.colcon_core.shell:Creating environment hook '/home/cat/ros2_ws/install/ros2_test1/share/ros2_test1/hook/pythonpath.ps1'
[2.331s] INFO:colcon.colcon_core.shell:Creating environment descriptor '/home/cat/ros2_ws/install/ros2_test1/share/ros2_test1/hook/pythonpath.dsv'
[2.332s] INFO:colcon.colcon_core.shell:Creating environment hook '/home/cat/ros2_ws/install/ros2_test1/share/ros2_test1/hook/pythonpath.sh'
[2.333s] Level 1:colcon.colcon_core.environment:checking '/home/cat/ros2_ws/install/ros2_test1/bin'
[2.333s] Level 1:colcon.colcon_core.environment:create_environment_scripts_only(ros2_test1)
[2.333s] INFO:colcon.colcon_core.shell:Creating package script '/home/cat/ros2_ws/install/ros2_test1/share/ros2_test1/package.ps1'
[2.335s] INFO:colcon.colcon_core.shell:Creating package descriptor '/home/cat/ros2_ws/install/ros2_test1/share/ros2_test1/package.dsv'
[2.336s] INFO:colcon.colcon_core.shell:Creating package script '/home/cat/ros2_ws/install/ros2_test1/share/ros2_test1/package.sh'
[2.337s] INFO:colcon.colcon_core.shell:Creating package script '/home/cat/ros2_ws/install/ros2_test1/share/ros2_test1/package.bash'
[2.338s] INFO:colcon.colcon_core.shell:Creating package script '/home/cat/ros2_ws/install/ros2_test1/share/ros2_test1/package.zsh'
[2.338s] Level 1:colcon.colcon_core.environment:create_file_with_runtime_dependencies(/home/cat/ros2_ws/install/ros2_test1/share/colcon-core/packages/ros2_test1)
[2.339s] DEBUG:colcon.colcon_parallel_executor.executor.parallel:closing loop
[2.339s] DEBUG:colcon.colcon_parallel_executor.executor.parallel:loop closed
[2.340s] DEBUG:colcon.colcon_parallel_executor.executor.parallel:run_until_complete finished with '0'
[2.340s] DEBUG:colcon.colcon_core.event_reactor:joining thread
[2.340s] DEBUG:colcon.colcon_core.event_reactor:joined thread
[2.340s] INFO:colcon.colcon_core.shell:Creating prefix script '/home/cat/ros2_ws/install/local_setup.ps1'
[2.341s] INFO:colcon.colcon_core.shell:Creating prefix util module '/home/cat/ros2_ws/install/_local_setup_util_ps1.py'
[2.343s] INFO:colcon.colcon_core.shell:Creating prefix chain script '/home/cat/ros2_ws/install/setup.ps1'
[2.345s] INFO:colcon.colcon_core.shell:Creating prefix script '/home/cat/ros2_ws/install/local_setup.sh'
[2.346s] INFO:colcon.colcon_core.shell:Creating prefix util module '/home/cat/ros2_ws/install/_local_setup_util_sh.py'
[2.346s] INFO:colcon.colcon_core.shell:Creating prefix chain script '/home/cat/ros2_ws/install/setup.sh'
[2.348s] INFO:colcon.colcon_core.shell:Creating prefix script '/home/cat/ros2_ws/install/local_setup.bash'
[2.348s] INFO:colcon.colcon_core.shell:Creating prefix chain script '/home/cat/ros2_ws/install/setup.bash'
[2.350s] INFO:colcon.colcon_core.shell:Creating prefix script '/home/cat/ros2_ws/install/local_setup.zsh'
[2.350s] INFO:colcon.colcon_core.shell:Creating prefix chain script '/home/cat/ros2_ws/install/setup.zsh'
