[0.161s] DEBUG:colcon:Command line arguments: ['/usr/bin/colcon', 'build', '--symlink-install', '--packages-select', 'ros2_test1']
[0.161s] DEBUG:colcon:Parsed command line arguments: Namespace(log_base=None, log_level=None, verb_name='build', build_base='build', install_base='install', merge_install=False, symlink_install=True, test_result_base=None, continue_on_error=False, executor='parallel', parallel_workers=8, event_handlers=None, ignore_user_meta=False, metas=['./colcon.meta'], base_paths=['.'], packages_ignore=None, packages_ignore_regex=None, paths=None, packages_up_to=None, packages_up_to_regex=None, packages_above=None, packages_above_and_dependencies=None, packages_above_depth=None, packages_select_by_dep=None, packages_skip_by_dep=None, packages_skip_up_to=None, packages_select_build_failed=False, packages_skip_build_finished=False, packages_select_test_failures=False, packages_skip_test_passed=False, packages_select=['ros2_test1'], packages_skip=None, packages_select_regex=None, packages_skip_regex=None, packages_start=None, packages_end=None, allow_overriding=[], cmake_args=None, cmake_target=None, cmake_target_skip_unavailable=False, cmake_clean_cache=False, cmake_clean_first=False, cmake_force_configure=False, ament_cmake_args=None, catkin_cmake_args=None, catkin_skip_building_tests=False, verb_parser=<colcon_defaults.argument_parser.defaults.DefaultArgumentsDecorator object at 0xffff7e48b310>, verb_extension=<colcon_core.verb.build.BuildVerb object at 0xffff7e688a30>, main=<bound method BuildVerb.main of <colcon_core.verb.build.BuildVerb object at 0xffff7e688a30>>)
[0.405s] Level 1:colcon.colcon_core.package_discovery:discover_packages(colcon_meta) check parameters
[0.405s] Level 1:colcon.colcon_core.package_discovery:discover_packages(recursive) check parameters
[0.406s] Level 1:colcon.colcon_core.package_discovery:discover_packages(ignore) check parameters
[0.406s] Level 1:colcon.colcon_core.package_discovery:discover_packages(path) check parameters
[0.406s] Level 1:colcon.colcon_core.package_discovery:discover_packages(colcon_meta) discover
[0.406s] Level 1:colcon.colcon_core.package_discovery:discover_packages(recursive) discover
[0.406s] INFO:colcon.colcon_core.package_discovery:Crawling recursively for packages in '/home/cat/ros2_ws'
[0.406s] Level 1:colcon.colcon_core.package_identification:_identify(.) by extensions ['ignore', 'ignore_ament_install']
[0.406s] Level 1:colcon.colcon_core.package_identification:_identify(.) by extension 'ignore'
[0.406s] Level 1:colcon.colcon_core.package_identification:_identify(.) by extension 'ignore_ament_install'
[0.406s] Level 1:colcon.colcon_core.package_identification:_identify(.) by extensions ['colcon_pkg']
[0.406s] Level 1:colcon.colcon_core.package_identification:_identify(.) by extension 'colcon_pkg'
[0.406s] Level 1:colcon.colcon_core.package_identification:_identify(.) by extensions ['colcon_meta']
[0.406s] Level 1:colcon.colcon_core.package_identification:_identify(.) by extension 'colcon_meta'
[0.407s] Level 1:colcon.colcon_core.package_identification:_identify(.) by extensions ['ros']
[0.407s] Level 1:colcon.colcon_core.package_identification:_identify(.) by extension 'ros'
[0.424s] Level 1:colcon.colcon_core.package_identification:_identify(.) by extensions ['cmake', 'python']
[0.424s] Level 1:colcon.colcon_core.package_identification:_identify(.) by extension 'cmake'
[0.424s] Level 1:colcon.colcon_core.package_identification:_identify(.) by extension 'python'
[0.424s] Level 1:colcon.colcon_core.package_identification:_identify(.) by extensions ['python_setup_py']
[0.424s] Level 1:colcon.colcon_core.package_identification:_identify(.) by extension 'python_setup_py'
[0.425s] Level 1:colcon.colcon_core.package_identification:_identify(backups) by extensions ['ignore', 'ignore_ament_install']
[0.425s] Level 1:colcon.colcon_core.package_identification:_identify(backups) by extension 'ignore'
[0.425s] Level 1:colcon.colcon_core.package_identification:_identify(backups) ignored
[0.425s] Level 1:colcon.colcon_core.package_identification:_identify(build) by extensions ['ignore', 'ignore_ament_install']
[0.425s] Level 1:colcon.colcon_core.package_identification:_identify(build) by extension 'ignore'
[0.425s] Level 1:colcon.colcon_core.package_identification:_identify(build) ignored
[0.425s] Level 1:colcon.colcon_core.package_identification:_identify(install) by extensions ['ignore', 'ignore_ament_install']
[0.425s] Level 1:colcon.colcon_core.package_identification:_identify(install) by extension 'ignore'
[0.426s] Level 1:colcon.colcon_core.package_identification:_identify(install) ignored
[0.426s] Level 1:colcon.colcon_core.package_identification:_identify(log) by extensions ['ignore', 'ignore_ament_install']
[0.426s] Level 1:colcon.colcon_core.package_identification:_identify(log) by extension 'ignore'
[0.426s] Level 1:colcon.colcon_core.package_identification:_identify(log) ignored
[0.426s] Level 1:colcon.colcon_core.package_identification:_identify(restore_backup_20260731_200702) by extensions ['ignore', 'ignore_ament_install']
[0.426s] Level 1:colcon.colcon_core.package_identification:_identify(restore_backup_20260731_200702) by extension 'ignore'
[0.427s] Level 1:colcon.colcon_core.package_identification:_identify(restore_backup_20260731_200702) by extension 'ignore_ament_install'
[0.427s] Level 1:colcon.colcon_core.package_identification:_identify(restore_backup_20260731_200702) by extensions ['colcon_pkg']
[0.427s] Level 1:colcon.colcon_core.package_identification:_identify(restore_backup_20260731_200702) by extension 'colcon_pkg'
[0.427s] Level 1:colcon.colcon_core.package_identification:_identify(restore_backup_20260731_200702) by extensions ['colcon_meta']
[0.427s] Level 1:colcon.colcon_core.package_identification:_identify(restore_backup_20260731_200702) by extension 'colcon_meta'
[0.427s] Level 1:colcon.colcon_core.package_identification:_identify(restore_backup_20260731_200702) by extensions ['ros']
[0.427s] Level 1:colcon.colcon_core.package_identification:_identify(restore_backup_20260731_200702) by extension 'ros'
[0.427s] Level 1:colcon.colcon_core.package_identification:_identify(restore_backup_20260731_200702) by extensions ['cmake', 'python']
[0.427s] Level 1:colcon.colcon_core.package_identification:_identify(restore_backup_20260731_200702) by extension 'cmake'
[0.427s] Level 1:colcon.colcon_core.package_identification:_identify(restore_backup_20260731_200702) by extension 'python'
[0.427s] Level 1:colcon.colcon_core.package_identification:_identify(restore_backup_20260731_200702) by extensions ['python_setup_py']
[0.427s] Level 1:colcon.colcon_core.package_identification:_identify(restore_backup_20260731_200702) by extension 'python_setup_py'
[0.427s] Level 1:colcon.colcon_core.package_identification:_identify(restore_backup_20260731_continue) by extensions ['ignore', 'ignore_ament_install']
[0.427s] Level 1:colcon.colcon_core.package_identification:_identify(restore_backup_20260731_continue) by extension 'ignore'
[0.427s] Level 1:colcon.colcon_core.package_identification:_identify(restore_backup_20260731_continue) by extension 'ignore_ament_install'
[0.427s] Level 1:colcon.colcon_core.package_identification:_identify(restore_backup_20260731_continue) by extensions ['colcon_pkg']
[0.427s] Level 1:colcon.colcon_core.package_identification:_identify(restore_backup_20260731_continue) by extension 'colcon_pkg'
[0.428s] Level 1:colcon.colcon_core.package_identification:_identify(restore_backup_20260731_continue) by extensions ['colcon_meta']
[0.428s] Level 1:colcon.colcon_core.package_identification:_identify(restore_backup_20260731_continue) by extension 'colcon_meta'
[0.428s] Level 1:colcon.colcon_core.package_identification:_identify(restore_backup_20260731_continue) by extensions ['ros']
[0.428s] Level 1:colcon.colcon_core.package_identification:_identify(restore_backup_20260731_continue) by extension 'ros'
[0.428s] Level 1:colcon.colcon_core.package_identification:_identify(restore_backup_20260731_continue) by extensions ['cmake', 'python']
[0.428s] Level 1:colcon.colcon_core.package_identification:_identify(restore_backup_20260731_continue) by extension 'cmake'
[0.428s] Level 1:colcon.colcon_core.package_identification:_identify(restore_backup_20260731_continue) by extension 'python'
[0.428s] Level 1:colcon.colcon_core.package_identification:_identify(restore_backup_20260731_continue) by extensions ['python_setup_py']
[0.428s] Level 1:colcon.colcon_core.package_identification:_identify(restore_backup_20260731_continue) by extension 'python_setup_py'
[0.428s] Level 1:colcon.colcon_core.package_identification:_identify(ros2_test1) by extensions ['ignore', 'ignore_ament_install']
[0.428s] Level 1:colcon.colcon_core.package_identification:_identify(ros2_test1) by extension 'ignore'
[0.428s] Level 1:colcon.colcon_core.package_identification:_identify(ros2_test1) by extension 'ignore_ament_install'
[0.428s] Level 1:colcon.colcon_core.package_identification:_identify(ros2_test1) by extensions ['colcon_pkg']
[0.428s] Level 1:colcon.colcon_core.package_identification:_identify(ros2_test1) by extension 'colcon_pkg'
[0.429s] INFO:colcon.colcon_metadata.metadata.colcon_pkg:Setting type 'ros.ament_python' of package 'ros2_test1' from colcon.pkg
[0.430s] INFO:colcon.colcon_metadata.metadata.colcon_pkg:Setting name 'ros2_test1' of package 'ros2_test1' from colcon.pkg
[0.430s] DEBUG:colcon.colcon_core.package_identification:Package 'ros2_test1' with type 'ros.ament_python' and name 'ros2_test1'
[0.430s] Level 1:colcon.colcon_core.package_identification:_identify(saved_versions) by extensions ['ignore', 'ignore_ament_install']
[0.430s] Level 1:colcon.colcon_core.package_identification:_identify(saved_versions) by extension 'ignore'
[0.430s] Level 1:colcon.colcon_core.package_identification:_identify(saved_versions) by extension 'ignore_ament_install'
[0.430s] Level 1:colcon.colcon_core.package_identification:_identify(saved_versions) by extensions ['colcon_pkg']
[0.430s] Level 1:colcon.colcon_core.package_identification:_identify(saved_versions) by extension 'colcon_pkg'
[0.430s] Level 1:colcon.colcon_core.package_identification:_identify(saved_versions) by extensions ['colcon_meta']
[0.430s] Level 1:colcon.colcon_core.package_identification:_identify(saved_versions) by extension 'colcon_meta'
[0.430s] Level 1:colcon.colcon_core.package_identification:_identify(saved_versions) by extensions ['ros']
[0.430s] Level 1:colcon.colcon_core.package_identification:_identify(saved_versions) by extension 'ros'
[0.430s] Level 1:colcon.colcon_core.package_identification:_identify(saved_versions) by extensions ['cmake', 'python']
[0.431s] Level 1:colcon.colcon_core.package_identification:_identify(saved_versions) by extension 'cmake'
[0.431s] Level 1:colcon.colcon_core.package_identification:_identify(saved_versions) by extension 'python'
[0.431s] Level 1:colcon.colcon_core.package_identification:_identify(saved_versions) by extensions ['python_setup_py']
[0.431s] Level 1:colcon.colcon_core.package_identification:_identify(saved_versions) by extension 'python_setup_py'
[0.431s] Level 1:colcon.colcon_core.package_identification:_identify(saved_versions/camera_latency_20260812_205620) by extensions ['ignore', 'ignore_ament_install']
[0.431s] Level 1:colcon.colcon_core.package_identification:_identify(saved_versions/camera_latency_20260812_205620) by extension 'ignore'
[0.431s] Level 1:colcon.colcon_core.package_identification:_identify(saved_versions/camera_latency_20260812_205620) by extension 'ignore_ament_install'
[0.431s] Level 1:colcon.colcon_core.package_identification:_identify(saved_versions/camera_latency_20260812_205620) by extensions ['colcon_pkg']
[0.431s] Level 1:colcon.colcon_core.package_identification:_identify(saved_versions/camera_latency_20260812_205620) by extension 'colcon_pkg'
[0.431s] Level 1:colcon.colcon_core.package_identification:_identify(saved_versions/camera_latency_20260812_205620) by extensions ['colcon_meta']
[0.431s] Level 1:colcon.colcon_core.package_identification:_identify(saved_versions/camera_latency_20260812_205620) by extension 'colcon_meta'
[0.431s] Level 1:colcon.colcon_core.package_identification:_identify(saved_versions/camera_latency_20260812_205620) by extensions ['ros']
[0.431s] Level 1:colcon.colcon_core.package_identification:_identify(saved_versions/camera_latency_20260812_205620) by extension 'ros'
[0.431s] Level 1:colcon.colcon_core.package_identification:_identify(saved_versions/camera_latency_20260812_205620) by extensions ['cmake', 'python']
[0.431s] Level 1:colcon.colcon_core.package_identification:_identify(saved_versions/camera_latency_20260812_205620) by extension 'cmake'
[0.431s] Level 1:colcon.colcon_core.package_identification:_identify(saved_versions/camera_latency_20260812_205620) by extension 'python'
[0.432s] Level 1:colcon.colcon_core.package_identification:_identify(saved_versions/camera_latency_20260812_205620) by extensions ['python_setup_py']
[0.432s] Level 1:colcon.colcon_core.package_identification:_identify(saved_versions/camera_latency_20260812_205620) by extension 'python_setup_py'
[0.432s] Level 1:colcon.colcon_core.package_identification:_identify(saved_versions/codex_audit_backup_20260806_105415) by extensions ['ignore', 'ignore_ament_install']
[0.432s] Level 1:colcon.colcon_core.package_identification:_identify(saved_versions/codex_audit_backup_20260806_105415) by extension 'ignore'
[0.432s] Level 1:colcon.colcon_core.package_identification:_identify(saved_versions/codex_audit_backup_20260806_105415) by extension 'ignore_ament_install'
[0.432s] Level 1:colcon.colcon_core.package_identification:_identify(saved_versions/codex_audit_backup_20260806_105415) by extensions ['colcon_pkg']
[0.432s] Level 1:colcon.colcon_core.package_identification:_identify(saved_versions/codex_audit_backup_20260806_105415) by extension 'colcon_pkg'
[0.432s] Level 1:colcon.colcon_core.package_identification:_identify(saved_versions/codex_audit_backup_20260806_105415) by extensions ['colcon_meta']
[0.432s] Level 1:colcon.colcon_core.package_identification:_identify(saved_versions/codex_audit_backup_20260806_105415) by extension 'colcon_meta'
[0.432s] Level 1:colcon.colcon_core.package_identification:_identify(saved_versions/codex_audit_backup_20260806_105415) by extensions ['ros']
[0.432s] Level 1:colcon.colcon_core.package_identification:_identify(saved_versions/codex_audit_backup_20260806_105415) by extension 'ros'
[0.432s] Level 1:colcon.colcon_core.package_identification:_identify(saved_versions/codex_audit_backup_20260806_105415) by extensions ['cmake', 'python']
[0.432s] Level 1:colcon.colcon_core.package_identification:_identify(saved_versions/codex_audit_backup_20260806_105415) by extension 'cmake'
[0.432s] Level 1:colcon.colcon_core.package_identification:_identify(saved_versions/codex_audit_backup_20260806_105415) by extension 'python'
[0.432s] Level 1:colcon.colcon_core.package_identification:_identify(saved_versions/codex_audit_backup_20260806_105415) by extensions ['python_setup_py']
[0.432s] Level 1:colcon.colcon_core.package_identification:_identify(saved_versions/codex_audit_backup_20260806_105415) by extension 'python_setup_py'
[0.433s] Level 1:colcon.colcon_core.package_identification:_identify(saved_versions/codex_audit_backup_20260806_105415/ros2_test1) by extensions ['ignore', 'ignore_ament_install']
[0.433s] Level 1:colcon.colcon_core.package_identification:_identify(saved_versions/codex_audit_backup_20260806_105415/ros2_test1) by extension 'ignore'
[0.433s] Level 1:colcon.colcon_core.package_identification:_identify(saved_versions/codex_audit_backup_20260806_105415/ros2_test1) by extension 'ignore_ament_install'
[0.433s] Level 1:colcon.colcon_core.package_identification:_identify(saved_versions/codex_audit_backup_20260806_105415/ros2_test1) by extensions ['colcon_pkg']
[0.433s] Level 1:colcon.colcon_core.package_identification:_identify(saved_versions/codex_audit_backup_20260806_105415/ros2_test1) by extension 'colcon_pkg'
[0.433s] Level 1:colcon.colcon_core.package_identification:_identify(saved_versions/codex_audit_backup_20260806_105415/ros2_test1) by extensions ['colcon_meta']
[0.433s] Level 1:colcon.colcon_core.package_identification:_identify(saved_versions/codex_audit_backup_20260806_105415/ros2_test1) by extension 'colcon_meta'
[0.433s] Level 1:colcon.colcon_core.package_identification:_identify(saved_versions/codex_audit_backup_20260806_105415/ros2_test1) by extensions ['ros']
[0.433s] Level 1:colcon.colcon_core.package_identification:_identify(saved_versions/codex_audit_backup_20260806_105415/ros2_test1) by extension 'ros'
[0.433s] Level 1:colcon.colcon_core.package_identification:_identify(saved_versions/codex_audit_backup_20260806_105415/ros2_test1) by extensions ['cmake', 'python']
[0.433s] Level 1:colcon.colcon_core.package_identification:_identify(saved_versions/codex_audit_backup_20260806_105415/ros2_test1) by extension 'cmake'
[0.433s] Level 1:colcon.colcon_core.package_identification:_identify(saved_versions/codex_audit_backup_20260806_105415/ros2_test1) by extension 'python'
[0.433s] Level 1:colcon.colcon_core.package_identification:_identify(saved_versions/codex_audit_backup_20260806_105415/ros2_test1) by extensions ['python_setup_py']
[0.433s] Level 1:colcon.colcon_core.package_identification:_identify(saved_versions/codex_audit_backup_20260806_105415/ros2_test1) by extension 'python_setup_py'
[0.434s] Level 1:colcon.colcon_core.package_identification:_identify(saved_versions/codex_audit_backup_20260806_105415/ros2_test1/ros2_test1) by extensions ['ignore', 'ignore_ament_install']
[0.434s] Level 1:colcon.colcon_core.package_identification:_identify(saved_versions/codex_audit_backup_20260806_105415/ros2_test1/ros2_test1) by extension 'ignore'
[0.434s] Level 1:colcon.colcon_core.package_identification:_identify(saved_versions/codex_audit_backup_20260806_105415/ros2_test1/ros2_test1) by extension 'ignore_ament_install'
[0.434s] Level 1:colcon.colcon_core.package_identification:_identify(saved_versions/codex_audit_backup_20260806_105415/ros2_test1/ros2_test1) by extensions ['colcon_pkg']
[0.434s] Level 1:colcon.colcon_core.package_identification:_identify(saved_versions/codex_audit_backup_20260806_105415/ros2_test1/ros2_test1) by extension 'colcon_pkg'
[0.434s] Level 1:colcon.colcon_core.package_identification:_identify(saved_versions/codex_audit_backup_20260806_105415/ros2_test1/ros2_test1) by extensions ['colcon_meta']
[0.434s] Level 1:colcon.colcon_core.package_identification:_identify(saved_versions/codex_audit_backup_20260806_105415/ros2_test1/ros2_test1) by extension 'colcon_meta'
[0.434s] Level 1:colcon.colcon_core.package_identification:_identify(saved_versions/codex_audit_backup_20260806_105415/ros2_test1/ros2_test1) by extensions ['ros']
[0.434s] Level 1:colcon.colcon_core.package_identification:_identify(saved_versions/codex_audit_backup_20260806_105415/ros2_test1/ros2_test1) by extension 'ros'
[0.434s] Level 1:colcon.colcon_core.package_identification:_identify(saved_versions/codex_audit_backup_20260806_105415/ros2_test1/ros2_test1) by extensions ['cmake', 'python']
[0.434s] Level 1:colcon.colcon_core.package_identification:_identify(saved_versions/codex_audit_backup_20260806_105415/ros2_test1/ros2_test1) by extension 'cmake'
[0.434s] Level 1:colcon.colcon_core.package_identification:_identify(saved_versions/codex_audit_backup_20260806_105415/ros2_test1/ros2_test1) by extension 'python'
[0.434s] Level 1:colcon.colcon_core.package_identification:_identify(saved_versions/codex_audit_backup_20260806_105415/ros2_test1/ros2_test1) by extensions ['python_setup_py']
[0.434s] Level 1:colcon.colcon_core.package_identification:_identify(saved_versions/codex_audit_backup_20260806_105415/ros2_test1/ros2_test1) by extension 'python_setup_py'
[0.434s] Level 1:colcon.colcon_core.package_identification:_identify(saved_versions/codex_final_backup_20260806_105857) by extensions ['ignore', 'ignore_ament_install']
[0.435s] Level 1:colcon.colcon_core.package_identification:_identify(saved_versions/codex_final_backup_20260806_105857) by extension 'ignore'
[0.435s] Level 1:colcon.colcon_core.package_identification:_identify(saved_versions/codex_final_backup_20260806_105857) by extension 'ignore_ament_install'
[0.435s] Level 1:colcon.colcon_core.package_identification:_identify(saved_versions/codex_final_backup_20260806_105857) by extensions ['colcon_pkg']
[0.435s] Level 1:colcon.colcon_core.package_identification:_identify(saved_versions/codex_final_backup_20260806_105857) by extension 'colcon_pkg'
[0.435s] Level 1:colcon.colcon_core.package_identification:_identify(saved_versions/codex_final_backup_20260806_105857) by extensions ['colcon_meta']
[0.435s] Level 1:colcon.colcon_core.package_identification:_identify(saved_versions/codex_final_backup_20260806_105857) by extension 'colcon_meta'
[0.435s] Level 1:colcon.colcon_core.package_identification:_identify(saved_versions/codex_final_backup_20260806_105857) by extensions ['ros']
[0.435s] Level 1:colcon.colcon_core.package_identification:_identify(saved_versions/codex_final_backup_20260806_105857) by extension 'ros'
[0.435s] Level 1:colcon.colcon_core.package_identification:_identify(saved_versions/codex_final_backup_20260806_105857) by extensions ['cmake', 'python']
[0.435s] Level 1:colcon.colcon_core.package_identification:_identify(saved_versions/codex_final_backup_20260806_105857) by extension 'cmake'
[0.435s] Level 1:colcon.colcon_core.package_identification:_identify(saved_versions/codex_final_backup_20260806_105857) by extension 'python'
[0.435s] Level 1:colcon.colcon_core.package_identification:_identify(saved_versions/codex_final_backup_20260806_105857) by extensions ['python_setup_py']
[0.435s] Level 1:colcon.colcon_core.package_identification:_identify(saved_versions/codex_final_backup_20260806_105857) by extension 'python_setup_py'
[0.435s] Level 1:colcon.colcon_core.package_identification:_identify(saved_versions/disc_catch_station1_20260803_081421) by extensions ['ignore', 'ignore_ament_install']
[0.435s] Level 1:colcon.colcon_core.package_identification:_identify(saved_versions/disc_catch_station1_20260803_081421) by extension 'ignore'
[0.435s] Level 1:colcon.colcon_core.package_identification:_identify(saved_versions/disc_catch_station1_20260803_081421) by extension 'ignore_ament_install'
[0.436s] Level 1:colcon.colcon_core.package_identification:_identify(saved_versions/disc_catch_station1_20260803_081421) by extensions ['colcon_pkg']
[0.436s] Level 1:colcon.colcon_core.package_identification:_identify(saved_versions/disc_catch_station1_20260803_081421) by extension 'colcon_pkg'
[0.436s] Level 1:colcon.colcon_core.package_identification:_identify(saved_versions/disc_catch_station1_20260803_081421) by extensions ['colcon_meta']
[0.436s] Level 1:colcon.colcon_core.package_identification:_identify(saved_versions/disc_catch_station1_20260803_081421) by extension 'colcon_meta'
[0.436s] Level 1:colcon.colcon_core.package_identification:_identify(saved_versions/disc_catch_station1_20260803_081421) by extensions ['ros']
[0.436s] Level 1:colcon.colcon_core.package_identification:_identify(saved_versions/disc_catch_station1_20260803_081421) by extension 'ros'
[0.436s] Level 1:colcon.colcon_core.package_identification:_identify(saved_versions/disc_catch_station1_20260803_081421) by extensions ['cmake', 'python']
[0.436s] Level 1:colcon.colcon_core.package_identification:_identify(saved_versions/disc_catch_station1_20260803_081421) by extension 'cmake'
[0.436s] Level 1:colcon.colcon_core.package_identification:_identify(saved_versions/disc_catch_station1_20260803_081421) by extension 'python'
[0.436s] Level 1:colcon.colcon_core.package_identification:_identify(saved_versions/disc_catch_station1_20260803_081421) by extensions ['python_setup_py']
[0.436s] Level 1:colcon.colcon_core.package_identification:_identify(saved_versions/disc_catch_station1_20260803_081421) by extension 'python_setup_py'
[0.436s] Level 1:colcon.colcon_core.package_identification:_identify(saved_versions/disc_pulse_loop_fix_20260812_195439) by extensions ['ignore', 'ignore_ament_install']
[0.436s] Level 1:colcon.colcon_core.package_identification:_identify(saved_versions/disc_pulse_loop_fix_20260812_195439) by extension 'ignore'
[0.436s] Level 1:colcon.colcon_core.package_identification:_identify(saved_versions/disc_pulse_loop_fix_20260812_195439) by extension 'ignore_ament_install'
[0.436s] Level 1:colcon.colcon_core.package_identification:_identify(saved_versions/disc_pulse_loop_fix_20260812_195439) by extensions ['colcon_pkg']
[0.436s] Level 1:colcon.colcon_core.package_identification:_identify(saved_versions/disc_pulse_loop_fix_20260812_195439) by extension 'colcon_pkg'
[0.437s] Level 1:colcon.colcon_core.package_identification:_identify(saved_versions/disc_pulse_loop_fix_20260812_195439) by extensions ['colcon_meta']
[0.437s] Level 1:colcon.colcon_core.package_identification:_identify(saved_versions/disc_pulse_loop_fix_20260812_195439) by extension 'colcon_meta'
[0.437s] Level 1:colcon.colcon_core.package_identification:_identify(saved_versions/disc_pulse_loop_fix_20260812_195439) by extensions ['ros']
[0.437s] Level 1:colcon.colcon_core.package_identification:_identify(saved_versions/disc_pulse_loop_fix_20260812_195439) by extension 'ros'
[0.437s] Level 1:colcon.colcon_core.package_identification:_identify(saved_versions/disc_pulse_loop_fix_20260812_195439) by extensions ['cmake', 'python']
[0.437s] Level 1:colcon.colcon_core.package_identification:_identify(saved_versions/disc_pulse_loop_fix_20260812_195439) by extension 'cmake'
[0.437s] Level 1:colcon.colcon_core.package_identification:_identify(saved_versions/disc_pulse_loop_fix_20260812_195439) by extension 'python'
[0.437s] Level 1:colcon.colcon_core.package_identification:_identify(saved_versions/disc_pulse_loop_fix_20260812_195439) by extensions ['python_setup_py']
[0.437s] Level 1:colcon.colcon_core.package_identification:_identify(saved_versions/disc_pulse_loop_fix_20260812_195439) by extension 'python_setup_py'
[0.437s] Level 1:colcon.colcon_core.package_identification:_identify(saved_versions/disc_repeat_pulse_20260812_183616) by extensions ['ignore', 'ignore_ament_install']
[0.437s] Level 1:colcon.colcon_core.package_identification:_identify(saved_versions/disc_repeat_pulse_20260812_183616) by extension 'ignore'
[0.437s] Level 1:colcon.colcon_core.package_identification:_identify(saved_versions/disc_repeat_pulse_20260812_183616) by extension 'ignore_ament_install'
[0.437s] Level 1:colcon.colcon_core.package_identification:_identify(saved_versions/disc_repeat_pulse_20260812_183616) by extensions ['colcon_pkg']
[0.437s] Level 1:colcon.colcon_core.package_identification:_identify(saved_versions/disc_repeat_pulse_20260812_183616) by extension 'colcon_pkg'
[0.437s] Level 1:colcon.colcon_core.package_identification:_identify(saved_versions/disc_repeat_pulse_20260812_183616) by extensions ['colcon_meta']
[0.437s] Level 1:colcon.colcon_core.package_identification:_identify(saved_versions/disc_repeat_pulse_20260812_183616) by extension 'colcon_meta'
[0.438s] Level 1:colcon.colcon_core.package_identification:_identify(saved_versions/disc_repeat_pulse_20260812_183616) by extensions ['ros']
[0.438s] Level 1:colcon.colcon_core.package_identification:_identify(saved_versions/disc_repeat_pulse_20260812_183616) by extension 'ros'
[0.438s] Level 1:colcon.colcon_core.package_identification:_identify(saved_versions/disc_repeat_pulse_20260812_183616) by extensions ['cmake', 'python']
[0.438s] Level 1:colcon.colcon_core.package_identification:_identify(saved_versions/disc_repeat_pulse_20260812_183616) by extension 'cmake'
[0.438s] Level 1:colcon.colcon_core.package_identification:_identify(saved_versions/disc_repeat_pulse_20260812_183616) by extension 'python'
[0.438s] Level 1:colcon.colcon_core.package_identification:_identify(saved_versions/disc_repeat_pulse_20260812_183616) by extensions ['python_setup_py']
[0.438s] Level 1:colcon.colcon_core.package_identification:_identify(saved_versions/disc_repeat_pulse_20260812_183616) by extension 'python_setup_py'
[0.438s] Level 1:colcon.colcon_core.package_identification:_identify(saved_versions/disc_splitter_settle_1s_20260812_225912) by extensions ['ignore', 'ignore_ament_install']
[0.438s] Level 1:colcon.colcon_core.package_identification:_identify(saved_versions/disc_splitter_settle_1s_20260812_225912) by extension 'ignore'
[0.438s] Level 1:colcon.colcon_core.package_identification:_identify(saved_versions/disc_splitter_settle_1s_20260812_225912) by extension 'ignore_ament_install'
[0.438s] Level 1:colcon.colcon_core.package_identification:_identify(saved_versions/disc_splitter_settle_1s_20260812_225912) by extensions ['colcon_pkg']
[0.438s] Level 1:colcon.colcon_core.package_identification:_identify(saved_versions/disc_splitter_settle_1s_20260812_225912) by extension 'colcon_pkg'
[0.438s] Level 1:colcon.colcon_core.package_identification:_identify(saved_versions/disc_splitter_settle_1s_20260812_225912) by extensions ['colcon_meta']
[0.438s] Level 1:colcon.colcon_core.package_identification:_identify(saved_versions/disc_splitter_settle_1s_20260812_225912) by extension 'colcon_meta'
[0.438s] Level 1:colcon.colcon_core.package_identification:_identify(saved_versions/disc_splitter_settle_1s_20260812_225912) by extensions ['ros']
[0.438s] Level 1:colcon.colcon_core.package_identification:_identify(saved_versions/disc_splitter_settle_1s_20260812_225912) by extension 'ros'
[0.439s] Level 1:colcon.colcon_core.package_identification:_identify(saved_versions/disc_splitter_settle_1s_20260812_225912) by extensions ['cmake', 'python']
[0.439s] Level 1:colcon.colcon_core.package_identification:_identify(saved_versions/disc_splitter_settle_1s_20260812_225912) by extension 'cmake'
[0.439s] Level 1:colcon.colcon_core.package_identification:_identify(saved_versions/disc_splitter_settle_1s_20260812_225912) by extension 'python'
[0.439s] Level 1:colcon.colcon_core.package_identification:_identify(saved_versions/disc_splitter_settle_1s_20260812_225912) by extensions ['python_setup_py']
[0.439s] Level 1:colcon.colcon_core.package_identification:_identify(saved_versions/disc_splitter_settle_1s_20260812_225912) by extension 'python_setup_py'
[0.439s] Level 1:colcon.colcon_core.package_identification:_identify(saved_versions/disc_sync_id4_id7_400ms_20260812_230906) by extensions ['ignore', 'ignore_ament_install']
[0.439s] Level 1:colcon.colcon_core.package_identification:_identify(saved_versions/disc_sync_id4_id7_400ms_20260812_230906) by extension 'ignore'
[0.439s] Level 1:colcon.colcon_core.package_identification:_identify(saved_versions/disc_sync_id4_id7_400ms_20260812_230906) by extension 'ignore_ament_install'
[0.439s] Level 1:colcon.colcon_core.package_identification:_identify(saved_versions/disc_sync_id4_id7_400ms_20260812_230906) by extensions ['colcon_pkg']
[0.439s] Level 1:colcon.colcon_core.package_identification:_identify(saved_versions/disc_sync_id4_id7_400ms_20260812_230906) by extension 'colcon_pkg'
[0.439s] Level 1:colcon.colcon_core.package_identification:_identify(saved_versions/disc_sync_id4_id7_400ms_20260812_230906) by extensions ['colcon_meta']
[0.439s] Level 1:colcon.colcon_core.package_identification:_identify(saved_versions/disc_sync_id4_id7_400ms_20260812_230906) by extension 'colcon_meta'
[0.439s] Level 1:colcon.colcon_core.package_identification:_identify(saved_versions/disc_sync_id4_id7_400ms_20260812_230906) by extensions ['ros']
[0.439s] Level 1:colcon.colcon_core.package_identification:_identify(saved_versions/disc_sync_id4_id7_400ms_20260812_230906) by extension 'ros'
[0.439s] Level 1:colcon.colcon_core.package_identification:_identify(saved_versions/disc_sync_id4_id7_400ms_20260812_230906) by extensions ['cmake', 'python']
[0.439s] Level 1:colcon.colcon_core.package_identification:_identify(saved_versions/disc_sync_id4_id7_400ms_20260812_230906) by extension 'cmake'
[0.440s] Level 1:colcon.colcon_core.package_identification:_identify(saved_versions/disc_sync_id4_id7_400ms_20260812_230906) by extension 'python'
[0.440s] Level 1:colcon.colcon_core.package_identification:_identify(saved_versions/disc_sync_id4_id7_400ms_20260812_230906) by extensions ['python_setup_py']
[0.440s] Level 1:colcon.colcon_core.package_identification:_identify(saved_versions/disc_sync_id4_id7_400ms_20260812_230906) by extension 'python_setup_py'
[0.440s] Level 1:colcon.colcon_core.package_identification:_identify(saved_versions/fix_rk_chassis_profile_20260813_053053) by extensions ['ignore', 'ignore_ament_install']
[0.440s] Level 1:colcon.colcon_core.package_identification:_identify(saved_versions/fix_rk_chassis_profile_20260813_053053) by extension 'ignore'
[0.440s] Level 1:colcon.colcon_core.package_identification:_identify(saved_versions/fix_rk_chassis_profile_20260813_053053) by extension 'ignore_ament_install'
[0.440s] Level 1:colcon.colcon_core.package_identification:_identify(saved_versions/fix_rk_chassis_profile_20260813_053053) by extensions ['colcon_pkg']
[0.440s] Level 1:colcon.colcon_core.package_identification:_identify(saved_versions/fix_rk_chassis_profile_20260813_053053) by extension 'colcon_pkg'
[0.440s] Level 1:colcon.colcon_core.package_identification:_identify(saved_versions/fix_rk_chassis_profile_20260813_053053) by extensions ['colcon_meta']
[0.440s] Level 1:colcon.colcon_core.package_identification:_identify(saved_versions/fix_rk_chassis_profile_20260813_053053) by extension 'colcon_meta'
[0.440s] Level 1:colcon.colcon_core.package_identification:_identify(saved_versions/fix_rk_chassis_profile_20260813_053053) by extensions ['ros']
[0.440s] Level 1:colcon.colcon_core.package_identification:_identify(saved_versions/fix_rk_chassis_profile_20260813_053053) by extension 'ros'
[0.440s] Level 1:colcon.colcon_core.package_identification:_identify(saved_versions/fix_rk_chassis_profile_20260813_053053) by extensions ['cmake', 'python']
[0.440s] Level 1:colcon.colcon_core.package_identification:_identify(saved_versions/fix_rk_chassis_profile_20260813_053053) by extension 'cmake'
[0.440s] Level 1:colcon.colcon_core.package_identification:_identify(saved_versions/fix_rk_chassis_profile_20260813_053053) by extension 'python'
[0.440s] Level 1:colcon.colcon_core.package_identification:_identify(saved_versions/fix_rk_chassis_profile_20260813_053053) by extensions ['python_setup_py']
[0.440s] Level 1:colcon.colcon_core.package_identification:_identify(saved_versions/fix_rk_chassis_profile_20260813_053053) by extension 'python_setup_py'
[0.441s] Level 1:colcon.colcon_core.package_identification:_identify(saved_versions/fix_rk_chassis_profile_20260813_053053/ros2_test1) by extensions ['ignore', 'ignore_ament_install']
[0.441s] Level 1:colcon.colcon_core.package_identification:_identify(saved_versions/fix_rk_chassis_profile_20260813_053053/ros2_test1) by extension 'ignore'
[0.441s] Level 1:colcon.colcon_core.package_identification:_identify(saved_versions/fix_rk_chassis_profile_20260813_053053/ros2_test1) by extension 'ignore_ament_install'
[0.441s] Level 1:colcon.colcon_core.package_identification:_identify(saved_versions/fix_rk_chassis_profile_20260813_053053/ros2_test1) by extensions ['colcon_pkg']
[0.441s] Level 1:colcon.colcon_core.package_identification:_identify(saved_versions/fix_rk_chassis_profile_20260813_053053/ros2_test1) by extension 'colcon_pkg'
[0.441s] Level 1:colcon.colcon_core.package_identification:_identify(saved_versions/fix_rk_chassis_profile_20260813_053053/ros2_test1) by extensions ['colcon_meta']
[0.441s] Level 1:colcon.colcon_core.package_identification:_identify(saved_versions/fix_rk_chassis_profile_20260813_053053/ros2_test1) by extension 'colcon_meta'
[0.441s] Level 1:colcon.colcon_core.package_identification:_identify(saved_versions/fix_rk_chassis_profile_20260813_053053/ros2_test1) by extensions ['ros']
[0.441s] Level 1:colcon.colcon_core.package_identification:_identify(saved_versions/fix_rk_chassis_profile_20260813_053053/ros2_test1) by extension 'ros'
[0.441s] Level 1:colcon.colcon_core.package_identification:_identify(saved_versions/fix_rk_chassis_profile_20260813_053053/ros2_test1) by extensions ['cmake', 'python']
[0.441s] Level 1:colcon.colcon_core.package_identification:_identify(saved_versions/fix_rk_chassis_profile_20260813_053053/ros2_test1) by extension 'cmake'
[0.441s] Level 1:colcon.colcon_core.package_identification:_identify(saved_versions/fix_rk_chassis_profile_20260813_053053/ros2_test1) by extension 'python'
[0.441s] Level 1:colcon.colcon_core.package_identification:_identify(saved_versions/fix_rk_chassis_profile_20260813_053053/ros2_test1) by extensions ['python_setup_py']
[0.441s] Level 1:colcon.colcon_core.package_identification:_identify(saved_versions/fix_rk_chassis_profile_20260813_053053/ros2_test1) by extension 'python_setup_py'
[0.441s] Level 1:colcon.colcon_core.package_identification:_identify(saved_versions/fix_rk_chassis_profile_20260813_053053/ros2_test1/ros2_test1) by extensions ['ignore', 'ignore_ament_install']
[0.442s] Level 1:colcon.colcon_core.package_identification:_identify(saved_versions/fix_rk_chassis_profile_20260813_053053/ros2_test1/ros2_test1) by extension 'ignore'
[0.442s] Level 1:colcon.colcon_core.package_identification:_identify(saved_versions/fix_rk_chassis_profile_20260813_053053/ros2_test1/ros2_test1) by extension 'ignore_ament_install'
[0.442s] Level 1:colcon.colcon_core.package_identification:_identify(saved_versions/fix_rk_chassis_profile_20260813_053053/ros2_test1/ros2_test1) by extensions ['colcon_pkg']
[0.442s] Level 1:colcon.colcon_core.package_identification:_identify(saved_versions/fix_rk_chassis_profile_20260813_053053/ros2_test1/ros2_test1) by extension 'colcon_pkg'
[0.442s] Level 1:colcon.colcon_core.package_identification:_identify(saved_versions/fix_rk_chassis_profile_20260813_053053/ros2_test1/ros2_test1) by extensions ['colcon_meta']
[0.442s] Level 1:colcon.colcon_core.package_identification:_identify(saved_versions/fix_rk_chassis_profile_20260813_053053/ros2_test1/ros2_test1) by extension 'colcon_meta'
[0.442s] Level 1:colcon.colcon_core.package_identification:_identify(saved_versions/fix_rk_chassis_profile_20260813_053053/ros2_test1/ros2_test1) by extensions ['ros']
[0.442s] Level 1:colcon.colcon_core.package_identification:_identify(saved_versions/fix_rk_chassis_profile_20260813_053053/ros2_test1/ros2_test1) by extension 'ros'
[0.442s] Level 1:colcon.colcon_core.package_identification:_identify(saved_versions/fix_rk_chassis_profile_20260813_053053/ros2_test1/ros2_test1) by extensions ['cmake', 'python']
[0.442s] Level 1:colcon.colcon_core.package_identification:_identify(saved_versions/fix_rk_chassis_profile_20260813_053053/ros2_test1/ros2_test1) by extension 'cmake'
[0.442s] Level 1:colcon.colcon_core.package_identification:_identify(saved_versions/fix_rk_chassis_profile_20260813_053053/ros2_test1/ros2_test1) by extension 'python'
[0.442s] Level 1:colcon.colcon_core.package_identification:_identify(saved_versions/fix_rk_chassis_profile_20260813_053053/ros2_test1/ros2_test1) by extensions ['python_setup_py']
[0.442s] Level 1:colcon.colcon_core.package_identification:_identify(saved_versions/fix_rk_chassis_profile_20260813_053053/ros2_test1/ros2_test1) by extension 'python_setup_py'
[0.442s] Level 1:colcon.colcon_core.package_identification:_identify(saved_versions/formal_sync_20260802_170858) by extensions ['ignore', 'ignore_ament_install']
[0.443s] Level 1:colcon.colcon_core.package_identification:_identify(saved_versions/formal_sync_20260802_170858) by extension 'ignore'
[0.443s] Level 1:colcon.colcon_core.package_identification:_identify(saved_versions/formal_sync_20260802_170858) by extension 'ignore_ament_install'
[0.443s] Level 1:colcon.colcon_core.package_identification:_identify(saved_versions/formal_sync_20260802_170858) by extensions ['colcon_pkg']
[0.443s] Level 1:colcon.colcon_core.package_identification:_identify(saved_versions/formal_sync_20260802_170858) by extension 'colcon_pkg'
[0.443s] Level 1:colcon.colcon_core.package_identification:_identify(saved_versions/formal_sync_20260802_170858) by extensions ['colcon_meta']
[0.443s] Level 1:colcon.colcon_core.package_identification:_identify(saved_versions/formal_sync_20260802_170858) by extension 'colcon_meta'
[0.443s] Level 1:colcon.colcon_core.package_identification:_identify(saved_versions/formal_sync_20260802_170858) by extensions ['ros']
[0.443s] Level 1:colcon.colcon_core.package_identification:_identify(saved_versions/formal_sync_20260802_170858) by extension 'ros'
[0.443s] Level 1:colcon.colcon_core.package_identification:_identify(saved_versions/formal_sync_20260802_170858) by extensions ['cmake', 'python']
[0.443s] Level 1:colcon.colcon_core.package_identification:_identify(saved_versions/formal_sync_20260802_170858) by extension 'cmake'
[0.443s] Level 1:colcon.colcon_core.package_identification:_identify(saved_versions/formal_sync_20260802_170858) by extension 'python'
[0.443s] Level 1:colcon.colcon_core.package_identification:_identify(saved_versions/formal_sync_20260802_170858) by extensions ['python_setup_py']
[0.443s] Level 1:colcon.colcon_core.package_identification:_identify(saved_versions/formal_sync_20260802_170858) by extension 'python_setup_py'
[0.443s] Level 1:colcon.colcon_core.package_identification:_identify(saved_versions/home_baseline_20260803_075203) by extensions ['ignore', 'ignore_ament_install']
[0.443s] Level 1:colcon.colcon_core.package_identification:_identify(saved_versions/home_baseline_20260803_075203) by extension 'ignore'
[0.443s] Level 1:colcon.colcon_core.package_identification:_identify(saved_versions/home_baseline_20260803_075203) by extension 'ignore_ament_install'
[0.444s] Level 1:colcon.colcon_core.package_identification:_identify(saved_versions/home_baseline_20260803_075203) by extensions ['colcon_pkg']
[0.444s] Level 1:colcon.colcon_core.package_identification:_identify(saved_versions/home_baseline_20260803_075203) by extension 'colcon_pkg'
[0.444s] Level 1:colcon.colcon_core.package_identification:_identify(saved_versions/home_baseline_20260803_075203) by extensions ['colcon_meta']
[0.444s] Level 1:colcon.colcon_core.package_identification:_identify(saved_versions/home_baseline_20260803_075203) by extension 'colcon_meta'
[0.444s] Level 1:colcon.colcon_core.package_identification:_identify(saved_versions/home_baseline_20260803_075203) by extensions ['ros']
[0.444s] Level 1:colcon.colcon_core.package_identification:_identify(saved_versions/home_baseline_20260803_075203) by extension 'ros'
[0.444s] Level 1:colcon.colcon_core.package_identification:_identify(saved_versions/home_baseline_20260803_075203) by extensions ['cmake', 'python']
[0.444s] Level 1:colcon.colcon_core.package_identification:_identify(saved_versions/home_baseline_20260803_075203) by extension 'cmake'
[0.444s] Level 1:colcon.colcon_core.package_identification:_identify(saved_versions/home_baseline_20260803_075203) by extension 'python'
[0.444s] Level 1:colcon.colcon_core.package_identification:_identify(saved_versions/home_baseline_20260803_075203) by extensions ['python_setup_py']
[0.444s] Level 1:colcon.colcon_core.package_identification:_identify(saved_versions/home_baseline_20260803_075203) by extension 'python_setup_py'
[0.444s] Level 1:colcon.colcon_core.package_identification:_identify(saved_versions/id7_gripper_fast_20260812_225205) by extensions ['ignore', 'ignore_ament_install']
[0.444s] Level 1:colcon.colcon_core.package_identification:_identify(saved_versions/id7_gripper_fast_20260812_225205) by extension 'ignore'
[0.444s] Level 1:colcon.colcon_core.package_identification:_identify(saved_versions/id7_gripper_fast_20260812_225205) by extension 'ignore_ament_install'
[0.444s] Level 1:colcon.colcon_core.package_identification:_identify(saved_versions/id7_gripper_fast_20260812_225205) by extensions ['colcon_pkg']
[0.444s] Level 1:colcon.colcon_core.package_identification:_identify(saved_versions/id7_gripper_fast_20260812_225205) by extension 'colcon_pkg'
[0.444s] Level 1:colcon.colcon_core.package_identification:_identify(saved_versions/id7_gripper_fast_20260812_225205) by extensions ['colcon_meta']
[0.445s] Level 1:colcon.colcon_core.package_identification:_identify(saved_versions/id7_gripper_fast_20260812_225205) by extension 'colcon_meta'
[0.445s] Level 1:colcon.colcon_core.package_identification:_identify(saved_versions/id7_gripper_fast_20260812_225205) by extensions ['ros']
[0.445s] Level 1:colcon.colcon_core.package_identification:_identify(saved_versions/id7_gripper_fast_20260812_225205) by extension 'ros'
[0.445s] Level 1:colcon.colcon_core.package_identification:_identify(saved_versions/id7_gripper_fast_20260812_225205) by extensions ['cmake', 'python']
[0.445s] Level 1:colcon.colcon_core.package_identification:_identify(saved_versions/id7_gripper_fast_20260812_225205) by extension 'cmake'
[0.445s] Level 1:colcon.colcon_core.package_identification:_identify(saved_versions/id7_gripper_fast_20260812_225205) by extension 'python'
[0.445s] Level 1:colcon.colcon_core.package_identification:_identify(saved_versions/id7_gripper_fast_20260812_225205) by extensions ['python_setup_py']
[0.445s] Level 1:colcon.colcon_core.package_identification:_identify(saved_versions/id7_gripper_fast_20260812_225205) by extension 'python_setup_py'
[0.445s] Level 1:colcon.colcon_core.package_identification:_identify(saved_versions/id7_gripper_speed_20260812_182929) by extensions ['ignore', 'ignore_ament_install']
[0.445s] Level 1:colcon.colcon_core.package_identification:_identify(saved_versions/id7_gripper_speed_20260812_182929) by extension 'ignore'
[0.445s] Level 1:colcon.colcon_core.package_identification:_identify(saved_versions/id7_gripper_speed_20260812_182929) by extension 'ignore_ament_install'
[0.445s] Level 1:colcon.colcon_core.package_identification:_identify(saved_versions/id7_gripper_speed_20260812_182929) by extensions ['colcon_pkg']
[0.445s] Level 1:colcon.colcon_core.package_identification:_identify(saved_versions/id7_gripper_speed_20260812_182929) by extension 'colcon_pkg'
[0.445s] Level 1:colcon.colcon_core.package_identification:_identify(saved_versions/id7_gripper_speed_20260812_182929) by extensions ['colcon_meta']
[0.445s] Level 1:colcon.colcon_core.package_identification:_identify(saved_versions/id7_gripper_speed_20260812_182929) by extension 'colcon_meta'
[0.445s] Level 1:colcon.colcon_core.package_identification:_identify(saved_versions/id7_gripper_speed_20260812_182929) by extensions ['ros']
[0.445s] Level 1:colcon.colcon_core.package_identification:_identify(saved_versions/id7_gripper_speed_20260812_182929) by extension 'ros'
[0.446s] Level 1:colcon.colcon_core.package_identification:_identify(saved_versions/id7_gripper_speed_20260812_182929) by extensions ['cmake', 'python']
[0.446s] Level 1:colcon.colcon_core.package_identification:_identify(saved_versions/id7_gripper_speed_20260812_182929) by extension 'cmake'
[0.446s] Level 1:colcon.colcon_core.package_identification:_identify(saved_versions/id7_gripper_speed_20260812_182929) by extension 'python'
[0.446s] Level 1:colcon.colcon_core.package_identification:_identify(saved_versions/id7_gripper_speed_20260812_182929) by extensions ['python_setup_py']
[0.446s] Level 1:colcon.colcon_core.package_identification:_identify(saved_versions/id7_gripper_speed_20260812_182929) by extension 'python_setup_py'
[0.446s] Level 1:colcon.colcon_core.package_identification:_identify(saved_versions/rk_direct_saved_20260725_vision_grasp) by extensions ['ignore', 'ignore_ament_install']
[0.446s] Level 1:colcon.colcon_core.package_identification:_identify(saved_versions/rk_direct_saved_20260725_vision_grasp) by extension 'ignore'
[0.446s] Level 1:colcon.colcon_core.package_identification:_identify(saved_versions/rk_direct_saved_20260725_vision_grasp) by extension 'ignore_ament_install'
[0.446s] Level 1:colcon.colcon_core.package_identification:_identify(saved_versions/rk_direct_saved_20260725_vision_grasp) by extensions ['colcon_pkg']
[0.446s] Level 1:colcon.colcon_core.package_identification:_identify(saved_versions/rk_direct_saved_20260725_vision_grasp) by extension 'colcon_pkg'
[0.446s] Level 1:colcon.colcon_core.package_identification:_identify(saved_versions/rk_direct_saved_20260725_vision_grasp) by extensions ['colcon_meta']
[0.446s] Level 1:colcon.colcon_core.package_identification:_identify(saved_versions/rk_direct_saved_20260725_vision_grasp) by extension 'colcon_meta'
[0.446s] Level 1:colcon.colcon_core.package_identification:_identify(saved_versions/rk_direct_saved_20260725_vision_grasp) by extensions ['ros']
[0.446s] Level 1:colcon.colcon_core.package_identification:_identify(saved_versions/rk_direct_saved_20260725_vision_grasp) by extension 'ros'
[0.446s] Level 1:colcon.colcon_core.package_identification:_identify(saved_versions/rk_direct_saved_20260725_vision_grasp) by extensions ['cmake', 'python']
[0.447s] Level 1:colcon.colcon_core.package_identification:_identify(saved_versions/rk_direct_saved_20260725_vision_grasp) by extension 'cmake'
[0.447s] Level 1:colcon.colcon_core.package_identification:_identify(saved_versions/rk_direct_saved_20260725_vision_grasp) by extension 'python'
[0.447s] Level 1:colcon.colcon_core.package_identification:_identify(saved_versions/rk_direct_saved_20260725_vision_grasp) by extensions ['python_setup_py']
[0.447s] Level 1:colcon.colcon_core.package_identification:_identify(saved_versions/rk_direct_saved_20260725_vision_grasp) by extension 'python_setup_py'
[0.447s] Level 1:colcon.colcon_core.package_identification:_identify(saved_versions/rk_h7_review_incremental_20260809_001640) by extensions ['ignore', 'ignore_ament_install']
[0.447s] Level 1:colcon.colcon_core.package_identification:_identify(saved_versions/rk_h7_review_incremental_20260809_001640) by extension 'ignore'
[0.447s] Level 1:colcon.colcon_core.package_identification:_identify(saved_versions/rk_h7_review_incremental_20260809_001640) by extension 'ignore_ament_install'
[0.447s] Level 1:colcon.colcon_core.package_identification:_identify(saved_versions/rk_h7_review_incremental_20260809_001640) by extensions ['colcon_pkg']
[0.447s] Level 1:colcon.colcon_core.package_identification:_identify(saved_versions/rk_h7_review_incremental_20260809_001640) by extension 'colcon_pkg'
[0.447s] Level 1:colcon.colcon_core.package_identification:_identify(saved_versions/rk_h7_review_incremental_20260809_001640) by extensions ['colcon_meta']
[0.447s] Level 1:colcon.colcon_core.package_identification:_identify(saved_versions/rk_h7_review_incremental_20260809_001640) by extension 'colcon_meta'
[0.447s] Level 1:colcon.colcon_core.package_identification:_identify(saved_versions/rk_h7_review_incremental_20260809_001640) by extensions ['ros']
[0.447s] Level 1:colcon.colcon_core.package_identification:_identify(saved_versions/rk_h7_review_incremental_20260809_001640) by extension 'ros'
[0.447s] Level 1:colcon.colcon_core.package_identification:_identify(saved_versions/rk_h7_review_incremental_20260809_001640) by extensions ['cmake', 'python']
[0.447s] Level 1:colcon.colcon_core.package_identification:_identify(saved_versions/rk_h7_review_incremental_20260809_001640) by extension 'cmake'
[0.447s] Level 1:colcon.colcon_core.package_identification:_identify(saved_versions/rk_h7_review_incremental_20260809_001640) by extension 'python'
[0.447s] Level 1:colcon.colcon_core.package_identification:_identify(saved_versions/rk_h7_review_incremental_20260809_001640) by extensions ['python_setup_py']
[0.448s] Level 1:colcon.colcon_core.package_identification:_identify(saved_versions/rk_h7_review_incremental_20260809_001640) by extension 'python_setup_py'
[0.448s] Level 1:colcon.colcon_core.package_identification:_identify(saved_versions/rk_h7_review_incremental_20260809_001640/ros2_test1) by extensions ['ignore', 'ignore_ament_install']
[0.448s] Level 1:colcon.colcon_core.package_identification:_identify(saved_versions/rk_h7_review_incremental_20260809_001640/ros2_test1) by extension 'ignore'
[0.448s] Level 1:colcon.colcon_core.package_identification:_identify(saved_versions/rk_h7_review_incremental_20260809_001640/ros2_test1) by extension 'ignore_ament_install'
[0.448s] Level 1:colcon.colcon_core.package_identification:_identify(saved_versions/rk_h7_review_incremental_20260809_001640/ros2_test1) by extensions ['colcon_pkg']
[0.448s] Level 1:colcon.colcon_core.package_identification:_identify(saved_versions/rk_h7_review_incremental_20260809_001640/ros2_test1) by extension 'colcon_pkg'
[0.448s] Level 1:colcon.colcon_core.package_identification:_identify(saved_versions/rk_h7_review_incremental_20260809_001640/ros2_test1) by extensions ['colcon_meta']
[0.448s] Level 1:colcon.colcon_core.package_identification:_identify(saved_versions/rk_h7_review_incremental_20260809_001640/ros2_test1) by extension 'colcon_meta'
[0.448s] Level 1:colcon.colcon_core.package_identification:_identify(saved_versions/rk_h7_review_incremental_20260809_001640/ros2_test1) by extensions ['ros']
[0.448s] Level 1:colcon.colcon_core.package_identification:_identify(saved_versions/rk_h7_review_incremental_20260809_001640/ros2_test1) by extension 'ros'
[0.448s] Level 1:colcon.colcon_core.package_identification:_identify(saved_versions/rk_h7_review_incremental_20260809_001640/ros2_test1) by extensions ['cmake', 'python']
[0.448s] Level 1:colcon.colcon_core.package_identification:_identify(saved_versions/rk_h7_review_incremental_20260809_001640/ros2_test1) by extension 'cmake'
[0.448s] Level 1:colcon.colcon_core.package_identification:_identify(saved_versions/rk_h7_review_incremental_20260809_001640/ros2_test1) by extension 'python'
[0.448s] Level 1:colcon.colcon_core.package_identification:_identify(saved_versions/rk_h7_review_incremental_20260809_001640/ros2_test1) by extensions ['python_setup_py']
[0.448s] Level 1:colcon.colcon_core.package_identification:_identify(saved_versions/rk_h7_review_incremental_20260809_001640/ros2_test1) by extension 'python_setup_py'
[0.449s] Level 1:colcon.colcon_core.package_identification:_identify(saved_versions/rk_h7_review_incremental_20260809_001640/ros2_test1/ros2_test1) by extensions ['ignore', 'ignore_ament_install']
[0.449s] Level 1:colcon.colcon_core.package_identification:_identify(saved_versions/rk_h7_review_incremental_20260809_001640/ros2_test1/ros2_test1) by extension 'ignore'
[0.449s] Level 1:colcon.colcon_core.package_identification:_identify(saved_versions/rk_h7_review_incremental_20260809_001640/ros2_test1/ros2_test1) by extension 'ignore_ament_install'
[0.449s] Level 1:colcon.colcon_core.package_identification:_identify(saved_versions/rk_h7_review_incremental_20260809_001640/ros2_test1/ros2_test1) by extensions ['colcon_pkg']
[0.449s] Level 1:colcon.colcon_core.package_identification:_identify(saved_versions/rk_h7_review_incremental_20260809_001640/ros2_test1/ros2_test1) by extension 'colcon_pkg'
[0.449s] Level 1:colcon.colcon_core.package_identification:_identify(saved_versions/rk_h7_review_incremental_20260809_001640/ros2_test1/ros2_test1) by extensions ['colcon_meta']
[0.449s] Level 1:colcon.colcon_core.package_identification:_identify(saved_versions/rk_h7_review_incremental_20260809_001640/ros2_test1/ros2_test1) by extension 'colcon_meta'
[0.449s] Level 1:colcon.colcon_core.package_identification:_identify(saved_versions/rk_h7_review_incremental_20260809_001640/ros2_test1/ros2_test1) by extensions ['ros']
[0.449s] Level 1:colcon.colcon_core.package_identification:_identify(saved_versions/rk_h7_review_incremental_20260809_001640/ros2_test1/ros2_test1) by extension 'ros'
[0.449s] Level 1:colcon.colcon_core.package_identification:_identify(saved_versions/rk_h7_review_incremental_20260809_001640/ros2_test1/ros2_test1) by extensions ['cmake', 'python']
[0.449s] Level 1:colcon.colcon_core.package_identification:_identify(saved_versions/rk_h7_review_incremental_20260809_001640/ros2_test1/ros2_test1) by extension 'cmake'
[0.449s] Level 1:colcon.colcon_core.package_identification:_identify(saved_versions/rk_h7_review_incremental_20260809_001640/ros2_test1/ros2_test1) by extension 'python'
[0.449s] Level 1:colcon.colcon_core.package_identification:_identify(saved_versions/rk_h7_review_incremental_20260809_001640/ros2_test1/ros2_test1) by extensions ['python_setup_py']
[0.449s] Level 1:colcon.colcon_core.package_identification:_identify(saved_versions/rk_h7_review_incremental_20260809_001640/ros2_test1/ros2_test1) by extension 'python_setup_py'
[0.449s] Level 1:colcon.colcon_core.package_identification:_identify(saved_versions/rk_h7_review_incremental_20260809_001640/ros2_test1/test) by extensions ['ignore', 'ignore_ament_install']
[0.450s] Level 1:colcon.colcon_core.package_identification:_identify(saved_versions/rk_h7_review_incremental_20260809_001640/ros2_test1/test) by extension 'ignore'
[0.450s] Level 1:colcon.colcon_core.package_identification:_identify(saved_versions/rk_h7_review_incremental_20260809_001640/ros2_test1/test) by extension 'ignore_ament_install'
[0.450s] Level 1:colcon.colcon_core.package_identification:_identify(saved_versions/rk_h7_review_incremental_20260809_001640/ros2_test1/test) by extensions ['colcon_pkg']
[0.450s] Level 1:colcon.colcon_core.package_identification:_identify(saved_versions/rk_h7_review_incremental_20260809_001640/ros2_test1/test) by extension 'colcon_pkg'
[0.450s] Level 1:colcon.colcon_core.package_identification:_identify(saved_versions/rk_h7_review_incremental_20260809_001640/ros2_test1/test) by extensions ['colcon_meta']
[0.450s] Level 1:colcon.colcon_core.package_identification:_identify(saved_versions/rk_h7_review_incremental_20260809_001640/ros2_test1/test) by extension 'colcon_meta'
[0.450s] Level 1:colcon.colcon_core.package_identification:_identify(saved_versions/rk_h7_review_incremental_20260809_001640/ros2_test1/test) by extensions ['ros']
[0.450s] Level 1:colcon.colcon_core.package_identification:_identify(saved_versions/rk_h7_review_incremental_20260809_001640/ros2_test1/test) by extension 'ros'
[0.450s] Level 1:colcon.colcon_core.package_identification:_identify(saved_versions/rk_h7_review_incremental_20260809_001640/ros2_test1/test) by extensions ['cmake', 'python']
[0.450s] Level 1:colcon.colcon_core.package_identification:_identify(saved_versions/rk_h7_review_incremental_20260809_001640/ros2_test1/test) by extension 'cmake'
[0.450s] Level 1:colcon.colcon_core.package_identification:_identify(saved_versions/rk_h7_review_incremental_20260809_001640/ros2_test1/test) by extension 'python'
[0.450s] Level 1:colcon.colcon_core.package_identification:_identify(saved_versions/rk_h7_review_incremental_20260809_001640/ros2_test1/test) by extensions ['python_setup_py']
[0.450s] Level 1:colcon.colcon_core.package_identification:_identify(saved_versions/rk_h7_review_incremental_20260809_001640/ros2_test1/test) by extension 'python_setup_py'
[0.450s] Level 1:colcon.colcon_core.package_identification:_identify(saved_versions/rk_h7_review_rc_removed) by extensions ['ignore', 'ignore_ament_install']
[0.450s] Level 1:colcon.colcon_core.package_identification:_identify(saved_versions/rk_h7_review_rc_removed) by extension 'ignore'
[0.451s] Level 1:colcon.colcon_core.package_identification:_identify(saved_versions/rk_h7_review_rc_removed) by extension 'ignore_ament_install'
[0.451s] Level 1:colcon.colcon_core.package_identification:_identify(saved_versions/rk_h7_review_rc_removed) by extensions ['colcon_pkg']
[0.451s] Level 1:colcon.colcon_core.package_identification:_identify(saved_versions/rk_h7_review_rc_removed) by extension 'colcon_pkg'
[0.451s] Level 1:colcon.colcon_core.package_identification:_identify(saved_versions/rk_h7_review_rc_removed) by extensions ['colcon_meta']
[0.451s] Level 1:colcon.colcon_core.package_identification:_identify(saved_versions/rk_h7_review_rc_removed) by extension 'colcon_meta'
[0.451s] Level 1:colcon.colcon_core.package_identification:_identify(saved_versions/rk_h7_review_rc_removed) by extensions ['ros']
[0.451s] Level 1:colcon.colcon_core.package_identification:_identify(saved_versions/rk_h7_review_rc_removed) by extension 'ros'
[0.451s] Level 1:colcon.colcon_core.package_identification:_identify(saved_versions/rk_h7_review_rc_removed) by extensions ['cmake', 'python']
[0.451s] Level 1:colcon.colcon_core.package_identification:_identify(saved_versions/rk_h7_review_rc_removed) by extension 'cmake'
[0.451s] Level 1:colcon.colcon_core.package_identification:_identify(saved_versions/rk_h7_review_rc_removed) by extension 'python'
[0.451s] Level 1:colcon.colcon_core.package_identification:_identify(saved_versions/rk_h7_review_rc_removed) by extensions ['python_setup_py']
[0.451s] Level 1:colcon.colcon_core.package_identification:_identify(saved_versions/rk_h7_review_rc_removed) by extension 'python_setup_py'
[0.451s] Level 1:colcon.colcon_core.package_identification:_identify(saved_versions/rk_h7_review_ready_guard_20260809_002216) by extensions ['ignore', 'ignore_ament_install']
[0.451s] Level 1:colcon.colcon_core.package_identification:_identify(saved_versions/rk_h7_review_ready_guard_20260809_002216) by extension 'ignore'
[0.451s] Level 1:colcon.colcon_core.package_identification:_identify(saved_versions/rk_h7_review_ready_guard_20260809_002216) by extension 'ignore_ament_install'
[0.451s] Level 1:colcon.colcon_core.package_identification:_identify(saved_versions/rk_h7_review_ready_guard_20260809_002216) by extensions ['colcon_pkg']
[0.452s] Level 1:colcon.colcon_core.package_identification:_identify(saved_versions/rk_h7_review_ready_guard_20260809_002216) by extension 'colcon_pkg'
[0.452s] Level 1:colcon.colcon_core.package_identification:_identify(saved_versions/rk_h7_review_ready_guard_20260809_002216) by extensions ['colcon_meta']
[0.452s] Level 1:colcon.colcon_core.package_identification:_identify(saved_versions/rk_h7_review_ready_guard_20260809_002216) by extension 'colcon_meta'
[0.452s] Level 1:colcon.colcon_core.package_identification:_identify(saved_versions/rk_h7_review_ready_guard_20260809_002216) by extensions ['ros']
[0.452s] Level 1:colcon.colcon_core.package_identification:_identify(saved_versions/rk_h7_review_ready_guard_20260809_002216) by extension 'ros'
[0.452s] Level 1:colcon.colcon_core.package_identification:_identify(saved_versions/rk_h7_review_ready_guard_20260809_002216) by extensions ['cmake', 'python']
[0.452s] Level 1:colcon.colcon_core.package_identification:_identify(saved_versions/rk_h7_review_ready_guard_20260809_002216) by extension 'cmake'
[0.452s] Level 1:colcon.colcon_core.package_identification:_identify(saved_versions/rk_h7_review_ready_guard_20260809_002216) by extension 'python'
[0.452s] Level 1:colcon.colcon_core.package_identification:_identify(saved_versions/rk_h7_review_ready_guard_20260809_002216) by extensions ['python_setup_py']
[0.452s] Level 1:colcon.colcon_core.package_identification:_identify(saved_versions/rk_h7_review_ready_guard_20260809_002216) by extension 'python_setup_py'
[0.452s] Level 1:colcon.colcon_core.package_identification:_identify(saved_versions/rk_h7_review_ready_guard_20260809_002216/ros2_test1) by extensions ['ignore', 'ignore_ament_install']
[0.452s] Level 1:colcon.colcon_core.package_identification:_identify(saved_versions/rk_h7_review_ready_guard_20260809_002216/ros2_test1) by extension 'ignore'
[0.452s] Level 1:colcon.colcon_core.package_identification:_identify(saved_versions/rk_h7_review_ready_guard_20260809_002216/ros2_test1) by extension 'ignore_ament_install'
[0.452s] Level 1:colcon.colcon_core.package_identification:_identify(saved_versions/rk_h7_review_ready_guard_20260809_002216/ros2_test1) by extensions ['colcon_pkg']
[0.452s] Level 1:colcon.colcon_core.package_identification:_identify(saved_versions/rk_h7_review_ready_guard_20260809_002216/ros2_test1) by extension 'colcon_pkg'
[0.452s] Level 1:colcon.colcon_core.package_identification:_identify(saved_versions/rk_h7_review_ready_guard_20260809_002216/ros2_test1) by extensions ['colcon_meta']
[0.453s] Level 1:colcon.colcon_core.package_identification:_identify(saved_versions/rk_h7_review_ready_guard_20260809_002216/ros2_test1) by extension 'colcon_meta'
[0.453s] Level 1:colcon.colcon_core.package_identification:_identify(saved_versions/rk_h7_review_ready_guard_20260809_002216/ros2_test1) by extensions ['ros']
[0.453s] Level 1:colcon.colcon_core.package_identification:_identify(saved_versions/rk_h7_review_ready_guard_20260809_002216/ros2_test1) by extension 'ros'
[0.453s] Level 1:colcon.colcon_core.package_identification:_identify(saved_versions/rk_h7_review_ready_guard_20260809_002216/ros2_test1) by extensions ['cmake', 'python']
[0.453s] Level 1:colcon.colcon_core.package_identification:_identify(saved_versions/rk_h7_review_ready_guard_20260809_002216/ros2_test1) by extension 'cmake'
[0.453s] Level 1:colcon.colcon_core.package_identification:_identify(saved_versions/rk_h7_review_ready_guard_20260809_002216/ros2_test1) by extension 'python'
[0.453s] Level 1:colcon.colcon_core.package_identification:_identify(saved_versions/rk_h7_review_ready_guard_20260809_002216/ros2_test1) by extensions ['python_setup_py']
[0.453s] Level 1:colcon.colcon_core.package_identification:_identify(saved_versions/rk_h7_review_ready_guard_20260809_002216/ros2_test1) by extension 'python_setup_py'
[0.453s] Level 1:colcon.colcon_core.package_identification:_identify(saved_versions/rk_h7_review_ready_guard_20260809_002216/ros2_test1/ros2_test1) by extensions ['ignore', 'ignore_ament_install']
[0.453s] Level 1:colcon.colcon_core.package_identification:_identify(saved_versions/rk_h7_review_ready_guard_20260809_002216/ros2_test1/ros2_test1) by extension 'ignore'
[0.453s] Level 1:colcon.colcon_core.package_identification:_identify(saved_versions/rk_h7_review_ready_guard_20260809_002216/ros2_test1/ros2_test1) by extension 'ignore_ament_install'
[0.453s] Level 1:colcon.colcon_core.package_identification:_identify(saved_versions/rk_h7_review_ready_guard_20260809_002216/ros2_test1/ros2_test1) by extensions ['colcon_pkg']
[0.453s] Level 1:colcon.colcon_core.package_identification:_identify(saved_versions/rk_h7_review_ready_guard_20260809_002216/ros2_test1/ros2_test1) by extension 'colcon_pkg'
[0.453s] Level 1:colcon.colcon_core.package_identification:_identify(saved_versions/rk_h7_review_ready_guard_20260809_002216/ros2_test1/ros2_test1) by extensions ['colcon_meta']
[0.453s] Level 1:colcon.colcon_core.package_identification:_identify(saved_versions/rk_h7_review_ready_guard_20260809_002216/ros2_test1/ros2_test1) by extension 'colcon_meta'
[0.453s] Level 1:colcon.colcon_core.package_identification:_identify(saved_versions/rk_h7_review_ready_guard_20260809_002216/ros2_test1/ros2_test1) by extensions ['ros']
[0.454s] Level 1:colcon.colcon_core.package_identification:_identify(saved_versions/rk_h7_review_ready_guard_20260809_002216/ros2_test1/ros2_test1) by extension 'ros'
[0.454s] Level 1:colcon.colcon_core.package_identification:_identify(saved_versions/rk_h7_review_ready_guard_20260809_002216/ros2_test1/ros2_test1) by extensions ['cmake', 'python']
[0.454s] Level 1:colcon.colcon_core.package_identification:_identify(saved_versions/rk_h7_review_ready_guard_20260809_002216/ros2_test1/ros2_test1) by extension 'cmake'
[0.454s] Level 1:colcon.colcon_core.package_identification:_identify(saved_versions/rk_h7_review_ready_guard_20260809_002216/ros2_test1/ros2_test1) by extension 'python'
[0.454s] Level 1:colcon.colcon_core.package_identification:_identify(saved_versions/rk_h7_review_ready_guard_20260809_002216/ros2_test1/ros2_test1) by extensions ['python_setup_py']
[0.454s] Level 1:colcon.colcon_core.package_identification:_identify(saved_versions/rk_h7_review_ready_guard_20260809_002216/ros2_test1/ros2_test1) by extension 'python_setup_py'
[0.454s] Level 1:colcon.colcon_core.package_identification:_identify(saved_versions/rk_h7_review_ready_guard_20260809_002216/ros2_test1/test) by extensions ['ignore', 'ignore_ament_install']
[0.454s] Level 1:colcon.colcon_core.package_identification:_identify(saved_versions/rk_h7_review_ready_guard_20260809_002216/ros2_test1/test) by extension 'ignore'
[0.454s] Level 1:colcon.colcon_core.package_identification:_identify(saved_versions/rk_h7_review_ready_guard_20260809_002216/ros2_test1/test) by extension 'ignore_ament_install'
[0.454s] Level 1:colcon.colcon_core.package_identification:_identify(saved_versions/rk_h7_review_ready_guard_20260809_002216/ros2_test1/test) by extensions ['colcon_pkg']
[0.454s] Level 1:colcon.colcon_core.package_identification:_identify(saved_versions/rk_h7_review_ready_guard_20260809_002216/ros2_test1/test) by extension 'colcon_pkg'
[0.454s] Level 1:colcon.colcon_core.package_identification:_identify(saved_versions/rk_h7_review_ready_guard_20260809_002216/ros2_test1/test) by extensions ['colcon_meta']
[0.454s] Level 1:colcon.colcon_core.package_identification:_identify(saved_versions/rk_h7_review_ready_guard_20260809_002216/ros2_test1/test) by extension 'colcon_meta'
[0.454s] Level 1:colcon.colcon_core.package_identification:_identify(saved_versions/rk_h7_review_ready_guard_20260809_002216/ros2_test1/test) by extensions ['ros']
[0.454s] Level 1:colcon.colcon_core.package_identification:_identify(saved_versions/rk_h7_review_ready_guard_20260809_002216/ros2_test1/test) by extension 'ros'
[0.455s] Level 1:colcon.colcon_core.package_identification:_identify(saved_versions/rk_h7_review_ready_guard_20260809_002216/ros2_test1/test) by extensions ['cmake', 'python']
[0.455s] Level 1:colcon.colcon_core.package_identification:_identify(saved_versions/rk_h7_review_ready_guard_20260809_002216/ros2_test1/test) by extension 'cmake'
[0.455s] Level 1:colcon.colcon_core.package_identification:_identify(saved_versions/rk_h7_review_ready_guard_20260809_002216/ros2_test1/test) by extension 'python'
[0.455s] Level 1:colcon.colcon_core.package_identification:_identify(saved_versions/rk_h7_review_ready_guard_20260809_002216/ros2_test1/test) by extensions ['python_setup_py']
[0.455s] Level 1:colcon.colcon_core.package_identification:_identify(saved_versions/rk_h7_review_ready_guard_20260809_002216/ros2_test1/test) by extension 'python_setup_py'
[0.455s] Level 1:colcon.colcon_core.package_identification:_identify(saved_versions/task1_disc_catch_20260812_193435) by extensions ['ignore', 'ignore_ament_install']
[0.455s] Level 1:colcon.colcon_core.package_identification:_identify(saved_versions/task1_disc_catch_20260812_193435) by extension 'ignore'
[0.455s] Level 1:colcon.colcon_core.package_identification:_identify(saved_versions/task1_disc_catch_20260812_193435) by extension 'ignore_ament_install'
[0.455s] Level 1:colcon.colcon_core.package_identification:_identify(saved_versions/task1_disc_catch_20260812_193435) by extensions ['colcon_pkg']
[0.455s] Level 1:colcon.colcon_core.package_identification:_identify(saved_versions/task1_disc_catch_20260812_193435) by extension 'colcon_pkg'
[0.455s] Level 1:colcon.colcon_core.package_identification:_identify(saved_versions/task1_disc_catch_20260812_193435) by extensions ['colcon_meta']
[0.455s] Level 1:colcon.colcon_core.package_identification:_identify(saved_versions/task1_disc_catch_20260812_193435) by extension 'colcon_meta'
[0.455s] Level 1:colcon.colcon_core.package_identification:_identify(saved_versions/task1_disc_catch_20260812_193435) by extensions ['ros']
[0.455s] Level 1:colcon.colcon_core.package_identification:_identify(saved_versions/task1_disc_catch_20260812_193435) by extension 'ros'
[0.455s] Level 1:colcon.colcon_core.package_identification:_identify(saved_versions/task1_disc_catch_20260812_193435) by extensions ['cmake', 'python']
[0.455s] Level 1:colcon.colcon_core.package_identification:_identify(saved_versions/task1_disc_catch_20260812_193435) by extension 'cmake'
[0.455s] Level 1:colcon.colcon_core.package_identification:_identify(saved_versions/task1_disc_catch_20260812_193435) by extension 'python'
[0.456s] Level 1:colcon.colcon_core.package_identification:_identify(saved_versions/task1_disc_catch_20260812_193435) by extensions ['python_setup_py']
[0.456s] Level 1:colcon.colcon_core.package_identification:_identify(saved_versions/task1_disc_catch_20260812_193435) by extension 'python_setup_py'
[0.456s] Level 1:colcon.colcon_core.package_identification:_identify(saved_versions/task1_fixed_id1_id2_20260813_055405) by extensions ['ignore', 'ignore_ament_install']
[0.456s] Level 1:colcon.colcon_core.package_identification:_identify(saved_versions/task1_fixed_id1_id2_20260813_055405) by extension 'ignore'
[0.456s] Level 1:colcon.colcon_core.package_identification:_identify(saved_versions/task1_fixed_id1_id2_20260813_055405) by extension 'ignore_ament_install'
[0.456s] Level 1:colcon.colcon_core.package_identification:_identify(saved_versions/task1_fixed_id1_id2_20260813_055405) by extensions ['colcon_pkg']
[0.456s] Level 1:colcon.colcon_core.package_identification:_identify(saved_versions/task1_fixed_id1_id2_20260813_055405) by extension 'colcon_pkg'
[0.456s] Level 1:colcon.colcon_core.package_identification:_identify(saved_versions/task1_fixed_id1_id2_20260813_055405) by extensions ['colcon_meta']
[0.456s] Level 1:colcon.colcon_core.package_identification:_identify(saved_versions/task1_fixed_id1_id2_20260813_055405) by extension 'colcon_meta'
[0.456s] Level 1:colcon.colcon_core.package_identification:_identify(saved_versions/task1_fixed_id1_id2_20260813_055405) by extensions ['ros']
[0.456s] Level 1:colcon.colcon_core.package_identification:_identify(saved_versions/task1_fixed_id1_id2_20260813_055405) by extension 'ros'
[0.456s] Level 1:colcon.colcon_core.package_identification:_identify(saved_versions/task1_fixed_id1_id2_20260813_055405) by extensions ['cmake', 'python']
[0.456s] Level 1:colcon.colcon_core.package_identification:_identify(saved_versions/task1_fixed_id1_id2_20260813_055405) by extension 'cmake'
[0.456s] Level 1:colcon.colcon_core.package_identification:_identify(saved_versions/task1_fixed_id1_id2_20260813_055405) by extension 'python'
[0.456s] Level 1:colcon.colcon_core.package_identification:_identify(saved_versions/task1_fixed_id1_id2_20260813_055405) by extensions ['python_setup_py']
[0.456s] Level 1:colcon.colcon_core.package_identification:_identify(saved_versions/task1_fixed_id1_id2_20260813_055405) by extension 'python_setup_py'
[0.457s] Level 1:colcon.colcon_core.package_identification:_identify(saved_versions/task1_fixed_id1_id2_20260813_055405/ros2_test1) by extensions ['ignore', 'ignore_ament_install']
[0.457s] Level 1:colcon.colcon_core.package_identification:_identify(saved_versions/task1_fixed_id1_id2_20260813_055405/ros2_test1) by extension 'ignore'
[0.457s] Level 1:colcon.colcon_core.package_identification:_identify(saved_versions/task1_fixed_id1_id2_20260813_055405/ros2_test1) by extension 'ignore_ament_install'
[0.457s] Level 1:colcon.colcon_core.package_identification:_identify(saved_versions/task1_fixed_id1_id2_20260813_055405/ros2_test1) by extensions ['colcon_pkg']
[0.457s] Level 1:colcon.colcon_core.package_identification:_identify(saved_versions/task1_fixed_id1_id2_20260813_055405/ros2_test1) by extension 'colcon_pkg'
[0.457s] Level 1:colcon.colcon_core.package_identification:_identify(saved_versions/task1_fixed_id1_id2_20260813_055405/ros2_test1) by extensions ['colcon_meta']
[0.457s] Level 1:colcon.colcon_core.package_identification:_identify(saved_versions/task1_fixed_id1_id2_20260813_055405/ros2_test1) by extension 'colcon_meta'
[0.457s] Level 1:colcon.colcon_core.package_identification:_identify(saved_versions/task1_fixed_id1_id2_20260813_055405/ros2_test1) by extensions ['ros']
[0.457s] Level 1:colcon.colcon_core.package_identification:_identify(saved_versions/task1_fixed_id1_id2_20260813_055405/ros2_test1) by extension 'ros'
[0.457s] Level 1:colcon.colcon_core.package_identification:_identify(saved_versions/task1_fixed_id1_id2_20260813_055405/ros2_test1) by extensions ['cmake', 'python']
[0.457s] Level 1:colcon.colcon_core.package_identification:_identify(saved_versions/task1_fixed_id1_id2_20260813_055405/ros2_test1) by extension 'cmake'
[0.457s] Level 1:colcon.colcon_core.package_identification:_identify(saved_versions/task1_fixed_id1_id2_20260813_055405/ros2_test1) by extension 'python'
[0.457s] Level 1:colcon.colcon_core.package_identification:_identify(saved_versions/task1_fixed_id1_id2_20260813_055405/ros2_test1) by extensions ['python_setup_py']
[0.457s] Level 1:colcon.colcon_core.package_identification:_identify(saved_versions/task1_fixed_id1_id2_20260813_055405/ros2_test1) by extension 'python_setup_py'
[0.457s] Level 1:colcon.colcon_core.package_identification:_identify(saved_versions/task1_fixed_id1_id2_20260813_055405/ros2_test1/ros2_test1) by extensions ['ignore', 'ignore_ament_install']
[0.458s] Level 1:colcon.colcon_core.package_identification:_identify(saved_versions/task1_fixed_id1_id2_20260813_055405/ros2_test1/ros2_test1) by extension 'ignore'
[0.458s] Level 1:colcon.colcon_core.package_identification:_identify(saved_versions/task1_fixed_id1_id2_20260813_055405/ros2_test1/ros2_test1) by extension 'ignore_ament_install'
[0.458s] Level 1:colcon.colcon_core.package_identification:_identify(saved_versions/task1_fixed_id1_id2_20260813_055405/ros2_test1/ros2_test1) by extensions ['colcon_pkg']
[0.458s] Level 1:colcon.colcon_core.package_identification:_identify(saved_versions/task1_fixed_id1_id2_20260813_055405/ros2_test1/ros2_test1) by extension 'colcon_pkg'
[0.458s] Level 1:colcon.colcon_core.package_identification:_identify(saved_versions/task1_fixed_id1_id2_20260813_055405/ros2_test1/ros2_test1) by extensions ['colcon_meta']
[0.458s] Level 1:colcon.colcon_core.package_identification:_identify(saved_versions/task1_fixed_id1_id2_20260813_055405/ros2_test1/ros2_test1) by extension 'colcon_meta'
[0.458s] Level 1:colcon.colcon_core.package_identification:_identify(saved_versions/task1_fixed_id1_id2_20260813_055405/ros2_test1/ros2_test1) by extensions ['ros']
[0.458s] Level 1:colcon.colcon_core.package_identification:_identify(saved_versions/task1_fixed_id1_id2_20260813_055405/ros2_test1/ros2_test1) by extension 'ros'
[0.458s] Level 1:colcon.colcon_core.package_identification:_identify(saved_versions/task1_fixed_id1_id2_20260813_055405/ros2_test1/ros2_test1) by extensions ['cmake', 'python']
[0.458s] Level 1:colcon.colcon_core.package_identification:_identify(saved_versions/task1_fixed_id1_id2_20260813_055405/ros2_test1/ros2_test1) by extension 'cmake'
[0.458s] Level 1:colcon.colcon_core.package_identification:_identify(saved_versions/task1_fixed_id1_id2_20260813_055405/ros2_test1/ros2_test1) by extension 'python'
[0.458s] Level 1:colcon.colcon_core.package_identification:_identify(saved_versions/task1_fixed_id1_id2_20260813_055405/ros2_test1/ros2_test1) by extensions ['python_setup_py']
[0.458s] Level 1:colcon.colcon_core.package_identification:_identify(saved_versions/task1_fixed_id1_id2_20260813_055405/ros2_test1/ros2_test1) by extension 'python_setup_py'
[0.458s] Level 1:colcon.colcon_core.package_identification:_identify(saved_versions/task1_prep_high_20260813_060307) by extensions ['ignore', 'ignore_ament_install']
[0.458s] Level 1:colcon.colcon_core.package_identification:_identify(saved_versions/task1_prep_high_20260813_060307) by extension 'ignore'
[0.459s] Level 1:colcon.colcon_core.package_identification:_identify(saved_versions/task1_prep_high_20260813_060307) by extension 'ignore_ament_install'
[0.459s] Level 1:colcon.colcon_core.package_identification:_identify(saved_versions/task1_prep_high_20260813_060307) by extensions ['colcon_pkg']
[0.459s] Level 1:colcon.colcon_core.package_identification:_identify(saved_versions/task1_prep_high_20260813_060307) by extension 'colcon_pkg'
[0.459s] Level 1:colcon.colcon_core.package_identification:_identify(saved_versions/task1_prep_high_20260813_060307) by extensions ['colcon_meta']
[0.459s] Level 1:colcon.colcon_core.package_identification:_identify(saved_versions/task1_prep_high_20260813_060307) by extension 'colcon_meta'
[0.459s] Level 1:colcon.colcon_core.package_identification:_identify(saved_versions/task1_prep_high_20260813_060307) by extensions ['ros']
[0.459s] Level 1:colcon.colcon_core.package_identification:_identify(saved_versions/task1_prep_high_20260813_060307) by extension 'ros'
[0.459s] Level 1:colcon.colcon_core.package_identification:_identify(saved_versions/task1_prep_high_20260813_060307) by extensions ['cmake', 'python']
[0.459s] Level 1:colcon.colcon_core.package_identification:_identify(saved_versions/task1_prep_high_20260813_060307) by extension 'cmake'
[0.459s] Level 1:colcon.colcon_core.package_identification:_identify(saved_versions/task1_prep_high_20260813_060307) by extension 'python'
[0.459s] Level 1:colcon.colcon_core.package_identification:_identify(saved_versions/task1_prep_high_20260813_060307) by extensions ['python_setup_py']
[0.459s] Level 1:colcon.colcon_core.package_identification:_identify(saved_versions/task1_prep_high_20260813_060307) by extension 'python_setup_py'
[0.459s] Level 1:colcon.colcon_core.package_identification:_identify(saved_versions/task1_prep_high_20260813_060307/ros2_test1) by extensions ['ignore', 'ignore_ament_install']
[0.459s] Level 1:colcon.colcon_core.package_identification:_identify(saved_versions/task1_prep_high_20260813_060307/ros2_test1) by extension 'ignore'
[0.459s] Level 1:colcon.colcon_core.package_identification:_identify(saved_versions/task1_prep_high_20260813_060307/ros2_test1) by extension 'ignore_ament_install'
[0.459s] Level 1:colcon.colcon_core.package_identification:_identify(saved_versions/task1_prep_high_20260813_060307/ros2_test1) by extensions ['colcon_pkg']
[0.460s] Level 1:colcon.colcon_core.package_identification:_identify(saved_versions/task1_prep_high_20260813_060307/ros2_test1) by extension 'colcon_pkg'
[0.460s] Level 1:colcon.colcon_core.package_identification:_identify(saved_versions/task1_prep_high_20260813_060307/ros2_test1) by extensions ['colcon_meta']
[0.460s] Level 1:colcon.colcon_core.package_identification:_identify(saved_versions/task1_prep_high_20260813_060307/ros2_test1) by extension 'colcon_meta'
[0.460s] Level 1:colcon.colcon_core.package_identification:_identify(saved_versions/task1_prep_high_20260813_060307/ros2_test1) by extensions ['ros']
[0.460s] Level 1:colcon.colcon_core.package_identification:_identify(saved_versions/task1_prep_high_20260813_060307/ros2_test1) by extension 'ros'
[0.460s] Level 1:colcon.colcon_core.package_identification:_identify(saved_versions/task1_prep_high_20260813_060307/ros2_test1) by extensions ['cmake', 'python']
[0.460s] Level 1:colcon.colcon_core.package_identification:_identify(saved_versions/task1_prep_high_20260813_060307/ros2_test1) by extension 'cmake'
[0.460s] Level 1:colcon.colcon_core.package_identification:_identify(saved_versions/task1_prep_high_20260813_060307/ros2_test1) by extension 'python'
[0.460s] Level 1:colcon.colcon_core.package_identification:_identify(saved_versions/task1_prep_high_20260813_060307/ros2_test1) by extensions ['python_setup_py']
[0.460s] Level 1:colcon.colcon_core.package_identification:_identify(saved_versions/task1_prep_high_20260813_060307/ros2_test1) by extension 'python_setup_py'
[0.460s] Level 1:colcon.colcon_core.package_identification:_identify(saved_versions/task1_prep_high_20260813_060307/ros2_test1/ros2_test1) by extensions ['ignore', 'ignore_ament_install']
[0.460s] Level 1:colcon.colcon_core.package_identification:_identify(saved_versions/task1_prep_high_20260813_060307/ros2_test1/ros2_test1) by extension 'ignore'
[0.460s] Level 1:colcon.colcon_core.package_identification:_identify(saved_versions/task1_prep_high_20260813_060307/ros2_test1/ros2_test1) by extension 'ignore_ament_install'
[0.460s] Level 1:colcon.colcon_core.package_identification:_identify(saved_versions/task1_prep_high_20260813_060307/ros2_test1/ros2_test1) by extensions ['colcon_pkg']
[0.460s] Level 1:colcon.colcon_core.package_identification:_identify(saved_versions/task1_prep_high_20260813_060307/ros2_test1/ros2_test1) by extension 'colcon_pkg'
[0.460s] Level 1:colcon.colcon_core.package_identification:_identify(saved_versions/task1_prep_high_20260813_060307/ros2_test1/ros2_test1) by extensions ['colcon_meta']
[0.460s] Level 1:colcon.colcon_core.package_identification:_identify(saved_versions/task1_prep_high_20260813_060307/ros2_test1/ros2_test1) by extension 'colcon_meta'
[0.461s] Level 1:colcon.colcon_core.package_identification:_identify(saved_versions/task1_prep_high_20260813_060307/ros2_test1/ros2_test1) by extensions ['ros']
[0.461s] Level 1:colcon.colcon_core.package_identification:_identify(saved_versions/task1_prep_high_20260813_060307/ros2_test1/ros2_test1) by extension 'ros'
[0.461s] Level 1:colcon.colcon_core.package_identification:_identify(saved_versions/task1_prep_high_20260813_060307/ros2_test1/ros2_test1) by extensions ['cmake', 'python']
[0.461s] Level 1:colcon.colcon_core.package_identification:_identify(saved_versions/task1_prep_high_20260813_060307/ros2_test1/ros2_test1) by extension 'cmake'
[0.461s] Level 1:colcon.colcon_core.package_identification:_identify(saved_versions/task1_prep_high_20260813_060307/ros2_test1/ros2_test1) by extension 'python'
[0.461s] Level 1:colcon.colcon_core.package_identification:_identify(saved_versions/task1_prep_high_20260813_060307/ros2_test1/ros2_test1) by extensions ['python_setup_py']
[0.461s] Level 1:colcon.colcon_core.package_identification:_identify(saved_versions/task1_prep_high_20260813_060307/ros2_test1/ros2_test1) by extension 'python_setup_py'
[0.461s] Level 1:colcon.colcon_core.package_identification:_identify(saved_versions/task1_prep_seq_20260813_060603) by extensions ['ignore', 'ignore_ament_install']
[0.461s] Level 1:colcon.colcon_core.package_identification:_identify(saved_versions/task1_prep_seq_20260813_060603) by extension 'ignore'
[0.461s] Level 1:colcon.colcon_core.package_identification:_identify(saved_versions/task1_prep_seq_20260813_060603) by extension 'ignore_ament_install'
[0.461s] Level 1:colcon.colcon_core.package_identification:_identify(saved_versions/task1_prep_seq_20260813_060603) by extensions ['colcon_pkg']
[0.461s] Level 1:colcon.colcon_core.package_identification:_identify(saved_versions/task1_prep_seq_20260813_060603) by extension 'colcon_pkg'
[0.461s] Level 1:colcon.colcon_core.package_identification:_identify(saved_versions/task1_prep_seq_20260813_060603) by extensions ['colcon_meta']
[0.461s] Level 1:colcon.colcon_core.package_identification:_identify(saved_versions/task1_prep_seq_20260813_060603) by extension 'colcon_meta'
[0.461s] Level 1:colcon.colcon_core.package_identification:_identify(saved_versions/task1_prep_seq_20260813_060603) by extensions ['ros']
[0.461s] Level 1:colcon.colcon_core.package_identification:_identify(saved_versions/task1_prep_seq_20260813_060603) by extension 'ros'
[0.462s] Level 1:colcon.colcon_core.package_identification:_identify(saved_versions/task1_prep_seq_20260813_060603) by extensions ['cmake', 'python']
[0.462s] Level 1:colcon.colcon_core.package_identification:_identify(saved_versions/task1_prep_seq_20260813_060603) by extension 'cmake'
[0.462s] Level 1:colcon.colcon_core.package_identification:_identify(saved_versions/task1_prep_seq_20260813_060603) by extension 'python'
[0.462s] Level 1:colcon.colcon_core.package_identification:_identify(saved_versions/task1_prep_seq_20260813_060603) by extensions ['python_setup_py']
[0.462s] Level 1:colcon.colcon_core.package_identification:_identify(saved_versions/task1_prep_seq_20260813_060603) by extension 'python_setup_py'
[0.462s] Level 1:colcon.colcon_core.package_identification:_identify(saved_versions/task1_prep_seq_20260813_060603/ros2_test1) by extensions ['ignore', 'ignore_ament_install']
[0.462s] Level 1:colcon.colcon_core.package_identification:_identify(saved_versions/task1_prep_seq_20260813_060603/ros2_test1) by extension 'ignore'
[0.462s] Level 1:colcon.colcon_core.package_identification:_identify(saved_versions/task1_prep_seq_20260813_060603/ros2_test1) by extension 'ignore_ament_install'
[0.462s] Level 1:colcon.colcon_core.package_identification:_identify(saved_versions/task1_prep_seq_20260813_060603/ros2_test1) by extensions ['colcon_pkg']
[0.462s] Level 1:colcon.colcon_core.package_identification:_identify(saved_versions/task1_prep_seq_20260813_060603/ros2_test1) by extension 'colcon_pkg'
[0.462s] Level 1:colcon.colcon_core.package_identification:_identify(saved_versions/task1_prep_seq_20260813_060603/ros2_test1) by extensions ['colcon_meta']
[0.462s] Level 1:colcon.colcon_core.package_identification:_identify(saved_versions/task1_prep_seq_20260813_060603/ros2_test1) by extension 'colcon_meta'
[0.462s] Level 1:colcon.colcon_core.package_identification:_identify(saved_versions/task1_prep_seq_20260813_060603/ros2_test1) by extensions ['ros']
[0.462s] Level 1:colcon.colcon_core.package_identification:_identify(saved_versions/task1_prep_seq_20260813_060603/ros2_test1) by extension 'ros'
[0.462s] Level 1:colcon.colcon_core.package_identification:_identify(saved_versions/task1_prep_seq_20260813_060603/ros2_test1) by extensions ['cmake', 'python']
[0.462s] Level 1:colcon.colcon_core.package_identification:_identify(saved_versions/task1_prep_seq_20260813_060603/ros2_test1) by extension 'cmake'
[0.463s] Level 1:colcon.colcon_core.package_identification:_identify(saved_versions/task1_prep_seq_20260813_060603/ros2_test1) by extension 'python'
[0.463s] Level 1:colcon.colcon_core.package_identification:_identify(saved_versions/task1_prep_seq_20260813_060603/ros2_test1) by extensions ['python_setup_py']
[0.463s] Level 1:colcon.colcon_core.package_identification:_identify(saved_versions/task1_prep_seq_20260813_060603/ros2_test1) by extension 'python_setup_py'
[0.463s] Level 1:colcon.colcon_core.package_identification:_identify(saved_versions/task1_prep_seq_20260813_060603/ros2_test1/ros2_test1) by extensions ['ignore', 'ignore_ament_install']
[0.463s] Level 1:colcon.colcon_core.package_identification:_identify(saved_versions/task1_prep_seq_20260813_060603/ros2_test1/ros2_test1) by extension 'ignore'
[0.463s] Level 1:colcon.colcon_core.package_identification:_identify(saved_versions/task1_prep_seq_20260813_060603/ros2_test1/ros2_test1) by extension 'ignore_ament_install'
[0.463s] Level 1:colcon.colcon_core.package_identification:_identify(saved_versions/task1_prep_seq_20260813_060603/ros2_test1/ros2_test1) by extensions ['colcon_pkg']
[0.463s] Level 1:colcon.colcon_core.package_identification:_identify(saved_versions/task1_prep_seq_20260813_060603/ros2_test1/ros2_test1) by extension 'colcon_pkg'
[0.463s] Level 1:colcon.colcon_core.package_identification:_identify(saved_versions/task1_prep_seq_20260813_060603/ros2_test1/ros2_test1) by extensions ['colcon_meta']
[0.463s] Level 1:colcon.colcon_core.package_identification:_identify(saved_versions/task1_prep_seq_20260813_060603/ros2_test1/ros2_test1) by extension 'colcon_meta'
[0.463s] Level 1:colcon.colcon_core.package_identification:_identify(saved_versions/task1_prep_seq_20260813_060603/ros2_test1/ros2_test1) by extensions ['ros']
[0.463s] Level 1:colcon.colcon_core.package_identification:_identify(saved_versions/task1_prep_seq_20260813_060603/ros2_test1/ros2_test1) by extension 'ros'
[0.464s] Level 1:colcon.colcon_core.package_identification:_identify(saved_versions/task1_prep_seq_20260813_060603/ros2_test1/ros2_test1) by extensions ['cmake', 'python']
[0.464s] Level 1:colcon.colcon_core.package_identification:_identify(saved_versions/task1_prep_seq_20260813_060603/ros2_test1/ros2_test1) by extension 'cmake'
[0.464s] Level 1:colcon.colcon_core.package_identification:_identify(saved_versions/task1_prep_seq_20260813_060603/ros2_test1/ros2_test1) by extension 'python'
[0.464s] Level 1:colcon.colcon_core.package_identification:_identify(saved_versions/task1_prep_seq_20260813_060603/ros2_test1/ros2_test1) by extensions ['python_setup_py']
[0.464s] Level 1:colcon.colcon_core.package_identification:_identify(saved_versions/task1_prep_seq_20260813_060603/ros2_test1/ros2_test1) by extension 'python_setup_py'
[0.465s] Level 1:colcon.colcon_core.package_identification:_identify(src) by extensions ['ignore', 'ignore_ament_install']
[0.465s] Level 1:colcon.colcon_core.package_identification:_identify(src) by extension 'ignore'
[0.465s] Level 1:colcon.colcon_core.package_identification:_identify(src) by extension 'ignore_ament_install'
[0.466s] Level 1:colcon.colcon_core.package_identification:_identify(src) by extensions ['colcon_pkg']
[0.466s] Level 1:colcon.colcon_core.package_identification:_identify(src) by extension 'colcon_pkg'
[0.466s] Level 1:colcon.colcon_core.package_identification:_identify(src) by extensions ['colcon_meta']
[0.466s] Level 1:colcon.colcon_core.package_identification:_identify(src) by extension 'colcon_meta'
[0.467s] Level 1:colcon.colcon_core.package_identification:_identify(src) by extensions ['ros']
[0.467s] Level 1:colcon.colcon_core.package_identification:_identify(src) by extension 'ros'
[0.467s] Level 1:colcon.colcon_core.package_identification:_identify(src) by extensions ['cmake', 'python']
[0.467s] Level 1:colcon.colcon_core.package_identification:_identify(src) by extension 'cmake'
[0.467s] Level 1:colcon.colcon_core.package_identification:_identify(src) by extension 'python'
[0.467s] Level 1:colcon.colcon_core.package_identification:_identify(src) by extensions ['python_setup_py']
[0.467s] Level 1:colcon.colcon_core.package_identification:_identify(src) by extension 'python_setup_py'
[0.468s] Level 1:colcon.colcon_core.package_identification:_identify(src/stm32_bridge) by extensions ['ignore', 'ignore_ament_install']
[0.468s] Level 1:colcon.colcon_core.package_identification:_identify(src/stm32_bridge) by extension 'ignore'
[0.468s] Level 1:colcon.colcon_core.package_identification:_identify(src/stm32_bridge) by extension 'ignore_ament_install'
[0.468s] Level 1:colcon.colcon_core.package_identification:_identify(src/stm32_bridge) by extensions ['colcon_pkg']
[0.468s] Level 1:colcon.colcon_core.package_identification:_identify(src/stm32_bridge) by extension 'colcon_pkg'
[0.468s] Level 1:colcon.colcon_core.package_identification:_identify(src/stm32_bridge) by extensions ['colcon_meta']
[0.468s] Level 1:colcon.colcon_core.package_identification:_identify(src/stm32_bridge) by extension 'colcon_meta'
[0.468s] Level 1:colcon.colcon_core.package_identification:_identify(src/stm32_bridge) by extensions ['ros']
[0.468s] Level 1:colcon.colcon_core.package_identification:_identify(src/stm32_bridge) by extension 'ros'
[0.473s] DEBUG:colcon.colcon_core.package_identification:Package 'src/stm32_bridge' with type 'ros.ament_python' and name 'stm32_bridge'
[0.473s] Level 1:colcon.colcon_core.package_discovery:discover_packages(recursive) using defaults
[0.473s] Level 1:colcon.colcon_core.package_discovery:discover_packages(ignore) discover
[0.473s] Level 1:colcon.colcon_core.package_discovery:discover_packages(ignore) using defaults
[0.473s] Level 1:colcon.colcon_core.package_discovery:discover_packages(path) discover
[0.473s] Level 1:colcon.colcon_core.package_discovery:discover_packages(path) using defaults
[0.506s] INFO:colcon.colcon_metadata.metadata.colcon_pkg:Updating descriptor of package 'ros2_test1' from colcon.pkg: {'name': 'ros2_test1', 'type': 'ros.ament_python'}
[0.529s] DEBUG:colcon.colcon_core.package_identification:Failed to parse potential ROS package manifest in'ros2_test1': Error(s) in package 'ros2_test1/package.xml':
Invalid email "cat@lubancat" for person "cat"
[0.530s] INFO:colcon.colcon_core.package_selection:Skipping not selected package 'stm32_bridge' in 'src/stm32_bridge'
[0.530s] Level 1:colcon.colcon_core.package_discovery:discover_packages(prefix_path) check parameters
[0.530s] Level 1:colcon.colcon_core.package_discovery:discover_packages(prefix_path) discover
[0.534s] DEBUG:colcon.colcon_installed_package_information.package_discovery:Found 273 installed packages in /opt/ros/humble
[0.536s] Level 1:colcon.colcon_core.package_discovery:discover_packages(prefix_path) using defaults
[0.593s] Level 5:colcon.colcon_core.verb:set package 'ros2_test1' build argument 'cmake_args' from command line to 'None'
[0.593s] Level 5:colcon.colcon_core.verb:set package 'ros2_test1' build argument 'cmake_target' from command line to 'None'
[0.593s] Level 5:colcon.colcon_core.verb:set package 'ros2_test1' build argument 'cmake_target_skip_unavailable' from command line to 'False'
[0.593s] Level 5:colcon.colcon_core.verb:set package 'ros2_test1' build argument 'cmake_clean_cache' from command line to 'False'
[0.594s] Level 5:colcon.colcon_core.verb:set package 'ros2_test1' build argument 'cmake_clean_first' from command line to 'False'
[0.594s] Level 5:colcon.colcon_core.verb:set package 'ros2_test1' build argument 'cmake_force_configure' from command line to 'False'
[0.594s] Level 5:colcon.colcon_core.verb:set package 'ros2_test1' build argument 'ament_cmake_args' from command line to 'None'
[0.594s] Level 5:colcon.colcon_core.verb:set package 'ros2_test1' build argument 'catkin_cmake_args' from command line to 'None'
[0.594s] Level 5:colcon.colcon_core.verb:set package 'ros2_test1' build argument 'catkin_skip_building_tests' from command line to 'False'
[0.594s] DEBUG:colcon.colcon_core.verb:Building package 'ros2_test1' with the following arguments: {'ament_cmake_args': None, 'build_base': '/home/cat/ros2_ws/build/ros2_test1', 'catkin_cmake_args': None, 'catkin_skip_building_tests': False, 'cmake_args': None, 'cmake_clean_cache': False, 'cmake_clean_first': False, 'cmake_force_configure': False, 'cmake_target': None, 'cmake_target_skip_unavailable': False, 'install_base': '/home/cat/ros2_ws/install/ros2_test1', 'merge_install': False, 'path': '/home/cat/ros2_ws/ros2_test1', 'symlink_install': True, 'test_result_base': None}
[0.594s] INFO:colcon.colcon_core.executor:Executing jobs using 'parallel' executor
[0.596s] DEBUG:colcon.colcon_parallel_executor.executor.parallel:run_until_complete
[0.596s] INFO:colcon.colcon_ros.task.ament_python.build:Building ROS package in '/home/cat/ros2_ws/ros2_test1' with build type 'ament_python'
[0.596s] Level 1:colcon.colcon_core.shell:create_environment_hook('ros2_test1', 'ament_prefix_path')
[0.599s] INFO:colcon.colcon_core.plugin_system:Skipping extension 'colcon_core.shell.bat': Not used on non-Windows systems
[0.599s] INFO:colcon.colcon_core.shell:Creating environment hook '/home/cat/ros2_ws/install/ros2_test1/share/ros2_test1/hook/ament_prefix_path.ps1'
[0.601s] INFO:colcon.colcon_core.shell:Creating environment descriptor '/home/cat/ros2_ws/install/ros2_test1/share/ros2_test1/hook/ament_prefix_path.dsv'
[0.602s] INFO:colcon.colcon_core.shell:Creating environment hook '/home/cat/ros2_ws/install/ros2_test1/share/ros2_test1/hook/ament_prefix_path.sh'
[0.603s] INFO:colcon.colcon_core.shell:Skip shell extension 'powershell' for command environment: Not usable outside of PowerShell
[0.603s] DEBUG:colcon.colcon_core.shell:Skip shell extension 'dsv' for command environment
[1.010s] INFO:colcon.colcon_core.task.python.build:Building Python package in '/home/cat/ros2_ws/ros2_test1'
[1.011s] INFO:colcon.colcon_core.shell:Skip shell extension 'powershell' for command environment: Not usable outside of PowerShell
[1.011s] DEBUG:colcon.colcon_core.shell:Skip shell extension 'dsv' for command environment
[1.552s] DEBUG:colcon.colcon_core.task.python.build:Available setuptools commands: check, build, build_ext, clean, install_lib, bdist_rpm, bdist_egg, bdist_wheel, build_scripts, egg_info, dist_info, install, register, install_scripts, install_headers, develop, install_egg_info, upload_docs, symlink_data, test, build_py, bdist_dumb, alias, saveopts, rotate, install_data, bdist, sdist, upload, easy_install, build_clib, setopt
[2.019s] DEBUG:colcon.colcon_core.task.python.build:Available setuptools 'develop' options: --local-snapshots-ok, --egg-path, --install-dir, --find-links, --multi-version, --no-find-links, --dry-run, --no-user-cfg, --no-deps, --quiet, --zip-ok, --uninstall, --prefix, --always-unzip, --version, --record, --build-directory, --allow-hosts, --editable, --script-dir, --optimize, --always-copy, --index-url, --help, --user, --upgrade, --site-dirs, --exclude-scripts, --install-layout, --verbose, --force-installation-into-system-dir
[2.029s] DEBUG:colcon.colcon_core.event_handler.log_command:Invoking command in '/home/cat/ros2_ws/build/ros2_test1': PYTHONPATH=/home/cat/ros2_ws/build/ros2_test1/prefix_override:/usr/lib/python3/dist-packages/colcon_core/task/python/colcon_distutils_commands:/home/cat/ros2_ws/install/ros2_test1/lib/python3.10/site-packages:${PYTHONPATH} /usr/bin/python3 -W ignore:setup.py install is deprecated -W ignore:easy_install command is deprecated setup.py develop --editable --build-directory /home/cat/ros2_ws/build/ros2_test1/build --no-deps symlink_data
[2.761s] Level 1:colcon.colcon_core.shell:create_environment_hook('ros2_test1', 'pythonpath_develop')
[2.761s] INFO:colcon.colcon_core.shell:Creating environment hook '/home/cat/ros2_ws/build/ros2_test1/share/ros2_test1/hook/pythonpath_develop.ps1'
[2.763s] DEBUG:colcon.colcon_core.event_handler.log_command:Invoked command in '/home/cat/ros2_ws/build/ros2_test1' returned '0': PYTHONPATH=/home/cat/ros2_ws/build/ros2_test1/prefix_override:/usr/lib/python3/dist-packages/colcon_core/task/python/colcon_distutils_commands:/home/cat/ros2_ws/install/ros2_test1/lib/python3.10/site-packages:${PYTHONPATH} /usr/bin/python3 -W ignore:setup.py install is deprecated -W ignore:easy_install command is deprecated setup.py develop --editable --build-directory /home/cat/ros2_ws/build/ros2_test1/build --no-deps symlink_data
[2.764s] INFO:colcon.colcon_core.shell:Creating environment descriptor '/home/cat/ros2_ws/build/ros2_test1/share/ros2_test1/hook/pythonpath_develop.dsv'
[2.765s] INFO:colcon.colcon_core.shell:Creating environment hook '/home/cat/ros2_ws/build/ros2_test1/share/ros2_test1/hook/pythonpath_develop.sh'
[2.769s] Level 1:colcon.colcon_core.environment:checking '/home/cat/ros2_ws/install/ros2_test1' for CMake module files
[2.770s] Level 1:colcon.colcon_core.environment:checking '/home/cat/ros2_ws/install/ros2_test1' for CMake config files
[2.771s] Level 1:colcon.colcon_core.environment:checking '/home/cat/ros2_ws/install/ros2_test1/lib'
[2.771s] Level 1:colcon.colcon_core.environment:checking '/home/cat/ros2_ws/install/ros2_test1/bin'
[2.771s] Level 1:colcon.colcon_core.environment:checking '/home/cat/ros2_ws/install/ros2_test1/lib/pkgconfig/ros2_test1.pc'
[2.772s] Level 1:colcon.colcon_core.environment:checking '/home/cat/ros2_ws/install/ros2_test1/lib/python3.10/site-packages'
[2.772s] Level 1:colcon.colcon_core.shell:create_environment_hook('ros2_test1', 'pythonpath')
[2.772s] INFO:colcon.colcon_core.shell:Creating environment hook '/home/cat/ros2_ws/install/ros2_test1/share/ros2_test1/hook/pythonpath.ps1'
[2.773s] INFO:colcon.colcon_core.shell:Creating environment descriptor '/home/cat/ros2_ws/install/ros2_test1/share/ros2_test1/hook/pythonpath.dsv'
[2.773s] INFO:colcon.colcon_core.shell:Creating environment hook '/home/cat/ros2_ws/install/ros2_test1/share/ros2_test1/hook/pythonpath.sh'
[2.775s] Level 1:colcon.colcon_core.environment:checking '/home/cat/ros2_ws/install/ros2_test1/bin'
[2.775s] Level 1:colcon.colcon_core.environment:create_environment_scripts_only(ros2_test1)
[2.775s] INFO:colcon.colcon_core.shell:Creating package script '/home/cat/ros2_ws/install/ros2_test1/share/ros2_test1/package.ps1'
[2.777s] INFO:colcon.colcon_core.shell:Creating package descriptor '/home/cat/ros2_ws/install/ros2_test1/share/ros2_test1/package.dsv'
[2.778s] INFO:colcon.colcon_core.shell:Creating package script '/home/cat/ros2_ws/install/ros2_test1/share/ros2_test1/package.sh'
[2.779s] INFO:colcon.colcon_core.shell:Creating package script '/home/cat/ros2_ws/install/ros2_test1/share/ros2_test1/package.bash'
[2.780s] INFO:colcon.colcon_core.shell:Creating package script '/home/cat/ros2_ws/install/ros2_test1/share/ros2_test1/package.zsh'
[2.781s] Level 1:colcon.colcon_core.environment:create_file_with_runtime_dependencies(/home/cat/ros2_ws/install/ros2_test1/share/colcon-core/packages/ros2_test1)
[2.782s] DEBUG:colcon.colcon_parallel_executor.executor.parallel:closing loop
[2.782s] DEBUG:colcon.colcon_parallel_executor.executor.parallel:loop closed
[2.782s] DEBUG:colcon.colcon_parallel_executor.executor.parallel:run_until_complete finished with '0'
[2.782s] DEBUG:colcon.colcon_core.event_reactor:joining thread
[2.784s] DEBUG:colcon.colcon_core.event_reactor:joined thread
[2.785s] INFO:colcon.colcon_core.shell:Creating prefix script '/home/cat/ros2_ws/install/local_setup.ps1'
[2.786s] INFO:colcon.colcon_core.shell:Creating prefix util module '/home/cat/ros2_ws/install/_local_setup_util_ps1.py'
[2.788s] INFO:colcon.colcon_core.shell:Creating prefix chain script '/home/cat/ros2_ws/install/setup.ps1'
[2.790s] INFO:colcon.colcon_core.shell:Creating prefix script '/home/cat/ros2_ws/install/local_setup.sh'
[2.791s] INFO:colcon.colcon_core.shell:Creating prefix util module '/home/cat/ros2_ws/install/_local_setup_util_sh.py'
[2.792s] INFO:colcon.colcon_core.shell:Creating prefix chain script '/home/cat/ros2_ws/install/setup.sh'
[2.793s] INFO:colcon.colcon_core.shell:Creating prefix script '/home/cat/ros2_ws/install/local_setup.bash'
[2.794s] INFO:colcon.colcon_core.shell:Creating prefix chain script '/home/cat/ros2_ws/install/setup.bash'
[2.795s] INFO:colcon.colcon_core.shell:Creating prefix script '/home/cat/ros2_ws/install/local_setup.zsh'
[2.796s] INFO:colcon.colcon_core.shell:Creating prefix chain script '/home/cat/ros2_ws/install/setup.zsh'
