==== 2026-07-07 07:32:09 start target vision 2.0 ====
[INFO] [launch]: All log files can be found below /home/cat/.ros/log/2026-07-07-07-32-11-427637-lubancat-4328
[INFO] [launch]: Default logging verbosity is set to INFO
[INFO] [bash-1]: process started with pid [4361]
[INFO] [robot_state_publisher-2]: process started with pid [4363]
[INFO] [bash-1]: process has finished cleanly [pid 4361]
[robot_state_publisher-2] [INFO] [1783380731.726862424] [robot_state_publisher]: got segment base_link
[robot_state_publisher-2] [INFO] [1783380731.727227007] [robot_state_publisher]: got segment base_mount
[robot_state_publisher-2] [INFO] [1783380731.727266091] [robot_state_publisher]: got segment blue_active_bar
[robot_state_publisher-2] [INFO] [1783380731.727295257] [robot_state_publisher]: got segment blue_upper_bar
[robot_state_publisher-2] [INFO] [1783380731.727322674] [robot_state_publisher]: got segment end_effector
[robot_state_publisher-2] [INFO] [1783380731.727349799] [robot_state_publisher]: got segment extension_bar
[robot_state_publisher-2] [INFO] [1783380731.727375757] [robot_state_publisher]: got segment extension_tip
[robot_state_publisher-2] [INFO] [1783380731.727402882] [robot_state_publisher]: got segment gripper_finger_left
[robot_state_publisher-2] [INFO] [1783380731.727430007] [robot_state_publisher]: got segment gripper_finger_right
[robot_state_publisher-2] [INFO] [1783380731.727456549] [robot_state_publisher]: got segment orange_active_bar
[robot_state_publisher-2] [INFO] [1783380731.727483382] [robot_state_publisher]: got segment orange_upper_bar
[robot_state_publisher-2] [INFO] [1783380731.727509632] [robot_state_publisher]: got segment square_platform
[INFO] [target_vision-3]: process started with pid [4377]
[INFO] [rviz2-4]: process started with pid [4379]
[target_vision-3] arm preview publishing /joint_states, /arm/grasp_status, and target markers
[target_vision-3] servo bridge on /dev/ttyS0
[rviz2-4] [INFO] [1783380734.436193738] [rviz2]: Stereo is NOT SUPPORTED
[rviz2-4] [INFO] [1783380734.436302529] [rviz2]: OpenGl version: 3.3 (GLSL 3.3)
[target_vision-3] Camera: /dev/video20 800x600 reported_fps=30.0 attempt=1
[rviz2-4] [INFO] [1783380734.476964659] [rviz2]: Stereo is NOT SUPPORTED
[target_vision-3] Press q or Esc in the preview window to quit.
[target_vision-3] VISION FPS=1.1
[target_vision-3] VISION PERF read=3.8ms detect=147.7ms/detect post=925.6ms display=7.4ms
[target_vision-3] Library QUIRC is not linked. No decoding is performed. Take it to the OpenCV repository.
[WARNING] [launch]: user interrupted with ctrl-c (SIGINT)
[robot_state_publisher-2] [INFO] [1783380744.786262069] [rclcpp]: signal_handler(SIGINT/SIGTERM)
[rviz2-4] [INFO] [1783380744.786264403] [rclcpp]: signal_handler(SIGINT/SIGTERM)
[target_vision-3] Process SpawnProcess-1:
[target_vision-3] Traceback (most recent call last):
[target_vision-3]   File "/usr/lib/python3.10/multiprocessing/process.py", line 314, in _bootstrap
[target_vision-3]     self.run()
[target_vision-3]   File "/usr/lib/python3.10/multiprocessing/process.py", line 108, in run
[target_vision-3]     self._target(*self._args, **self._kwargs)
[target_vision-3]   File "/usr/lib/python3.10/concurrent/futures/process.py", line 240, in _process_worker
[target_vision-3]     call_item = call_queue.get(block=True)
[target_vision-3]   File "/usr/lib/python3.10/multiprocessing/queues.py", line 103, in get
[target_vision-3]     res = self._recv_bytes()
[target_vision-3]   File "/usr/lib/python3.10/multiprocessing/connection.py", line 216, in recv_bytes
[target_vision-3]     buf = self._recv_bytes(maxlength)
[target_vision-3]   File "/usr/lib/python3.10/multiprocessing/connection.py", line 414, in _recv_bytes
[target_vision-3]     buf = self._recv(4)
[target_vision-3]   File "/usr/lib/python3.10/multiprocessing/connection.py", line 379, in _recv
[target_vision-3]     chunk = read(handle, remaining)
[target_vision-3] KeyboardInterrupt
[INFO] [robot_state_publisher-2]: process has finished cleanly [pid 4363]
[target_vision-3] APP EXIT closing claw to ID4=1000
[INFO] [rviz2-4]: process has finished cleanly [pid 4379]
[target_vision-3] SERVO UART TX=zp4:1000 attempt=1 RX=timeout
[target_vision-3] SERVO UART TX=zp4:1000 attempt=2 RX=timeout
[target_vision-3] APP EXIT retracting ID2 first to 100
[target_vision-3] SERVO UART TX=id2=100 attempt=1 RX=timeout
[target_vision-3] SERVO UART TX=id2=100 attempt=2 RX=timeout
[target_vision-3] APP EXIT retracting ID1 to 340 and ID6 to 410
[target_vision-3] SERVO UART TX=id1=340 attempt=1 RX=timeout
[target_vision-3] SERVO UART TX=id1=340 attempt=2 RX=timeout
[target_vision-3] Traceback (most recent call last):
[target_vision-3]   File "/home/cat/ros2_ws/install/ros2_test1/lib/ros2_test1/target_vision", line 33, in <module>
[target_vision-3]     sys.exit(load_entry_point('ros2-test1', 'console_scripts', 'target_vision')())
[target_vision-3]   File "/home/cat/ros2_ws/build/ros2_test1/ros2_test1/target_vision.py", line 3632, in main
[target_vision-3]     grasp_info = grasp_controller.update(preview_target, frame.shape)
[target_vision-3]   File "/home/cat/ros2_ws/build/ros2_test1/ros2_test1/target_vision.py", line 2069, in update
[target_vision-3]     return self._update_startup(now)
[target_vision-3]   File "/home/cat/ros2_ws/build/ros2_test1/ros2_test1/target_vision.py", line 994, in _update_startup
[target_vision-3]     feedback = self.servo_bridge.query_positions()
[target_vision-3]   File "/home/cat/ros2_ws/build/ros2_test1/ros2_test1/target_vision.py", line 616, in query_positions
[target_vision-3]     response = self._read_text(timeout_s)
[target_vision-3]   File "/home/cat/ros2_ws/build/ros2_test1/ros2_test1/target_vision.py", line 501, in _read_text
[target_vision-3]     readable, _, _ = select.select([self.fd], [], [], remaining)
[target_vision-3] KeyboardInterrupt
[ERROR] [target_vision-3]: process has died [pid 4377, exit code -2, cmd '/home/cat/ros2_ws/install/ros2_test1/lib/ros2_test1/target_vision --enable-red-square-grasp --grasp-direct-2 --enable-arm-preview --no-web --width 800 --height 600 --fps 30 --detect-every-n-frames 1 --detection-scale 0.75 --window-x 0 --window-y 60 --window-width 620 --window-height 520 --preview-id1 550 --preview-id2 300 --preview-id4 1000 --preview-id6 410 --grasp-id1-ready 550 --grasp-id2-ready 300 --grasp-id4-closed 1000 --grasp-id4-open 1500 --servo-angle-gap-deg 0 --grasp-command-interval 0.15 --grasp-stable-frames 1 --camera-gripper-offset-mm 50 --camera-gripper-vertical-offset-mm 0 --trigger-kind square --trigger-color red --ros-args -r __node:=red_square_grasp_direct_2'].
[INFO] [launch]: process[target_vision-3] was required: shutting down launched system
==== 2026-07-07 07:32:33 start target vision 2.0 ====
[INFO] [launch]: All log files can be found below /home/cat/.ros/log/2026-07-07-07-32-35-644466-lubancat-4612
[INFO] [launch]: Default logging verbosity is set to INFO
[INFO] [bash-1]: process started with pid [4648]
[INFO] [robot_state_publisher-2]: process started with pid [4650]
[INFO] [bash-1]: process has finished cleanly [pid 4648]
[robot_state_publisher-2] [INFO] [1783380755.802612635] [robot_state_publisher]: got segment base_link
[robot_state_publisher-2] [INFO] [1783380755.802787343] [robot_state_publisher]: got segment base_mount
[robot_state_publisher-2] [INFO] [1783380755.802802218] [robot_state_publisher]: got segment blue_active_bar
[robot_state_publisher-2] [INFO] [1783380755.802811260] [robot_state_publisher]: got segment blue_upper_bar
[robot_state_publisher-2] [INFO] [1783380755.802819135] [robot_state_publisher]: got segment end_effector
[robot_state_publisher-2] [INFO] [1783380755.802827301] [robot_state_publisher]: got segment extension_bar
[robot_state_publisher-2] [INFO] [1783380755.802834593] [robot_state_publisher]: got segment extension_tip
[robot_state_publisher-2] [INFO] [1783380755.802842176] [robot_state_publisher]: got segment gripper_finger_left
[robot_state_publisher-2] [INFO] [1783380755.802849468] [robot_state_publisher]: got segment gripper_finger_right
[robot_state_publisher-2] [INFO] [1783380755.802856468] [robot_state_publisher]: got segment orange_active_bar
[robot_state_publisher-2] [INFO] [1783380755.802863468] [robot_state_publisher]: got segment orange_upper_bar
[robot_state_publisher-2] [INFO] [1783380755.802870176] [robot_state_publisher]: got segment square_platform
[INFO] [target_vision-3]: process started with pid [4664]
[INFO] [rviz2-4]: process started with pid [4666]
[rviz2-4] [INFO] [1783380757.614166150] [rviz2]: Stereo is NOT SUPPORTED
[rviz2-4] [INFO] [1783380757.614400650] [rviz2]: OpenGl version: 3.3 (GLSL 3.3)
[rviz2-4] [INFO] [1783380757.646215945] [rviz2]: Stereo is NOT SUPPORTED
[target_vision-3] arm preview publishing /joint_states, /arm/grasp_status, and target markers
[target_vision-3] servo bridge on /dev/ttyS0
[target_vision-3] Camera: /dev/video20 800x600 reported_fps=30.0 attempt=1
[target_vision-3] Press q or Esc in the preview window to quit.
[WARNING] [launch]: user interrupted with ctrl-c (SIGINT)
[rviz2-4] [INFO] [1783380768.123600289] [rclcpp]: signal_handler(SIGINT/SIGTERM)
[target_vision-3] Process SpawnProcess-1:
[robot_state_publisher-2] [INFO] [1783380768.124948373] [rclcpp]: signal_handler(SIGINT/SIGTERM)
[target_vision-3] Traceback (most recent call last):
[target_vision-3]   File "/usr/lib/python3.10/multiprocessing/process.py", line 314, in _bootstrap
[target_vision-3]     self.run()
[target_vision-3]   File "/usr/lib/python3.10/multiprocessing/process.py", line 108, in run
[target_vision-3]     self._target(*self._args, **self._kwargs)
[target_vision-3]   File "/usr/lib/python3.10/concurrent/futures/process.py", line 240, in _process_worker
[target_vision-3]     call_item = call_queue.get(block=True)
[target_vision-3]   File "/usr/lib/python3.10/multiprocessing/queues.py", line 103, in get
[target_vision-3]     res = self._recv_bytes()
[target_vision-3]   File "/usr/lib/python3.10/multiprocessing/connection.py", line 216, in recv_bytes
[target_vision-3]     buf = self._recv_bytes(maxlength)
[target_vision-3]   File "/usr/lib/python3.10/multiprocessing/connection.py", line 414, in _recv_bytes
[target_vision-3]     buf = self._recv(4)
[target_vision-3]   File "/usr/lib/python3.10/multiprocessing/connection.py", line 379, in _recv
[target_vision-3]     chunk = read(handle, remaining)
[target_vision-3] KeyboardInterrupt
[INFO] [robot_state_publisher-2]: process has finished cleanly [pid 4650]
[target_vision-3] APP EXIT closing claw to ID4=1000
[INFO] [rviz2-4]: process has finished cleanly [pid 4666]
[target_vision-3] SERVO UART TX=zp4:1000 attempt=1 RX=OK ZP4 1000
[target_vision-3] APP EXIT retracting ID2 first to 100
[target_vision-3] SERVO UART TX=id2=100 attempt=1 RX=OK ID2 TARGET 100
[target_vision-3] APP EXIT retracting ID1 to 340 and ID6 to 410
[target_vision-3] SERVO UART TX=id1=340 attempt=1 RX=OK ID1 TARGET 340
[target_vision-3] SERVO UART TX=id6=410 attempt=1 RX=OK ID6 TARGET 410
[target_vision-3] Traceback (most recent call last):
[target_vision-3]   File "/home/cat/ros2_ws/install/ros2_test1/lib/ros2_test1/target_vision", line 33, in <module>
[target_vision-3]     sys.exit(load_entry_point('ros2-test1', 'console_scripts', 'target_vision')())
[target_vision-3]   File "/home/cat/ros2_ws/build/ros2_test1/ros2_test1/target_vision.py", line 3632, in main
[target_vision-3]     grasp_info = grasp_controller.update(preview_target, frame.shape)
[target_vision-3]   File "/home/cat/ros2_ws/build/ros2_test1/ros2_test1/target_vision.py", line 2069, in update
[target_vision-3]     return self._update_startup(now)
[target_vision-3]   File "/home/cat/ros2_ws/build/ros2_test1/ros2_test1/target_vision.py", line 994, in _update_startup
[target_vision-3]     feedback = self.servo_bridge.query_positions()
[target_vision-3]   File "/home/cat/ros2_ws/build/ros2_test1/ros2_test1/target_vision.py", line 616, in query_positions
[target_vision-3]     response = self._read_text(timeout_s)
[target_vision-3]   File "/home/cat/ros2_ws/build/ros2_test1/ros2_test1/target_vision.py", line 501, in _read_text
[target_vision-3]     readable, _, _ = select.select([self.fd], [], [], remaining)
[target_vision-3] KeyboardInterrupt
[ERROR] [target_vision-3]: process has died [pid 4664, exit code -2, cmd '/home/cat/ros2_ws/install/ros2_test1/lib/ros2_test1/target_vision --enable-red-square-grasp --grasp-direct-2 --enable-arm-preview --no-web --width 800 --height 600 --fps 30 --detect-every-n-frames 1 --detection-scale 0.75 --window-x 0 --window-y 60 --window-width 620 --window-height 520 --preview-id1 550 --preview-id2 300 --preview-id4 1000 --preview-id6 410 --grasp-id1-ready 550 --grasp-id2-ready 300 --grasp-id4-closed 1000 --grasp-id4-open 1500 --servo-angle-gap-deg 0 --grasp-command-interval 0.15 --grasp-stable-frames 1 --camera-gripper-offset-mm 50 --camera-gripper-vertical-offset-mm 0 --trigger-kind square --trigger-color red --ros-args -r __node:=red_square_grasp_direct_2'].
[INFO] [launch]: process[target_vision-3] was required: shutting down launched system
==== 2026-07-07 07:32:52 start target vision 2.0 ====
[INFO] [launch]: All log files can be found below /home/cat/.ros/log/2026-07-07-07-32-54-274830-lubancat-4890
[INFO] [launch]: Default logging verbosity is set to INFO
[INFO] [bash-1]: process started with pid [4952]
[INFO] [robot_state_publisher-2]: process started with pid [4954]
[INFO] [bash-1]: process has finished cleanly [pid 4952]
[robot_state_publisher-2] [INFO] [1783380774.443975008] [robot_state_publisher]: got segment base_link
[robot_state_publisher-2] [INFO] [1783380774.444194924] [robot_state_publisher]: got segment base_mount
[robot_state_publisher-2] [INFO] [1783380774.444213008] [robot_state_publisher]: got segment blue_active_bar
[robot_state_publisher-2] [INFO] [1783380774.444221758] [robot_state_publisher]: got segment blue_upper_bar
[robot_state_publisher-2] [INFO] [1783380774.444229341] [robot_state_publisher]: got segment end_effector
[robot_state_publisher-2] [INFO] [1783380774.444236341] [robot_state_publisher]: got segment extension_bar
[robot_state_publisher-2] [INFO] [1783380774.444243341] [robot_state_publisher]: got segment extension_tip
[robot_state_publisher-2] [INFO] [1783380774.444250924] [robot_state_publisher]: got segment gripper_finger_left
[robot_state_publisher-2] [INFO] [1783380774.444257924] [robot_state_publisher]: got segment gripper_finger_right
[robot_state_publisher-2] [INFO] [1783380774.444264924] [robot_state_publisher]: got segment orange_active_bar
[robot_state_publisher-2] [INFO] [1783380774.444272508] [robot_state_publisher]: got segment orange_upper_bar
[robot_state_publisher-2] [INFO] [1783380774.444279508] [robot_state_publisher]: got segment square_platform
[INFO] [target_vision-3]: process started with pid [4984]
[INFO] [rviz2-4]: process started with pid [4986]
[rviz2-4] [INFO] [1783380776.257470148] [rviz2]: Stereo is NOT SUPPORTED
[rviz2-4] [INFO] [1783380776.257683940] [rviz2]: OpenGl version: 3.3 (GLSL 3.3)
[rviz2-4] [INFO] [1783380776.286227026] [rviz2]: Stereo is NOT SUPPORTED
[target_vision-3] arm preview publishing /joint_states, /arm/grasp_status, and target markers
[target_vision-3] servo bridge on /dev/ttyS0
[target_vision-3] Camera: /dev/video20 800x600 reported_fps=30.0 attempt=1
[target_vision-3] Press q or Esc in the preview window to quit.
[target_vision-3] Library QUIRC is not linked. No decoding is performed. Take it to the OpenCV repository.
[target_vision-3] SERVO FEEDBACK stage=centering ID1=341/550 ID2=96/300
[target_vision-3] SERVO UART TX=id1=550 attempt=1 RX=OK ID1 TARGET 550
[target_vision-3] SERVO UART TX=id6=410 attempt=1 RX=OK ID6 TARGET 410
[target_vision-3] SERVO UART TX=zp4:1000 attempt=1 RX=OK ZP4 1000
[target_vision-3] SERVO UART TX=id2=300 attempt=1 RX=OK ID2 TARGET 300
[target_vision-3] SERVO FEEDBACK stage=centering ID1=545/550 ID2=300/300
[target_vision-3] DIRECT2 LOCK target={"kind": "square", "color": "red", "center": [293, 195], "box": "[[254 214]\n [276 153]\n [333 174]\n [310 234]]", "bbox": [255, 153, 80, 83], "projected_area": 3838.4044807701525, "fully_visible": true, "angle": 20.2, "area_ratio": 0.007996676001604485, "area_percent": 0.7996676001604485, "diameter_ratio": 0.13777777777777778, "distance_cm": 26.452460887913606} plan=direct-2 dx=-39mm dy=-38mm d=26.5cm overhead=354/270 final=284/302 ID6=433 err=0.5mm
[target_vision-3] GRASP COMMAND reason=direct-2 overhead+ID6+open | direct-2 dx=-39mm dy=-38mm d=26.5cm overhead=354/270 final=284/302 ID6=433 err=0.5mm ID1=354 ID2=270 ID4=1500 ID6=433 gap=69.5deg
[target_vision-3] SERVO UART TX=armpair=354,270 attempt=1 RX=OK ARMPAIR 354 270
[target_vision-3] SERVO UART TX=id6=433 attempt=1 RX=OK ID6 TARGET 433
[target_vision-3] SERVO UART TX=zp4:1500 attempt=1 RX=OK ZP4 1500
[target_vision-3] SERVO FEEDBACK stage=direct_2_overhead ID1=354/354 ID2=273/270
[target_vision-3] GRASP COMMAND reason=direct-2 descend to solved position ID1=284 ID2=302 ID4=1500 ID6=433 gap=60.3deg
[target_vision-3] SERVO UART TX=armpair=284,302 attempt=1 RX=OK ARMPAIR 284 302
[target_vision-3] VISION FPS=3.2
[target_vision-3] VISION PERF read=12.9ms detect=163.3ms/detect post=115.6ms display=10.1ms
[target_vision-3] Library QUIRC is not linked. No decoding is performed. Take it to the OpenCV repository.
[target_vision-3] SERVO FEEDBACK stage=direct_2_descend ID1=286/284 ID2=299/302
[target_vision-3] CLAW COMMAND reason=direct-2 final reached; close claw ID4=1000
[target_vision-3] SERVO UART TX=zp4:1000 attempt=1 RX=OK ZP4 1000
[target_vision-3] Library QUIRC is not linked. No decoding is performed. Take it to the OpenCV repository.
[target_vision-3] Library QUIRC is not linked. No decoding is performed. Take it to the OpenCV repository.
[target_vision-3] VISION FPS=30.0
[target_vision-3] VISION PERF read=19.0ms detect=164.0ms/detect post=11.4ms display=10.5ms
[target_vision-3] VISION FPS=30.0
[target_vision-3] VISION PERF read=20.7ms detect=179.6ms/detect post=2.0ms display=10.5ms
[target_vision-3] Library QUIRC is not linked. No decoding is performed. Take it to the OpenCV repository.
[target_vision-3] Library QUIRC is not linked. No decoding is performed. Take it to the OpenCV repository.
[WARNING] [launch]: user interrupted with ctrl-c (SIGINT)
[rviz2-4] [INFO] [1783380795.895192496] [rclcpp]: signal_handler(SIGINT/SIGTERM)
[robot_state_publisher-2] [INFO] [1783380795.895229830] [rclcpp]: signal_handler(SIGINT/SIGTERM)
[INFO] [robot_state_publisher-2]: process has finished cleanly [pid 4954]
[target_vision-3] APP EXIT closing claw to ID4=1000
[INFO] [rviz2-4]: process has finished cleanly [pid 4986]
[target_vision-3] SERVO UART TX=zp4:1000 attempt=1 RX=OK ZP4 1000
[target_vision-3] APP EXIT retracting ID2 first to 100
[target_vision-3] SERVO UART TX=id2=100 attempt=1 RX=OK ID2 TARGET 100
[target_vision-3] APP EXIT retracting ID1 to 340 and ID6 to 410
[target_vision-3] SERVO UART TX=id1=340 attempt=1 RX=OK ID1 TARGET 340
[target_vision-3] SERVO UART TX=id6=410 attempt=1 RX=OK ID6 TARGET 410
[target_vision-3] Traceback (most recent call last):
[target_vision-3]   File "/home/cat/ros2_ws/install/ros2_test1/lib/ros2_test1/target_vision", line 33, in <module>
[target_vision-3]     sys.exit(load_entry_point('ros2-test1', 'console_scripts', 'target_vision')())
[target_vision-3]   File "/home/cat/ros2_ws/build/ros2_test1/ros2_test1/target_vision.py", line 3585, in main
[target_vision-3]     ok, frame = cap.read()
[target_vision-3] KeyboardInterrupt
[ERROR] [target_vision-3]: process has died [pid 4984, exit code -2, cmd '/home/cat/ros2_ws/install/ros2_test1/lib/ros2_test1/target_vision --enable-red-square-grasp --grasp-direct-2 --enable-arm-preview --no-web --width 800 --height 600 --fps 30 --detect-every-n-frames 1 --detection-scale 0.75 --window-x 0 --window-y 60 --window-width 620 --window-height 520 --preview-id1 550 --preview-id2 300 --preview-id4 1000 --preview-id6 410 --grasp-id1-ready 550 --grasp-id2-ready 300 --grasp-id4-closed 1000 --grasp-id4-open 1500 --servo-angle-gap-deg 0 --grasp-command-interval 0.15 --grasp-stable-frames 1 --camera-gripper-offset-mm 50 --camera-gripper-vertical-offset-mm 0 --trigger-kind square --trigger-color red --ros-args -r __node:=red_square_grasp_direct_2'].
[INFO] [launch]: process[target_vision-3] was required: shutting down launched system
==== 2026-07-07 07:33:29 start target vision 2.0 ====
[INFO] [launch]: All log files can be found below /home/cat/.ros/log/2026-07-07-07-33-31-590632-lubancat-5172
[INFO] [launch]: Default logging verbosity is set to INFO
[INFO] [bash-1]: process started with pid [5205]
[INFO] [robot_state_publisher-2]: process started with pid [5207]
[INFO] [bash-1]: process has finished cleanly [pid 5205]
[robot_state_publisher-2] [INFO] [1783380811.740176213] [robot_state_publisher]: got segment base_link
[robot_state_publisher-2] [INFO] [1783380811.740496755] [robot_state_publisher]: got segment base_mount
[robot_state_publisher-2] [INFO] [1783380811.740515713] [robot_state_publisher]: got segment blue_active_bar
[robot_state_publisher-2] [INFO] [1783380811.740526213] [robot_state_publisher]: got segment blue_upper_bar
[robot_state_publisher-2] [INFO] [1783380811.740534380] [robot_state_publisher]: got segment end_effector
[robot_state_publisher-2] [INFO] [1783380811.740541963] [robot_state_publisher]: got segment extension_bar
[robot_state_publisher-2] [INFO] [1783380811.740549255] [robot_state_publisher]: got segment extension_tip
[robot_state_publisher-2] [INFO] [1783380811.740556838] [robot_state_publisher]: got segment gripper_finger_left
[robot_state_publisher-2] [INFO] [1783380811.740564713] [robot_state_publisher]: got segment gripper_finger_right
[robot_state_publisher-2] [INFO] [1783380811.740572297] [robot_state_publisher]: got segment orange_active_bar
[robot_state_publisher-2] [INFO] [1783380811.740579588] [robot_state_publisher]: got segment orange_upper_bar
[robot_state_publisher-2] [INFO] [1783380811.740586588] [robot_state_publisher]: got segment square_platform
[INFO] [target_vision-3]: process started with pid [5221]
[INFO] [rviz2-4]: process started with pid [5223]
[rviz2-4] [INFO] [1783380813.573859648] [rviz2]: Stereo is NOT SUPPORTED
[rviz2-4] [INFO] [1783380813.573987398] [rviz2]: OpenGl version: 3.3 (GLSL 3.3)
[rviz2-4] [INFO] [1783380813.599122650] [rviz2]: Stereo is NOT SUPPORTED
[target_vision-3] arm preview publishing /joint_states, /arm/grasp_status, and target markers
[target_vision-3] servo bridge on /dev/ttyS0
[target_vision-3] Camera: /dev/video20 800x600 reported_fps=30.0 attempt=1
[target_vision-3] Press q or Esc in the preview window to quit.
[target_vision-3] SERVO FEEDBACK stage=centering ID1=337/550 ID2=99/300
[target_vision-3] SERVO UART TX=id1=550 attempt=1 RX=OK ID1 TARGET 550
[target_vision-3] SERVO UART TX=id6=410 attempt=1 RX=OK ID6 TARGET 410
[target_vision-3] SERVO UART TX=zp4:1000 attempt=1 RX=OK ZP4 1000
[target_vision-3] SERVO UART TX=id2=300 attempt=1 RX=OK ID2 TARGET 300
[target_vision-3] SERVO FEEDBACK stage=centering ID1=545/550 ID2=298/300
[target_vision-3] DIRECT2 LOCK target={"kind": "square", "color": "red", "center": [273, 280], "box": "[[229 233]\n [314 232]\n [317 326]\n [232 329]]", "bbox": [229, 232, 89, 99], "projected_area": 8226.6667599231, "fully_visible": true, "angle": 88.7, "area_ratio": 0.017138889083173126, "area_percent": 1.7138889083173126, "diameter_ratio": 0.16444444444444445, "distance_cm": 17.559427384789775} plan=direct-2 dx=-38mm dy=-6mm d=17.6cm overhead=417/239 final=349/256 ID6=444 err=0.5mm
[target_vision-3] GRASP COMMAND reason=direct-2 overhead+ID6+open | direct-2 dx=-38mm dy=-6mm d=17.6cm overhead=417/239 final=349/256 ID6=444 err=0.5mm ID1=417 ID2=239 ID4=1500 ID6=444 gap=77.3deg
[target_vision-3] SERVO UART TX=armpair=417,239 attempt=1 RX=OK ARMPAIR 417 239
[target_vision-3] SERVO UART TX=id6=444 attempt=1 RX=OK ID6 TARGET 444
[target_vision-3] SERVO UART TX=zp4:1500 attempt=1 RX=OK ZP4 1500
[target_vision-3] SERVO FEEDBACK stage=direct_2_overhead ID1=417/417 ID2=241/239
[target_vision-3] GRASP COMMAND reason=direct-2 descend to solved position ID1=349 ID2=256 ID4=1500 ID6=444 gap=65.1deg
[target_vision-3] SERVO UART TX=armpair=349,256 attempt=1 RX=OK ARMPAIR 349 256
[target_vision-3] VISION FPS=3.2
[target_vision-3] VISION PERF read=13.3ms detect=157.3ms/detect post=115.4ms display=9.8ms
[target_vision-3] Library QUIRC is not linked. No decoding is performed. Take it to the OpenCV repository.
[target_vision-3] Library QUIRC is not linked. No decoding is performed. Take it to the OpenCV repository.
[target_vision-3] SERVO FEEDBACK stage=direct_2_descend ID1=348/349 ID2=252/256
[target_vision-3] CLAW COMMAND reason=direct-2 final reached; close claw ID4=1000
[target_vision-3] SERVO UART TX=zp4:1000 attempt=1 RX=OK ZP4 1000
[target_vision-3] Library QUIRC is not linked. No decoding is performed. Take it to the OpenCV repository.
[target_vision-3] Library QUIRC is not linked. No decoding is performed. Take it to the OpenCV repository.
[target_vision-3] VISION FPS=30.1
[target_vision-3] VISION PERF read=19.4ms detect=162.8ms/detect post=11.3ms display=10.3ms
[target_vision-3] Library QUIRC is not linked. No decoding is performed. Take it to the OpenCV repository.
[target_vision-3] Library QUIRC is not linked. No decoding is performed. Take it to the OpenCV repository.
[target_vision-3] Library QUIRC is not linked. No decoding is performed. Take it to the OpenCV repository.
[target_vision-3] Library QUIRC is not linked. No decoding is performed. Take it to the OpenCV repository.
[target_vision-3] Library QUIRC is not linked. No decoding is performed. Take it to the OpenCV repository.
[target_vision-3] VISION FPS=30.0
[target_vision-3] VISION PERF read=21.0ms detect=168.7ms/detect post=1.9ms display=10.3ms
[target_vision-3] Library QUIRC is not linked. No decoding is performed. Take it to the OpenCV repository.
[target_vision-3] Library QUIRC is not linked. No decoding is performed. Take it to the OpenCV repository.
[target_vision-3] Library QUIRC is not linked. No decoding is performed. Take it to the OpenCV repository.
[target_vision-3] Library QUIRC is not linked. No decoding is performed. Take it to the OpenCV repository.
[target_vision-3] VISION FPS=30.0
[target_vision-3] VISION PERF read=20.8ms detect=168.4ms/detect post=2.0ms display=10.4ms
[WARNING] [launch]: user interrupted with ctrl-c (SIGINT)
[robot_state_publisher-2] [INFO] [1783380836.830064651] [rclcpp]: signal_handler(SIGINT/SIGTERM)
[rviz2-4] [INFO] [1783380836.830092651] [rclcpp]: signal_handler(SIGINT/SIGTERM)
[INFO] [robot_state_publisher-2]: process has finished cleanly [pid 5207]
[target_vision-3] APP EXIT closing claw to ID4=1000
[INFO] [rviz2-4]: process has finished cleanly [pid 5223]
[target_vision-3] SERVO UART TX=zp4:1000 attempt=1 RX=OK ZP4 1000
[target_vision-3] APP EXIT retracting ID2 first to 100
[target_vision-3] SERVO UART TX=id2=100 attempt=1 RX=OK ID2 TARGET 100
[target_vision-3] APP EXIT retracting ID1 to 340 and ID6 to 410
[target_vision-3] SERVO UART TX=id1=340 attempt=1 RX=OK ID1 TARGET 340
[target_vision-3] SERVO UART TX=id6=410 attempt=1 RX=OK ID6 TARGET 410
[target_vision-3] Traceback (most recent call last):
[target_vision-3]   File "/home/cat/ros2_ws/install/ros2_test1/lib/ros2_test1/target_vision", line 33, in <module>
[target_vision-3]     sys.exit(load_entry_point('ros2-test1', 'console_scripts', 'target_vision')())
[target_vision-3]   File "/home/cat/ros2_ws/build/ros2_test1/ros2_test1/target_vision.py", line 3585, in main
[target_vision-3]     ok, frame = cap.read()
[target_vision-3] KeyboardInterrupt
[ERROR] [target_vision-3]: process has died [pid 5221, exit code -2, cmd '/home/cat/ros2_ws/install/ros2_test1/lib/ros2_test1/target_vision --enable-red-square-grasp --grasp-direct-2 --enable-arm-preview --no-web --width 800 --height 600 --fps 30 --detect-every-n-frames 1 --detection-scale 0.75 --window-x 0 --window-y 60 --window-width 620 --window-height 520 --preview-id1 550 --preview-id2 300 --preview-id4 1000 --preview-id6 410 --grasp-id1-ready 550 --grasp-id2-ready 300 --grasp-id4-closed 1000 --grasp-id4-open 1500 --servo-angle-gap-deg 0 --grasp-command-interval 0.15 --grasp-stable-frames 1 --camera-gripper-offset-mm 50 --camera-gripper-vertical-offset-mm 0 --trigger-kind square --trigger-color red --ros-args -r __node:=red_square_grasp_direct_2'].
[INFO] [launch]: process[target_vision-3] was required: shutting down launched system
==== 2026-07-07 07:34:05 start target vision 2.0 ====
[INFO] [launch]: All log files can be found below /home/cat/.ros/log/2026-07-07-07-34-07-025983-lubancat-5440
[INFO] [launch]: Default logging verbosity is set to INFO
[INFO] [bash-1]: process started with pid [5473]
[INFO] [robot_state_publisher-2]: process started with pid [5475]
[INFO] [bash-1]: process has finished cleanly [pid 5473]
[robot_state_publisher-2] [INFO] [1783380847.190523900] [robot_state_publisher]: got segment base_link
[robot_state_publisher-2] [INFO] [1783380847.190705317] [robot_state_publisher]: got segment base_mount
[robot_state_publisher-2] [INFO] [1783380847.190719609] [robot_state_publisher]: got segment blue_active_bar
[robot_state_publisher-2] [INFO] [1783380847.190728942] [robot_state_publisher]: got segment blue_upper_bar
[robot_state_publisher-2] [INFO] [1783380847.190737109] [robot_state_publisher]: got segment end_effector
[robot_state_publisher-2] [INFO] [1783380847.190745275] [robot_state_publisher]: got segment extension_bar
[robot_state_publisher-2] [INFO] [1783380847.190753150] [robot_state_publisher]: got segment extension_tip
[robot_state_publisher-2] [INFO] [1783380847.190761317] [robot_state_publisher]: got segment gripper_finger_left
[robot_state_publisher-2] [INFO] [1783380847.190769775] [robot_state_publisher]: got segment gripper_finger_right
[robot_state_publisher-2] [INFO] [1783380847.190777942] [robot_state_publisher]: got segment orange_active_bar
[robot_state_publisher-2] [INFO] [1783380847.190785817] [robot_state_publisher]: got segment orange_upper_bar
[robot_state_publisher-2] [INFO] [1783380847.190793984] [robot_state_publisher]: got segment square_platform
[INFO] [target_vision-3]: process started with pid [5489]
[INFO] [rviz2-4]: process started with pid [5491]
[rviz2-4] [INFO] [1783380849.015221667] [rviz2]: Stereo is NOT SUPPORTED
[rviz2-4] [INFO] [1783380849.015448875] [rviz2]: OpenGl version: 3.3 (GLSL 3.3)
[rviz2-4] [INFO] [1783380849.049723795] [rviz2]: Stereo is NOT SUPPORTED
[target_vision-3] arm preview publishing /joint_states, /arm/grasp_status, and target markers
[target_vision-3] servo bridge on /dev/ttyS0
[target_vision-3] Camera: /dev/video20 800x600 reported_fps=30.0 attempt=1
[target_vision-3] Press q or Esc in the preview window to quit.
[target_vision-3] SERVO FEEDBACK stage=centering ID1=342/550 ID2=98/300
[target_vision-3] SERVO UART TX=id1=550 attempt=1 RX=OK ID1 TARGET 550
[target_vision-3] SERVO UART TX=id6=410 attempt=1 RX=OK ID6 TARGET 410
[target_vision-3] SERVO UART TX=zp4:1000 attempt=1 RX=OK ZP4 1000
[target_vision-3] SERVO UART TX=id2=300 attempt=1 RX=OK ID2 TARGET 300
[target_vision-3] SERVO FEEDBACK stage=centering ID1=545/550 ID2=297/300
[target_vision-3] DIRECT2 LOCK target={"kind": "square", "color": "red", "center": [217, 107], "box": "[[165 164]\n [174  42]\n [269  50]\n [258 172]]", "bbox": [165, 43, 105, 131], "projected_area": 11504.063181171814, "fully_visible": true, "angle": 4.8, "area_ratio": 0.023966798294107947, "area_percent": 2.396679829410795, "diameter_ratio": 0.21777777777777776, "distance_cm": 14.60089398142255} plan=direct-2 dx=-42mm dy=-44mm d=14.6cm overhead=469/238 final=405/243 ID6=454 err=0.2mm
[target_vision-3] GRASP COMMAND reason=direct-2 overhead+ID6+open | direct-2 dx=-42mm dy=-44mm d=14.6cm overhead=469/238 final=405/243 ID6=454 err=0.2mm ID1=469 ID2=238 ID4=1500 ID6=454 gap=89.4deg
[target_vision-3] SERVO UART TX=armpair=469,238 attempt=1 RX=OK ARMPAIR 469 238
[target_vision-3] SERVO UART TX=id6=454 attempt=1 RX=OK ID6 TARGET 454
[target_vision-3] SERVO UART TX=zp4:1500 attempt=1 RX=OK ZP4 1500
[target_vision-3] SERVO FEEDBACK stage=direct_2_overhead ID1=469/469 ID2=240/238
[target_vision-3] GRASP COMMAND reason=direct-2 descend to solved position ID1=405 ID2=243 ID4=1500 ID6=454 gap=75.4deg
[target_vision-3] SERVO UART TX=armpair=405,243 attempt=1 RX=OK ARMPAIR 405 243
[target_vision-3] VISION FPS=3.2
[target_vision-3] VISION PERF read=13.0ms detect=162.2ms/detect post=115.9ms display=9.7ms
[target_vision-3] Library QUIRC is not linked. No decoding is performed. Take it to the OpenCV repository.
[target_vision-3] SERVO FEEDBACK stage=direct_2_descend ID1=406/405 ID2=242/243
[target_vision-3] CLAW COMMAND reason=direct-2 final reached; close claw ID4=1000
[target_vision-3] SERVO UART TX=zp4:1000 attempt=1 RX=OK ZP4 1000
[target_vision-3] Library QUIRC is not linked. No decoding is performed. Take it to the OpenCV repository.
[target_vision-3] VISION FPS=30.0
[target_vision-3] VISION PERF read=18.9ms detect=171.5ms/detect post=11.5ms display=10.5ms
[target_vision-3] VISION FPS=30.0
[target_vision-3] VISION PERF read=20.5ms detect=176.2ms/detect post=2.1ms display=10.6ms
[target_vision-3] Library QUIRC is not linked. No decoding is performed. Take it to the OpenCV repository.
[target_vision-3] Library QUIRC is not linked. No decoding is performed. Take it to the OpenCV repository.
[target_vision-3] VISION FPS=29.9
[target_vision-3] VISION PERF read=20.4ms detect=174.4ms/detect post=2.4ms display=10.5ms
[WARNING] [launch]: user interrupted with ctrl-c (SIGINT)
[robot_state_publisher-2] [INFO] [1783380874.007361220] [rclcpp]: signal_handler(SIGINT/SIGTERM)
[rviz2-4] [INFO] [1783380874.012307595] [rclcpp]: signal_handler(SIGINT/SIGTERM)
[INFO] [robot_state_publisher-2]: process has finished cleanly [pid 5475]
[target_vision-3] APP EXIT closing claw to ID4=1000
[INFO] [rviz2-4]: process has finished cleanly [pid 5491]
[target_vision-3] SERVO UART TX=zp4:1000 attempt=1 RX=OK ZP4 1000
[target_vision-3] APP EXIT retracting ID2 first to 100
[target_vision-3] SERVO UART TX=id2=100 attempt=1 RX=OK ID2 TARGET 100
[target_vision-3] APP EXIT retracting ID1 to 340 and ID6 to 410
[target_vision-3] SERVO UART TX=id1=340 attempt=1 RX=OK ID1 TARGET 340
[target_vision-3] SERVO UART TX=id6=410 attempt=1 RX=OK ID6 TARGET 410
[target_vision-3] Traceback (most recent call last):
[target_vision-3]   File "/home/cat/ros2_ws/install/ros2_test1/lib/ros2_test1/target_vision", line 33, in <module>
[target_vision-3]     sys.exit(load_entry_point('ros2-test1', 'console_scripts', 'target_vision')())
[target_vision-3]   File "/home/cat/ros2_ws/build/ros2_test1/ros2_test1/target_vision.py", line 3664, in main
[target_vision-3]     cv2.imshow(WINDOW_NAME, output)
[target_vision-3] KeyboardInterrupt
[ERROR] [target_vision-3]: process has died [pid 5489, exit code -2, cmd '/home/cat/ros2_ws/install/ros2_test1/lib/ros2_test1/target_vision --enable-red-square-grasp --grasp-direct-2 --enable-arm-preview --no-web --width 800 --height 600 --fps 30 --detect-every-n-frames 1 --detection-scale 0.75 --window-x 0 --window-y 60 --window-width 620 --window-height 520 --preview-id1 550 --preview-id2 300 --preview-id4 1000 --preview-id6 410 --grasp-id1-ready 550 --grasp-id2-ready 300 --grasp-id4-closed 1000 --grasp-id4-open 1500 --servo-angle-gap-deg 0 --grasp-command-interval 0.15 --grasp-stable-frames 1 --camera-gripper-offset-mm 50 --camera-gripper-vertical-offset-mm 0 --trigger-kind square --trigger-color red --ros-args -r __node:=red_square_grasp_direct_2'].
[INFO] [launch]: process[target_vision-3] was required: shutting down launched system
==== 2026-07-07 07:34:36 start target vision 2.0 ====
[INFO] [launch]: All log files can be found below /home/cat/.ros/log/2026-07-07-07-34-38-619078-lubancat-5700
[INFO] [launch]: Default logging verbosity is set to INFO
[INFO] [bash-1]: process started with pid [5733]
[INFO] [robot_state_publisher-2]: process started with pid [5735]
[INFO] [bash-1]: process has finished cleanly [pid 5733]
[robot_state_publisher-2] [INFO] [1783380878.770145073] [robot_state_publisher]: got segment base_link
[robot_state_publisher-2] [INFO] [1783380878.770339615] [robot_state_publisher]: got segment base_mount
[robot_state_publisher-2] [INFO] [1783380878.770353615] [robot_state_publisher]: got segment blue_active_bar
[robot_state_publisher-2] [INFO] [1783380878.770362657] [robot_state_publisher]: got segment blue_upper_bar
[robot_state_publisher-2] [INFO] [1783380878.770370823] [robot_state_publisher]: got segment end_effector
[robot_state_publisher-2] [INFO] [1783380878.770378407] [robot_state_publisher]: got segment extension_bar
[robot_state_publisher-2] [INFO] [1783380878.770385407] [robot_state_publisher]: got segment extension_tip
[robot_state_publisher-2] [INFO] [1783380878.770392698] [robot_state_publisher]: got segment gripper_finger_left
[robot_state_publisher-2] [INFO] [1783380878.770400282] [robot_state_publisher]: got segment gripper_finger_right
[robot_state_publisher-2] [INFO] [1783380878.770407865] [robot_state_publisher]: got segment orange_active_bar
[robot_state_publisher-2] [INFO] [1783380878.770414865] [robot_state_publisher]: got segment orange_upper_bar
[robot_state_publisher-2] [INFO] [1783380878.770422157] [robot_state_publisher]: got segment square_platform
[INFO] [target_vision-3]: process started with pid [5749]
[INFO] [rviz2-4]: process started with pid [5751]
[rviz2-4] [INFO] [1783380880.584556631] [rviz2]: Stereo is NOT SUPPORTED
[rviz2-4] [INFO] [1783380880.584784714] [rviz2]: OpenGl version: 3.3 (GLSL 3.3)
[rviz2-4] [INFO] [1783380880.614781467] [rviz2]: Stereo is NOT SUPPORTED
[target_vision-3] arm preview publishing /joint_states, /arm/grasp_status, and target markers
[target_vision-3] servo bridge on /dev/ttyS0
[target_vision-3] Camera: /dev/video20 800x600 reported_fps=30.0 attempt=1
[target_vision-3] Press q or Esc in the preview window to quit.
[target_vision-3] SERVO FEEDBACK stage=centering ID1=341/550 ID2=99/300
[target_vision-3] SERVO UART TX=id1=550 attempt=1 RX=OK ID1 TARGET 550
[target_vision-3] SERVO UART TX=id6=410 attempt=1 RX=OK ID6 TARGET 410
[target_vision-3] SERVO UART TX=zp4:1000 attempt=1 RX=OK ZP4 1000
[target_vision-3] SERVO UART TX=id2=300 attempt=1 RX=OK ID2 TARGET 300
[target_vision-3] SERVO FEEDBACK stage=centering ID1=546/550 ID2=300/300
[target_vision-3] DIRECT2 LOCK target={"kind": "square", "color": "red", "center": [375, 165], "box": "[[321 202]\n [337 110]\n [428 126]\n [410 218]]", "bbox": [321, 111, 108, 109], "projected_area": 8544.634449501831, "fully_visible": true, "angle": 10.1, "area_ratio": 0.017801321769795483, "area_percent": 1.7801321769795482, "diameter_ratio": 0.18222222222222223, "distance_cm": 17.199426548834374} plan=direct-2 dx=-7mm dy=-37mm d=17.2cm overhead=458/237 final=393/244 ID6=416 err=0.5mm
[target_vision-3] GRASP COMMAND reason=direct-2 overhead+ID6+open | direct-2 dx=-7mm dy=-37mm d=17.2cm overhead=458/237 final=393/244 ID6=416 err=0.5mm ID1=458 ID2=237 ID4=1500 ID6=416 gap=86.5deg
[target_vision-3] SERVO UART TX=armpair=458,237 attempt=1 RX=OK ARMPAIR 458 237
[target_vision-3] SERVO UART TX=id6=416 attempt=1 RX=OK ID6 TARGET 416
[target_vision-3] SERVO UART TX=zp4:1500 attempt=1 RX=OK ZP4 1500
[target_vision-3] SERVO FEEDBACK stage=direct_2_overhead ID1=458/458 ID2=239/237
[target_vision-3] GRASP COMMAND reason=direct-2 descend to solved position ID1=393 ID2=244 ID4=1500 ID6=416 gap=72.7deg
[target_vision-3] SERVO UART TX=armpair=393,244 attempt=1 RX=OK ARMPAIR 393 244
[target_vision-3] VISION FPS=3.2
[target_vision-3] VISION PERF read=13.0ms detect=159.3ms/detect post=115.5ms display=10.1ms
[target_vision-3] SERVO FEEDBACK stage=direct_2_descend ID1=393/393 ID2=241/244
[target_vision-3] CLAW COMMAND reason=direct-2 final reached; close claw ID4=1000
[target_vision-3] SERVO UART TX=zp4:1000 attempt=1 RX=OK ZP4 1000
[target_vision-3] Library QUIRC is not linked. No decoding is performed. Take it to the OpenCV repository.
[target_vision-3] Library QUIRC is not linked. No decoding is performed. Take it to the OpenCV repository.
[target_vision-3] Library QUIRC is not linked. No decoding is performed. Take it to the OpenCV repository.
[target_vision-3] VISION FPS=30.0
[target_vision-3] VISION PERF read=18.5ms detect=163.3ms/detect post=11.6ms display=10.7ms
[target_vision-3] Library QUIRC is not linked. No decoding is performed. Take it to the OpenCV repository.
[WARNING] [launch]: user interrupted with ctrl-c (SIGINT)
[robot_state_publisher-2] [INFO] [1783380895.937684715] [rclcpp]: signal_handler(SIGINT/SIGTERM)
[rviz2-4] [INFO] [1783380895.937879840] [rclcpp]: signal_handler(SIGINT/SIGTERM)
[INFO] [robot_state_publisher-2]: process has finished cleanly [pid 5735]
[target_vision-3] APP EXIT closing claw to ID4=1000
[INFO] [rviz2-4]: process has finished cleanly [pid 5751]
[target_vision-3] SERVO UART TX=zp4:1000 attempt=1 RX=OK ZP4 1000
[target_vision-3] APP EXIT retracting ID2 first to 100
[target_vision-3] SERVO UART TX=id2=100 attempt=1 RX=OK ID2 TARGET 100
[target_vision-3] APP EXIT retracting ID1 to 340 and ID6 to 410
[target_vision-3] SERVO UART TX=id1=340 attempt=1 RX=OK ID1 TARGET 340
[target_vision-3] SERVO UART TX=id6=410 attempt=1 RX=OK ID6 TARGET 410
[target_vision-3] Traceback (most recent call last):
[target_vision-3]   File "/home/cat/ros2_ws/install/ros2_test1/lib/ros2_test1/target_vision", line 33, in <module>
[target_vision-3]     sys.exit(load_entry_point('ros2-test1', 'console_scripts', 'target_vision')())
[target_vision-3]   File "/home/cat/ros2_ws/build/ros2_test1/ros2_test1/target_vision.py", line 3665, in main
[target_vision-3]     key = cv2.waitKey(1) & 0xFF
[target_vision-3] KeyboardInterrupt
[ERROR] [target_vision-3]: process has died [pid 5749, exit code -2, cmd '/home/cat/ros2_ws/install/ros2_test1/lib/ros2_test1/target_vision --enable-red-square-grasp --grasp-direct-2 --enable-arm-preview --no-web --width 800 --height 600 --fps 30 --detect-every-n-frames 1 --detection-scale 0.75 --window-x 0 --window-y 60 --window-width 620 --window-height 520 --preview-id1 550 --preview-id2 300 --preview-id4 1000 --preview-id6 410 --grasp-id1-ready 550 --grasp-id2-ready 300 --grasp-id4-closed 1000 --grasp-id4-open 1500 --servo-angle-gap-deg 0 --grasp-command-interval 0.15 --grasp-stable-frames 1 --camera-gripper-offset-mm 50 --camera-gripper-vertical-offset-mm 0 --trigger-kind square --trigger-color red --ros-args -r __node:=red_square_grasp_direct_2'].
[INFO] [launch]: process[target_vision-3] was required: shutting down launched system
==== 2026-07-07 07:35:43 start target vision 2.0 ====
[INFO] [launch]: All log files can be found below /home/cat/.ros/log/2026-07-07-07-35-45-291281-lubancat-6195
[INFO] [launch]: Default logging verbosity is set to INFO
[INFO] [bash-1]: process started with pid [6229]
[INFO] [robot_state_publisher-2]: process started with pid [6231]
[INFO] [bash-1]: process has finished cleanly [pid 6229]
[robot_state_publisher-2] [INFO] [1783380945.452789940] [robot_state_publisher]: got segment base_link
[robot_state_publisher-2] [INFO] [1783380945.452970190] [robot_state_publisher]: got segment base_mount
[robot_state_publisher-2] [INFO] [1783380945.452983315] [robot_state_publisher]: got segment blue_active_bar
[robot_state_publisher-2] [INFO] [1783380945.452992648] [robot_state_publisher]: got segment blue_upper_bar
[robot_state_publisher-2] [INFO] [1783380945.452999940] [robot_state_publisher]: got segment end_effector
[robot_state_publisher-2] [INFO] [1783380945.453006940] [robot_state_publisher]: got segment extension_bar
[robot_state_publisher-2] [INFO] [1783380945.453013648] [robot_state_publisher]: got segment extension_tip
[robot_state_publisher-2] [INFO] [1783380945.453020940] [robot_state_publisher]: got segment gripper_finger_left
[robot_state_publisher-2] [INFO] [1783380945.453028523] [robot_state_publisher]: got segment gripper_finger_right
[robot_state_publisher-2] [INFO] [1783380945.453035815] [robot_state_publisher]: got segment orange_active_bar
[robot_state_publisher-2] [INFO] [1783380945.453042815] [robot_state_publisher]: got segment orange_upper_bar
[robot_state_publisher-2] [INFO] [1783380945.453049523] [robot_state_publisher]: got segment square_platform
[INFO] [target_vision-3]: process started with pid [6245]
[INFO] [rviz2-4]: process started with pid [6247]
[rviz2-4] [INFO] [1783380947.276668415] [rviz2]: Stereo is NOT SUPPORTED
[rviz2-4] [INFO] [1783380947.276896207] [rviz2]: OpenGl version: 3.3 (GLSL 3.3)
[rviz2-4] [INFO] [1783380947.304421084] [rviz2]: Stereo is NOT SUPPORTED
[target_vision-3] arm preview publishing /joint_states, /arm/grasp_status, and target markers
[target_vision-3] servo bridge on /dev/ttyS0
[target_vision-3] Camera: /dev/video20 800x600 reported_fps=30.0 attempt=1
[target_vision-3] Press q or Esc in the preview window to quit.
[target_vision-3] SERVO FEEDBACK stage=centering ID1=340/550 ID2=98/300
[target_vision-3] SERVO UART TX=id1=550 attempt=1 RX=OK ID1 TARGET 550
[target_vision-3] SERVO UART TX=id6=410 attempt=1 RX=OK ID6 TARGET 410
[target_vision-3] SERVO UART TX=zp4:1000 attempt=1 RX=OK ZP4 1000
[target_vision-3] Library QUIRC is not linked. No decoding is performed. Take it to the OpenCV repository.
[target_vision-3] SERVO UART TX=id2=300 attempt=1 RX=OK ID2 TARGET 300
[target_vision-3] SERVO FEEDBACK stage=centering ID1=545/550 ID2=300/300
[target_vision-3] DIRECT2 LOCK target={"kind": "square", "color": "red", "center": [411, 243], "box": "[[364 194]\n [458 194]\n [458 292]\n [364 292]]", "bbox": [364, 195, 96, 99], "projected_area": 9214.22222222222, "fully_visible": true, "angle": 90.0, "area_ratio": 0.019196296296296295, "area_percent": 1.9196296296296294, "diameter_ratio": 0.16444444444444445, "distance_cm": 16.50321019014735} plan=direct-2 dx=3mm dy=-17mm d=16.5cm overhead=433/239 final=367/252 ID6=407 err=0.6mm
[target_vision-3] GRASP COMMAND reason=direct-2 overhead+ID6+open | direct-2 dx=3mm dy=-17mm d=16.5cm overhead=433/239 final=367/252 ID6=407 err=0.6mm ID1=433 ID2=239 ID4=1500 ID6=407 gap=81.1deg
[target_vision-3] SERVO UART TX=armpair=433,239 attempt=1 RX=OK ARMPAIR 433 239
[target_vision-3] SERVO UART TX=id6=407 attempt=1 RX=OK ID6 TARGET 407
[target_vision-3] SERVO UART TX=zp4:1500 attempt=1 RX=OK ZP4 1500
[target_vision-3] SERVO FEEDBACK stage=direct_2_overhead ID1=432/433 ID2=241/239
[target_vision-3] GRASP COMMAND reason=direct-2 descend to solved position ID1=367 ID2=252 ID4=1500 ID6=407 gap=68.4deg
[target_vision-3] SERVO UART TX=armpair=367,252 attempt=1 RX=OK ARMPAIR 367 252
[target_vision-3] VISION FPS=6.9
[target_vision-3] VISION PERF read=13.1ms detect=173.6ms/detect post=96.0ms display=9.6ms
[target_vision-3] SERVO FEEDBACK stage=direct_2_descend ID1=366/367 ID2=248/252
[target_vision-3] CLAW COMMAND reason=direct-2 final reached; close claw ID4=1000
[target_vision-3] SERVO UART TX=zp4:1000 attempt=1 RX=OK ZP4 1000
[target_vision-3] Library QUIRC is not linked. No decoding is performed. Take it to the OpenCV repository.
[target_vision-3] Library QUIRC is not linked. No decoding is performed. Take it to the OpenCV repository.
[target_vision-3] VISION FPS=30.0
[target_vision-3] VISION PERF read=19.0ms detect=179.1ms/detect post=11.4ms display=10.5ms
[target_vision-3] Library QUIRC is not linked. No decoding is performed. Take it to the OpenCV repository.
[target_vision-3] VISION FPS=29.9
[target_vision-3] VISION PERF read=20.5ms detect=178.5ms/detect post=2.1ms display=10.6ms
[target_vision-3] Library QUIRC is not linked. No decoding is performed. Take it to the OpenCV repository.
[target_vision-3] Library QUIRC is not linked. No decoding is performed. Take it to the OpenCV repository.
[target_vision-3] Library QUIRC is not linked. No decoding is performed. Take it to the OpenCV repository.
[target_vision-3] VISION FPS=29.9
[target_vision-3] VISION PERF read=20.3ms detect=159.6ms/detect post=2.3ms display=10.7ms
[WARNING] [launch]: user interrupted with ctrl-c (SIGINT)
[robot_state_publisher-2] [INFO] [1783380972.992024124] [rclcpp]: signal_handler(SIGINT/SIGTERM)
[rviz2-4] [INFO] [1783380972.992068749] [rclcpp]: signal_handler(SIGINT/SIGTERM)
[INFO] [robot_state_publisher-2]: process has finished cleanly [pid 6231]
[target_vision-3] APP EXIT closing claw to ID4=1000
[INFO] [rviz2-4]: process has finished cleanly [pid 6247]
[target_vision-3] SERVO UART TX=zp4:1000 attempt=1 RX=OK ZP4 1000
[target_vision-3] APP EXIT retracting ID2 first to 100
[target_vision-3] SERVO UART TX=id2=100 attempt=1 RX=OK ID2 TARGET 100
[target_vision-3] APP EXIT retracting ID1 to 340 and ID6 to 410
[target_vision-3] SERVO UART TX=id1=340 attempt=1 RX=OK ID1 TARGET 340
[target_vision-3] SERVO UART TX=id6=410 attempt=1 RX=OK ID6 TARGET 410
[target_vision-3] Traceback (most recent call last):
[target_vision-3]   File "/home/cat/ros2_ws/install/ros2_test1/lib/ros2_test1/target_vision", line 33, in <module>
[target_vision-3]     sys.exit(load_entry_point('ros2-test1', 'console_scripts', 'target_vision')())
[target_vision-3]   File "/home/cat/ros2_ws/build/ros2_test1/ros2_test1/target_vision.py", line 3585, in main
[target_vision-3]     ok, frame = cap.read()
[target_vision-3] KeyboardInterrupt
[ERROR] [target_vision-3]: process has died [pid 6245, exit code -2, cmd '/home/cat/ros2_ws/install/ros2_test1/lib/ros2_test1/target_vision --enable-red-square-grasp --grasp-direct-2 --enable-arm-preview --no-web --width 800 --height 600 --fps 30 --detect-every-n-frames 1 --detection-scale 0.75 --window-x 0 --window-y 60 --window-width 620 --window-height 520 --preview-id1 550 --preview-id2 300 --preview-id4 1000 --preview-id6 410 --grasp-id1-ready 550 --grasp-id2-ready 300 --grasp-id4-closed 1000 --grasp-id4-open 1500 --servo-angle-gap-deg 0 --grasp-command-interval 0.15 --grasp-stable-frames 1 --camera-gripper-offset-mm 50 --camera-gripper-vertical-offset-mm 0 --trigger-kind square --trigger-color red --ros-args -r __node:=red_square_grasp_direct_2'].
[INFO] [launch]: process[target_vision-3] was required: shutting down launched system
==== 2026-07-07 08:02:58 start target vision 2.0 ====
[INFO] [launch]: All log files can be found below /home/cat/.ros/log/2026-07-07-08-03-00-439496-lubancat-9690
[INFO] [launch]: Default logging verbosity is set to INFO
[INFO] [bash-1]: process started with pid [9723]
[INFO] [robot_state_publisher-2]: process started with pid [9725]
[robot_state_publisher-2] [INFO] [1783382580.589788860] [robot_state_publisher]: got segment base_link
[robot_state_publisher-2] [INFO] [1783382580.589987485] [robot_state_publisher]: got segment base_mount
[robot_state_publisher-2] [INFO] [1783382580.590002651] [robot_state_publisher]: got segment blue_active_bar
[robot_state_publisher-2] [INFO] [1783382580.590012860] [robot_state_publisher]: got segment blue_upper_bar
[INFO] [bash-1]: process has finished cleanly [pid 9723]
[robot_state_publisher-2] [INFO] [1783382580.590021026] [robot_state_publisher]: got segment end_effector
[robot_state_publisher-2] [INFO] [1783382580.590028901] [robot_state_publisher]: got segment extension_bar
[robot_state_publisher-2] [INFO] [1783382580.590037651] [robot_state_publisher]: got segment extension_tip
[robot_state_publisher-2] [INFO] [1783382580.590046110] [robot_state_publisher]: got segment gripper_finger_left
[robot_state_publisher-2] [INFO] [1783382580.590054276] [robot_state_publisher]: got segment gripper_finger_right
[robot_state_publisher-2] [INFO] [1783382580.590062443] [robot_state_publisher]: got segment orange_active_bar
[robot_state_publisher-2] [INFO] [1783382580.590070318] [robot_state_publisher]: got segment orange_upper_bar
[robot_state_publisher-2] [INFO] [1783382580.590077901] [robot_state_publisher]: got segment square_platform
[INFO] [target_vision_2-3]: process started with pid [9739]
[INFO] [rviz2-4]: process started with pid [9741]
[rviz2-4] [INFO] [1783382582.408729126] [rviz2]: Stereo is NOT SUPPORTED
[rviz2-4] [INFO] [1783382582.408951667] [rviz2]: OpenGl version: 3.3 (GLSL 3.3)
[rviz2-4] [INFO] [1783382582.443804088] [rviz2]: Stereo is NOT SUPPORTED
[target_vision_2-3] arm preview publishing /joint_states, /arm/grasp_status, and target markers
[target_vision_2-3] servo bridge on /dev/ttyS0
[target_vision_2-3] Camera: /dev/video20 800x600 reported_fps=30.0 attempt=1
[target_vision_2-3] Press q or Esc in the preview window to quit.
[target_vision_2-3] SERVO FEEDBACK stage=centering ID1=340/550 ID2=98/300
[target_vision_2-3] Library QUIRC is not linked. No decoding is performed. Take it to the OpenCV repository.
[target_vision_2-3] SERVO UART TX=id1=550 attempt=1 RX=OK ID1 TARGET 550
[target_vision_2-3] SERVO UART TX=id6=410 attempt=1 RX=OK ID6 TARGET 410
[target_vision_2-3] SERVO UART TX=zp4:1000 attempt=1 RX=OK ZP4 1000
[target_vision_2-3] SERVO UART TX=id2=300 attempt=1 RX=OK ID2 TARGET 300
[target_vision_2-3] SERVO FEEDBACK stage=centering ID1=546/550 ID2=299/300
[target_vision_2-3] DIRECT2 LOCK target={"kind": "square", "color": "red", "center": [340, 117], "box": "[[294 137]\n [300  89]\n [384  98]\n [378 146]]", "bbox": [295, 89, 91, 59], "projected_area": 4106.888547773214, "fully_visible": true, "angle": 6.5, "area_ratio": 0.008556017807860862, "area_percent": 0.8556017807860863, "diameter_ratio": 0.1511111111111111, "distance_cm": 25.519771952900044} plan=direct-2 dx=-20mm dy=-60mm d=25.5cm overhead=400/265 final=333/286 ID6=422 err=0.5mm
[target_vision_2-3] GRASP COMMAND reason=direct-2 overhead+ID6+open | direct-2 dx=-20mm dy=-60mm d=25.5cm overhead=400/265 final=333/286 ID6=422 err=0.5mm ID1=400 ID2=265 ID4=1500 ID6=422 gap=79.3deg
[target_vision_2-3] SERVO UART TX=armpair=400,265 attempt=1 RX=OK ARMPAIR 400 265
[target_vision_2-3] SERVO UART TX=id6=422 attempt=1 RX=OK ID6 TARGET 422
[target_vision_2-3] SERVO UART TX=zp4:1500 attempt=1 RX=OK ZP4 1500
[target_vision_2-3] SERVO FEEDBACK stage=direct_2_overhead ID1=399/400 ID2=268/265
[target_vision_2-3] GRASP COMMAND reason=direct-2 descend to solved position ID1=333 ID2=286 ID4=1500 ID6=422 gap=68.2deg
[target_vision_2-3] SERVO UART TX=armpair=333,286 attempt=1 RX=OK ARMPAIR 333 286
[target_vision_2-3] VISION FPS=3.2
[target_vision_2-3] VISION PERF read=13.3ms detect=161.3ms/detect post=115.5ms display=9.8ms
[target_vision_2-3] SERVO FEEDBACK stage=direct_2_descend ID1=334/333 ID2=282/286
[target_vision_2-3] CLAW COMMAND reason=direct-2 final reached; close claw ID4=1000
[target_vision_2-3] SERVO UART TX=zp4:1000 attempt=1 RX=OK ZP4 1000
[target_vision_2-3] VISION FPS=30.0
[target_vision_2-3] VISION PERF read=19.4ms detect=174.0ms/detect post=11.3ms display=10.3ms
[WARNING] [launch]: user interrupted with ctrl-c (SIGINT)
[robot_state_publisher-2] [INFO] [1783382594.767891284] [rclcpp]: signal_handler(SIGINT/SIGTERM)
[rviz2-4] [INFO] [1783382594.767989576] [rclcpp]: signal_handler(SIGINT/SIGTERM)
[INFO] [robot_state_publisher-2]: process has finished cleanly [pid 9725]
[target_vision_2-3] APP EXIT closing claw to ID4=1000
[INFO] [rviz2-4]: process has finished cleanly [pid 9741]
[target_vision_2-3] SERVO UART TX=zp4:1000 attempt=1 RX=OK ZP4 1000
[target_vision_2-3] APP EXIT retracting ID2 first to 100
[target_vision_2-3] SERVO UART TX=id2=100 attempt=1 RX=OK ID2 TARGET 100
[target_vision_2-3] APP EXIT retracting ID1 to 340 and ID6 to 410
[target_vision_2-3] SERVO UART TX=id1=340 attempt=1 RX=OK ID1 TARGET 340
[target_vision_2-3] SERVO UART TX=id6=410 attempt=1 RX=OK ID6 TARGET 410
[target_vision_2-3] Traceback (most recent call last):
[target_vision_2-3]   File "/home/cat/ros2_ws/install/ros2_test1/lib/ros2_test1/target_vision_2", line 33, in <module>
[target_vision_2-3]     sys.exit(load_entry_point('ros2-test1', 'console_scripts', 'target_vision_2')())
[target_vision_2-3]   File "/home/cat/ros2_ws/build/ros2_test1/ros2_test1/target_vision_2.py", line 143, in main
[target_vision_2-3]     return vision1.main(arguments)
[target_vision_2-3]   File "/home/cat/ros2_ws/build/ros2_test1/ros2_test1/target_vision.py", line 3677, in main
[target_vision_2-3]     key = cv2.waitKey(1) & 0xFF
[target_vision_2-3] KeyboardInterrupt
[ERROR] [target_vision_2-3]: process has died [pid 9739, exit code -2, cmd '/home/cat/ros2_ws/install/ros2_test1/lib/ros2_test1/target_vision_2 --enable-red-square-grasp --enable-arm-preview --no-web --width 800 --height 600 --fps 30 --detect-every-n-frames 1 --detection-scale 0.75 --window-x 0 --window-y 60 --window-width 620 --window-height 520 --preview-id1 550 --preview-id2 300 --preview-id4 1000 --preview-id6 410 --grasp-id1-ready 550 --grasp-id2-ready 300 --grasp-id4-closed 1000 --grasp-id4-open 1500 --servo-angle-gap-deg 0 --grasp-command-interval 0.15 --grasp-stable-frames 1 --camera-gripper-offset-mm 50 --camera-gripper-vertical-offset-mm 0 --trigger-kind square --trigger-color red --ros-args -r __node:=red_square_grasp_direct_2'].
[INFO] [launch]: process[target_vision_2-3] was required: shutting down launched system
==== 2026-07-07 08:03:19 start target vision 2.0 ====
[INFO] [launch]: All log files can be found below /home/cat/.ros/log/2026-07-07-08-03-21-396035-lubancat-9888
[INFO] [launch]: Default logging verbosity is set to INFO
[INFO] [bash-1]: process started with pid [9921]
[INFO] [robot_state_publisher-2]: process started with pid [9923]
[INFO] [bash-1]: process has finished cleanly [pid 9921]
[robot_state_publisher-2] [INFO] [1783382601.553223258] [robot_state_publisher]: got segment base_link
[robot_state_publisher-2] [INFO] [1783382601.553402049] [robot_state_publisher]: got segment base_mount
[robot_state_publisher-2] [INFO] [1783382601.553416633] [robot_state_publisher]: got segment blue_active_bar
[robot_state_publisher-2] [INFO] [1783382601.553426549] [robot_state_publisher]: got segment blue_upper_bar
[robot_state_publisher-2] [INFO] [1783382601.553435299] [robot_state_publisher]: got segment end_effector
[robot_state_publisher-2] [INFO] [1783382601.553444049] [robot_state_publisher]: got segment extension_bar
[robot_state_publisher-2] [INFO] [1783382601.553452216] [robot_state_publisher]: got segment extension_tip
[robot_state_publisher-2] [INFO] [1783382601.553460383] [robot_state_publisher]: got segment gripper_finger_left
[robot_state_publisher-2] [INFO] [1783382601.553479049] [robot_state_publisher]: got segment gripper_finger_right
[robot_state_publisher-2] [INFO] [1783382601.553490424] [robot_state_publisher]: got segment orange_active_bar
[robot_state_publisher-2] [INFO] [1783382601.553499758] [robot_state_publisher]: got segment orange_upper_bar
[robot_state_publisher-2] [INFO] [1783382601.553508508] [robot_state_publisher]: got segment square_platform
[INFO] [target_vision_2-3]: process started with pid [9937]
[INFO] [rviz2-4]: process started with pid [9939]
[rviz2-4] [INFO] [1783382603.374151524] [rviz2]: Stereo is NOT SUPPORTED
[rviz2-4] [INFO] [1783382603.374379899] [rviz2]: OpenGl version: 3.3 (GLSL 3.3)
[rviz2-4] [INFO] [1783382603.406887902] [rviz2]: Stereo is NOT SUPPORTED
[target_vision_2-3] arm preview publishing /joint_states, /arm/grasp_status, and target markers
[target_vision_2-3] servo bridge on /dev/ttyS0
[target_vision_2-3] Camera: /dev/video20 800x600 reported_fps=30.0 attempt=1
[target_vision_2-3] Press q or Esc in the preview window to quit.
[target_vision_2-3] SERVO FEEDBACK stage=centering ID1=336/550 ID2=99/300
[target_vision_2-3] SERVO UART TX=id1=550 attempt=1 RX=OK ID1 TARGET 550
[target_vision_2-3] SERVO UART TX=id6=410 attempt=1 RX=OK ID6 TARGET 410
[target_vision_2-3] SERVO UART TX=zp4:1000 attempt=1 RX=OK ZP4 1000
[target_vision_2-3] SERVO UART TX=id2=300 attempt=1 RX=OK ID2 TARGET 300
[target_vision_2-3] SERVO FEEDBACK stage=centering ID1=546/550 ID2=300/300
[target_vision_2-3] DIRECT2 LOCK target={"kind": "square", "color": "red", "center": [384, 159], "box": "[[329 197]\n [348 101]\n [440 120]\n [420 214]]", "bbox": [329, 101, 112, 115], "projected_area": 9056.204929318279, "fully_visible": true, "angle": 11.3, "area_ratio": 0.018867093602746413, "area_percent": 1.8867093602746414, "diameter_ratio": 0.19111111111111112, "distance_cm": 16.660526932385892} plan=direct-2 dx=-4mm dy=-37mm d=16.7cm overhead=458/237 final=393/245 ID6=414 err=0.3mm
[target_vision_2-3] GRASP COMMAND reason=direct-2 overhead+ID6+open | direct-2 dx=-4mm dy=-37mm d=16.7cm overhead=458/237 final=393/245 ID6=414 err=0.3mm ID1=458 ID2=237 ID4=1500 ID6=414 gap=86.5deg
[target_vision_2-3] SERVO UART TX=armpair=458,237 attempt=1 RX=OK ARMPAIR 458 237
[target_vision_2-3] SERVO UART TX=id6=414 attempt=1 RX=OK ID6 TARGET 414
[target_vision_2-3] SERVO UART TX=zp4:1500 attempt=1 RX=OK ZP4 1500
[target_vision_2-3] SERVO FEEDBACK stage=direct_2_overhead ID1=458/458 ID2=239/237
[target_vision_2-3] GRASP COMMAND reason=direct-2 descend to solved position ID1=393 ID2=245 ID4=1500 ID6=414 gap=73.0deg
[target_vision_2-3] SERVO UART TX=armpair=393,245 attempt=1 RX=OK ARMPAIR 393 245
[target_vision_2-3] VISION FPS=3.2
[target_vision_2-3] VISION PERF read=13.0ms detect=172.4ms/detect post=112.5ms display=10.1ms
[target_vision_2-3] SERVO FEEDBACK stage=direct_2_descend ID1=393/393 ID2=241/245
[target_vision_2-3] CLAW COMMAND reason=direct-2 final reached; close claw ID4=1000
[target_vision_2-3] SERVO UART TX=zp4:1000 attempt=1 RX=OK ZP4 1000
[target_vision_2-3] VISION FPS=30.0
[target_vision_2-3] VISION PERF read=19.0ms detect=164.6ms/detect post=11.4ms display=10.6ms
[WARNING] [launch]: user interrupted with ctrl-c (SIGINT)
[robot_state_publisher-2] [INFO] [1783382619.190733613] [rclcpp]: signal_handler(SIGINT/SIGTERM)
[rviz2-4] [INFO] [1783382619.190649321] [rclcpp]: signal_handler(SIGINT/SIGTERM)
[INFO] [robot_state_publisher-2]: process has finished cleanly [pid 9923]
[target_vision_2-3] APP EXIT closing claw to ID4=1000
[INFO] [rviz2-4]: process has finished cleanly [pid 9939]
[target_vision_2-3] SERVO UART TX=zp4:1000 attempt=1 RX=OK ZP4 1000
[target_vision_2-3] APP EXIT retracting ID2 first to 100
[target_vision_2-3] SERVO UART TX=id2=100 attempt=1 RX=OK ID2 TARGET 100
[target_vision_2-3] APP EXIT retracting ID1 to 340 and ID6 to 410
[target_vision_2-3] SERVO UART TX=id1=340 attempt=1 RX=OK ID1 TARGET 340
[target_vision_2-3] SERVO UART TX=id6=410 attempt=1 RX=OK ID6 TARGET 410
[target_vision_2-3] Traceback (most recent call last):
[target_vision_2-3]   File "/home/cat/ros2_ws/install/ros2_test1/lib/ros2_test1/target_vision_2", line 33, in <module>
[target_vision_2-3]     sys.exit(load_entry_point('ros2-test1', 'console_scripts', 'target_vision_2')())
[target_vision_2-3]   File "/home/cat/ros2_ws/build/ros2_test1/ros2_test1/target_vision_2.py", line 143, in main
[target_vision_2-3]     return vision1.main(arguments)
[target_vision_2-3]   File "/home/cat/ros2_ws/build/ros2_test1/ros2_test1/target_vision.py", line 3597, in main
[target_vision_2-3]     ok, frame = cap.read()
[target_vision_2-3] KeyboardInterrupt
[ERROR] [target_vision_2-3]: process has died [pid 9937, exit code -2, cmd '/home/cat/ros2_ws/install/ros2_test1/lib/ros2_test1/target_vision_2 --enable-red-square-grasp --enable-arm-preview --no-web --width 800 --height 600 --fps 30 --detect-every-n-frames 1 --detection-scale 0.75 --window-x 0 --window-y 60 --window-width 620 --window-height 520 --preview-id1 550 --preview-id2 300 --preview-id4 1000 --preview-id6 410 --grasp-id1-ready 550 --grasp-id2-ready 300 --grasp-id4-closed 1000 --grasp-id4-open 1500 --servo-angle-gap-deg 0 --grasp-command-interval 0.15 --grasp-stable-frames 1 --camera-gripper-offset-mm 50 --camera-gripper-vertical-offset-mm 0 --trigger-kind square --trigger-color red --ros-args -r __node:=red_square_grasp_direct_2'].
[INFO] [launch]: process[target_vision_2-3] was required: shutting down launched system
==== 2026-07-07 07:20:34 start target vision 2.0 ====
[INFO] [launch]: All log files can be found below /home/cat/.ros/log/2026-07-07-07-20-36-367092-lubancat-3341
[INFO] [launch]: Default logging verbosity is set to INFO
[INFO] [bash-1]: process started with pid [3374]
[INFO] [robot_state_publisher-2]: process started with pid [3376]
[INFO] [bash-1]: process has finished cleanly [pid 3374]
[robot_state_publisher-2] [INFO] [1783380036.653442168] [robot_state_publisher]: got segment base_link
[robot_state_publisher-2] [INFO] [1783380036.653628543] [robot_state_publisher]: got segment base_mount
[robot_state_publisher-2] [INFO] [1783380036.653643709] [robot_state_publisher]: got segment blue_active_bar
[robot_state_publisher-2] [INFO] [1783380036.653653043] [robot_state_publisher]: got segment blue_upper_bar
[robot_state_publisher-2] [INFO] [1783380036.653661501] [robot_state_publisher]: got segment end_effector
[robot_state_publisher-2] [INFO] [1783380036.653669084] [robot_state_publisher]: got segment extension_bar
[robot_state_publisher-2] [INFO] [1783380036.653676084] [robot_state_publisher]: got segment extension_tip
[robot_state_publisher-2] [INFO] [1783380036.653683668] [robot_state_publisher]: got segment gripper_finger_left
[robot_state_publisher-2] [INFO] [1783380036.653691251] [robot_state_publisher]: got segment gripper_finger_right
[robot_state_publisher-2] [INFO] [1783380036.653699126] [robot_state_publisher]: got segment orange_active_bar
[robot_state_publisher-2] [INFO] [1783380036.653706126] [robot_state_publisher]: got segment orange_upper_bar
[robot_state_publisher-2] [INFO] [1783380036.653713418] [robot_state_publisher]: got segment square_platform
[INFO] [target_vision_2-3]: process started with pid [3390]
[INFO] [rviz2-4]: process started with pid [3392]
[target_vision_2-3] arm preview publishing /joint_states, /arm/grasp_status, and target markers
[target_vision_2-3] servo bridge on /dev/ttyS0
[target_vision_2-3] Camera: /dev/video20 800x600 reported_fps=30.0 attempt=1
[rviz2-4] [INFO] [1783380039.390141734] [rviz2]: Stereo is NOT SUPPORTED
[rviz2-4] [INFO] [1783380039.390272401] [rviz2]: OpenGl version: 3.3 (GLSL 3.3)
[rviz2-4] [INFO] [1783380039.429031405] [rviz2]: Stereo is NOT SUPPORTED
[target_vision_2-3] Press q or Esc in the preview window to quit.
[target_vision_2-3] SERVO FEEDBACK stage=centering ID1=530/550 ID2=78/300
[target_vision_2-3] SERVO UART TX=id1=550 attempt=1 RX=OK ID1 TARGET 550
[target_vision_2-3] SERVO UART TX=id6=410 attempt=1 RX=OK ID6 TARGET 410
[target_vision_2-3] SERVO UART TX=zp4:1000 attempt=1 RX=OK ZP4 1000
[target_vision_2-3] SERVO UART TX=id2=300 attempt=1 RX=OK ID2 TARGET 300
[target_vision_2-3] SERVO UART TX=armpair=550,300 attempt=1 RX=timeout
[target_vision_2-3] SERVO UART TX=armpair=550,300 attempt=2 RX=timeout
[target_vision_2-3] VISION PERF read=16.3ms detect=163.1ms/detect post=50.1ms display=10.2ms
[target_vision_2-3] VISION FPS=32.3
[target_vision_2-3] Library QUIRC is not linked. No decoding is performed. Take it to the OpenCV repository.
[target_vision_2-3] Library QUIRC is not linked. No decoding is performed. Take it to the OpenCV repository.
[target_vision_2-3] VISION PERF read=20.0ms detect=164.3ms/detect post=2.7ms display=10.5ms
[target_vision_2-3] VISION FPS=30.0
[target_vision_2-3] Library QUIRC is not linked. No decoding is performed. Take it to the OpenCV repository.
[target_vision_2-3] VISION PERF read=20.1ms detect=171.0ms/detect post=2.7ms display=10.4ms
[target_vision_2-3] VISION FPS=30.0
[target_vision_2-3] Library QUIRC is not linked. No decoding is performed. Take it to the OpenCV repository.
[target_vision_2-3] Library QUIRC is not linked. No decoding is performed. Take it to the OpenCV repository.
[target_vision_2-3] VISION PERF read=19.9ms detect=183.0ms/detect post=2.7ms display=10.7ms
[target_vision_2-3] VISION FPS=29.5
[target_vision_2-3] VISION PERF read=18.4ms detect=210.5ms/detect post=3.1ms display=11.7ms
[target_vision_2-3] VISION FPS=30.3
[target_vision_2-3] VISION PERF read=18.5ms detect=185.8ms/detect post=3.3ms display=11.4ms
[target_vision_2-3] VISION FPS=30.0
[WARNING] [launch]: user interrupted with ctrl-c (SIGINT)
[robot_state_publisher-2] [INFO] [1783380071.270411188] [rclcpp]: signal_handler(SIGINT/SIGTERM)
[rviz2-4] [INFO] [1783380071.271184104] [rclcpp]: signal_handler(SIGINT/SIGTERM)
[INFO] [robot_state_publisher-2]: process has finished cleanly [pid 3376]
[target_vision_2-3] APP EXIT closing claw to ID4=1000
[INFO] [rviz2-4]: process has finished cleanly [pid 3392]
[target_vision_2-3] SERVO UART TX=zp4:1000 attempt=1 RX=OK ZP4 1000
[target_vision_2-3] APP EXIT retracting ID2 first to 100
[target_vision_2-3] SERVO UART TX=id2=100 attempt=1 RX=OK ID2 TARGET 100
[target_vision_2-3] APP EXIT retracting ID1 to 340 and ID6 to 410
[target_vision_2-3] SERVO UART TX=id1=340 attempt=1 RX=OK ID1 TARGET 340
[target_vision_2-3] SERVO UART TX=id6=410 attempt=1 RX=OK ID6 TARGET 410
[target_vision_2-3] Traceback (most recent call last):
[target_vision_2-3]   File "/home/cat/ros2_ws/install/ros2_test1/lib/ros2_test1/target_vision_2", line 33, in <module>
[target_vision_2-3]     sys.exit(load_entry_point('ros2-test1', 'console_scripts', 'target_vision_2')())
[target_vision_2-3]   File "/home/cat/ros2_ws/build/ros2_test1/ros2_test1/target_vision_2.py", line 186, in main
[target_vision_2-3]     return vision1.main(arguments)
[target_vision_2-3]   File "/home/cat/ros2_ws/build/ros2_test1/ros2_test1/target_vision.py", line 3676, in main
[target_vision_2-3]     cv2.imshow(WINDOW_NAME, output)
[target_vision_2-3] KeyboardInterrupt
[ERROR] [target_vision_2-3]: process has died [pid 3390, exit code -2, cmd '/home/cat/ros2_ws/install/ros2_test1/lib/ros2_test1/target_vision_2 --enable-red-square-grasp --enable-arm-preview --no-web --width 800 --height 600 --fps 30 --detect-every-n-frames 1 --detection-scale 0.75 --window-x 0 --window-y 60 --window-width 620 --window-height 520 --preview-id1 550 --preview-id2 300 --preview-id4 1000 --preview-id6 410 --grasp-id1-ready 550 --grasp-id2-ready 300 --grasp-id4-closed 1000 --grasp-id4-open 1500 --servo-angle-gap-deg 0 --grasp-command-interval 0.15 --grasp-stable-frames 1 --camera-gripper-offset-mm 50 --camera-gripper-vertical-offset-mm 0 --trigger-kind square --trigger-color red --ros-args -r __node:=red_square_grasp_direct_2'].
[INFO] [launch]: process[target_vision_2-3] was required: shutting down launched system
==== 2026-07-07 07:21:17 start target vision 2.0 ====
[INFO] [launch]: All log files can be found below /home/cat/.ros/log/2026-07-07-07-21-19-334885-lubancat-3829
[INFO] [launch]: Default logging verbosity is set to INFO
[INFO] [bash-1]: process started with pid [3891]
[INFO] [robot_state_publisher-2]: process started with pid [3893]
[INFO] [bash-1]: process has finished cleanly [pid 3891]
[robot_state_publisher-2] [INFO] [1783380079.508285890] [robot_state_publisher]: got segment base_link
[robot_state_publisher-2] [INFO] [1783380079.508484224] [robot_state_publisher]: got segment base_mount
[robot_state_publisher-2] [INFO] [1783380079.508500849] [robot_state_publisher]: got segment blue_active_bar
[robot_state_publisher-2] [INFO] [1783380079.508510182] [robot_state_publisher]: got segment blue_upper_bar
[robot_state_publisher-2] [INFO] [1783380079.508518349] [robot_state_publisher]: got segment end_effector
[robot_state_publisher-2] [INFO] [1783380079.508525932] [robot_state_publisher]: got segment extension_bar
[robot_state_publisher-2] [INFO] [1783380079.508532932] [robot_state_publisher]: got segment extension_tip
[robot_state_publisher-2] [INFO] [1783380079.508540224] [robot_state_publisher]: got segment gripper_finger_left
[robot_state_publisher-2] [INFO] [1783380079.508547807] [robot_state_publisher]: got segment gripper_finger_right
[robot_state_publisher-2] [INFO] [1783380079.508555390] [robot_state_publisher]: got segment orange_active_bar
[robot_state_publisher-2] [INFO] [1783380079.508562682] [robot_state_publisher]: got segment orange_upper_bar
[robot_state_publisher-2] [INFO] [1783380079.508569682] [robot_state_publisher]: got segment square_platform
[INFO] [target_vision_2-3]: process started with pid [3923]
[INFO] [rviz2-4]: process started with pid [3931]
[rviz2-4] [INFO] [1783380081.318238156] [rviz2]: Stereo is NOT SUPPORTED
[rviz2-4] [INFO] [1783380081.318369989] [rviz2]: OpenGl version: 3.3 (GLSL 3.3)
[rviz2-4] [INFO] [1783380081.344477658] [rviz2]: Stereo is NOT SUPPORTED
[target_vision_2-3] arm preview publishing /joint_states, /arm/grasp_status, and target markers
[target_vision_2-3] servo bridge on /dev/ttyS0
[target_vision_2-3] Camera: /dev/video20 800x600 reported_fps=30.0 attempt=1
[target_vision_2-3] Press q or Esc in the preview window to quit.
[target_vision_2-3] VISION FPS=1.1
[target_vision_2-3] VISION PERF read=4.1ms detect=170.3ms/detect post=925.7ms display=7.8ms
[target_vision_2-3] SERVO FEEDBACK stage=centering ID1=340/550 ID2=98/300
[target_vision_2-3] SERVO UART TX=id1=550 attempt=1 RX=OK ID1 TARGET 550
[target_vision_2-3] SERVO UART TX=id6=410 attempt=1 RX=OK ID6 TARGET 410
[target_vision_2-3] SERVO UART TX=zp4:1000 attempt=1 RX=OK ZP4 1000
[target_vision_2-3] SERVO UART TX=id2=300 attempt=1 RX=OK ID2 TARGET 300
[target_vision_2-3] SERVO UART TX=armpair=550,300 attempt=1 RX=timeout
[target_vision_2-3] SERVO UART TX=armpair=550,300 attempt=2 RX=ARM HOLD ID1=545 ID2=300  ARM UART READY  OK ARMPAIR 550 300  OK ARMPAIR 550 300
[target_vision_2-3] VISION FPS=3.8
[target_vision_2-3] VISION PERF read=14.3ms detect=175.4ms/detect post=110.8ms display=10.8ms
[target_vision_2-3] SERVO FEEDBACK stage=centering ID1=545/550 ID2=300/300
[target_vision_2-3] DIRECT2 LOCK target={"kind": "square", "color": "red", "center": [184, 320], "box": "[[138 304]\n [206 277]\n [229 334]\n [161 361]]", "bbox": [139, 277, 92, 85], "projected_area": 4549.957042586472, "fully_visible": true, "angle": 67.8, "area_ratio": 0.00947907717205515, "area_percent": 0.947907717205515, "diameter_ratio": 0.15333333333333332, "distance_cm": 24.16515548386057} plan=direct-2 dx=-70mm dy=7mm d=24.2cm overhead=338/275 final=266/311 ID6=455 err=0.6mm
[target_vision_2-3] GRASP COMMAND reason=direct-2 overhead+ID6+open | direct-2 dx=-70mm dy=7mm d=24.2cm overhead=338/275 final=266/311 ID6=455 err=0.6mm ID1=338 ID2=275 ID4=1500 ID6=455 gap=66.9deg
[target_vision_2-3] SERVO UART TX=armpair=338,275 attempt=1 RX=OK ARMPAIR 338 275
[target_vision_2-3] SERVO UART TX=id6=455 attempt=1 RX=OK ID6 TARGET 455
[target_vision_2-3] SERVO UART TX=zp4:1500 attempt=1 RX=OK ZP4 1500
[target_vision_2-3] SERVO FEEDBACK stage=direct_2_overhead ID1=337/338 ID2=277/275
[target_vision_2-3] GRASP COMMAND reason=direct-2 descend to solved position ID1=266 ID2=311 ID4=1500 ID6=455 gap=58.1deg
[target_vision_2-3] SERVO UART TX=armpair=266,311 attempt=1 RX=OK ARMPAIR 266 311
[target_vision_2-3] Library QUIRC is not linked. No decoding is performed. Take it to the OpenCV repository.
[target_vision_2-3] SERVO FEEDBACK stage=direct_2_descend ID1=269/266 ID2=308/311
[target_vision_2-3] CLAW COMMAND reason=direct-2 final reached; close claw ID4=1000
[target_vision_2-3] SERVO UART TX=zp4:1000 attempt=1 RX=OK ZP4 1000
[target_vision_2-3] VISION FPS=11.8
[target_vision_2-3] VISION PERF read=15.5ms detect=161.5ms/detect post=71.2ms display=10.3ms
[target_vision_2-3] Library QUIRC is not linked. No decoding is performed. Take it to the OpenCV repository.
[target_vision_2-3] Library QUIRC is not linked. No decoding is performed. Take it to the OpenCV repository.
[target_vision_2-3] VISION FPS=30.1
[target_vision_2-3] VISION PERF read=19.8ms detect=190.4ms/detect post=2.2ms display=10.6ms
[target_vision_2-3] Library QUIRC is not linked. No decoding is performed. Take it to the OpenCV repository.
[target_vision_2-3] VISION FPS=30.0
[target_vision_2-3] VISION PERF read=20.1ms detect=180.9ms/detect post=2.3ms display=10.8ms
[target_vision_2-3] Library QUIRC is not linked. No decoding is performed. Take it to the OpenCV repository.
[target_vision_2-3] VISION FPS=30.1
[target_vision_2-3] VISION PERF read=20.0ms detect=164.0ms/detect post=2.6ms display=10.7ms
[target_vision_2-3] VISION FPS=30.0
[target_vision_2-3] VISION PERF read=19.8ms detect=152.6ms/detect post=2.9ms display=10.5ms
[target_vision_2-3] Library QUIRC is not linked. No decoding is performed. Take it to the OpenCV repository.
[target_vision_2-3] VISION FPS=29.8
[target_vision_2-3] VISION PERF read=19.4ms detect=154.0ms/detect post=3.1ms display=10.7ms
[target_vision_2-3] VISION FPS=30.0
[target_vision_2-3] VISION PERF read=19.8ms detect=158.4ms/detect post=3.0ms display=10.5ms
[target_vision_2-3] VISION FPS=30.0
[target_vision_2-3] VISION PERF read=19.7ms detect=152.1ms/detect post=3.0ms display=10.6ms
[target_vision_2-3] Library QUIRC is not linked. No decoding is performed. Take it to the OpenCV repository.
[target_vision_2-3] VISION FPS=30.1
[target_vision_2-3] VISION PERF read=19.7ms detect=160.6ms/detect post=3.1ms display=10.5ms
[target_vision_2-3] VISION FPS=30.0
[target_vision_2-3] VISION PERF read=20.3ms detect=148.5ms/detect post=2.5ms display=10.4ms
[target_vision_2-3] Library QUIRC is not linked. No decoding is performed. Take it to the OpenCV repository.
[target_vision_2-3] VISION FPS=30.0
[target_vision_2-3] VISION PERF read=20.4ms detect=161.4ms/detect post=2.5ms display=10.4ms
[target_vision_2-3] Library QUIRC is not linked. No decoding is performed. Take it to the OpenCV repository.
[target_vision_2-3] Library QUIRC is not linked. No decoding is performed. Take it to the OpenCV repository.
[target_vision_2-3] VISION FPS=29.9
[target_vision_2-3] VISION PERF read=20.0ms detect=157.1ms/detect post=2.6ms display=10.6ms
[target_vision_2-3] VISION FPS=30.0
[target_vision_2-3] VISION PERF read=20.1ms detect=146.9ms/detect post=2.5ms display=10.6ms
[target_vision_2-3] Library QUIRC is not linked. No decoding is performed. Take it to the OpenCV repository.
[target_vision_2-3] VISION FPS=30.0
[target_vision_2-3] VISION PERF read=20.4ms detect=157.6ms/detect post=2.4ms display=10.4ms
[target_vision_2-3] Library QUIRC is not linked. No decoding is performed. Take it to the OpenCV repository.
[target_vision_2-3] Library QUIRC is not linked. No decoding is performed. Take it to the OpenCV repository.
[target_vision_2-3] VISION FPS=30.0
[target_vision_2-3] VISION PERF read=20.1ms detect=153.5ms/detect post=2.5ms display=10.6ms
[target_vision_2-3] VISION FPS=30.0
[target_vision_2-3] VISION PERF read=20.3ms detect=149.8ms/detect post=2.5ms display=10.4ms
[target_vision_2-3] Library QUIRC is not linked. No decoding is performed. Take it to the OpenCV repository.
[target_vision_2-3] Library QUIRC is not linked. No decoding is performed. Take it to the OpenCV repository.
[target_vision_2-3] VISION FPS=30.0
[target_vision_2-3] VISION PERF read=20.0ms detect=158.2ms/detect post=2.5ms display=10.7ms
[target_vision_2-3] Library QUIRC is not linked. No decoding is performed. Take it to the OpenCV repository.
[target_vision_2-3] Library QUIRC is not linked. No decoding is performed. Take it to the OpenCV repository.
[target_vision_2-3] Library QUIRC is not linked. No decoding is performed. Take it to the OpenCV repository.
[target_vision_2-3] Library QUIRC is not linked. No decoding is performed. Take it to the OpenCV repository.
[target_vision_2-3] VISION FPS=29.8
[target_vision_2-3] VISION PERF read=20.1ms detect=168.1ms/detect post=2.6ms display=10.6ms
[target_vision_2-3] VISION FPS=30.0
[target_vision_2-3] VISION PERF read=20.0ms detect=157.3ms/detect post=2.8ms display=10.4ms
[target_vision_2-3] Library QUIRC is not linked. No decoding is performed. Take it to the OpenCV repository.
[target_vision_2-3] Library QUIRC is not linked. No decoding is performed. Take it to the OpenCV repository.
[target_vision_2-3] VISION FPS=30.0
[target_vision_2-3] VISION PERF read=19.8ms detect=156.1ms/detect post=2.7ms display=10.7ms
[target_vision_2-3] Library QUIRC is not linked. No decoding is performed. Take it to the OpenCV repository.
[target_vision_2-3] Library QUIRC is not linked. No decoding is performed. Take it to the OpenCV repository.
[target_vision_2-3] Library QUIRC is not linked. No decoding is performed. Take it to the OpenCV repository.
[target_vision_2-3] Library QUIRC is not linked. No decoding is performed. Take it to the OpenCV repository.
[target_vision_2-3] VISION FPS=30.2
[target_vision_2-3] VISION PERF read=19.8ms detect=158.7ms/detect post=2.5ms display=10.9ms
[target_vision_2-3] Library QUIRC is not linked. No decoding is performed. Take it to the OpenCV repository.
[target_vision_2-3] VISION FPS=30.1
[target_vision_2-3] VISION PERF read=19.6ms detect=159.1ms/detect post=2.6ms display=11.0ms
[target_vision_2-3] Library QUIRC is not linked. No decoding is performed. Take it to the OpenCV repository.
[target_vision_2-3] VISION FPS=30.0
[target_vision_2-3] VISION PERF read=19.8ms detect=160.5ms/detect post=2.4ms display=11.0ms
[target_vision_2-3] Library QUIRC is not linked. No decoding is performed. Take it to the OpenCV repository.
[target_vision_2-3] VISION FPS=30.0
[target_vision_2-3] VISION PERF read=19.2ms detect=166.9ms/detect post=2.5ms display=11.5ms
[target_vision_2-3] VISION FPS=29.9
[target_vision_2-3] VISION PERF read=19.1ms detect=170.8ms/detect post=2.4ms display=11.7ms
[target_vision_2-3] Library QUIRC is not linked. No decoding is performed. Take it to the OpenCV repository.
[target_vision_2-3] Library QUIRC is not linked. No decoding is performed. Take it to the OpenCV repository.
[target_vision_2-3] Library QUIRC is not linked. No decoding is performed. Take it to the OpenCV repository.
[target_vision_2-3] Library QUIRC is not linked. No decoding is performed. Take it to the OpenCV repository.
[target_vision_2-3] VISION FPS=30.0
[target_vision_2-3] VISION PERF read=19.1ms detect=175.4ms/detect post=2.5ms display=11.6ms
[target_vision_2-3] Library QUIRC is not linked. No decoding is performed. Take it to the OpenCV repository.
[target_vision_2-3] Library QUIRC is not linked. No decoding is performed. Take it to the OpenCV repository.
[target_vision_2-3] Library QUIRC is not linked. No decoding is performed. Take it to the OpenCV repository.
[target_vision_2-3] VISION FPS=30.0
[target_vision_2-3] VISION PERF read=19.2ms detect=168.9ms/detect post=2.5ms display=11.4ms
[target_vision_2-3] Library QUIRC is not linked. No decoding is performed. Take it to the OpenCV repository.
[target_vision_2-3] Library QUIRC is not linked. No decoding is performed. Take it to the OpenCV repository.
[target_vision_2-3] VISION FPS=29.8
[target_vision_2-3] VISION PERF read=19.2ms detect=180.6ms/detect post=2.6ms display=11.4ms
[target_vision_2-3] Library QUIRC is not linked. No decoding is performed. Take it to the OpenCV repository.
[target_vision_2-3] VISION FPS=30.2
[target_vision_2-3] VISION PERF read=19.1ms detect=170.8ms/detect post=2.8ms display=11.4ms
[target_vision_2-3] Library QUIRC is not linked. No decoding is performed. Take it to the OpenCV repository.
[target_vision_2-3] VISION FPS=30.0
[target_vision_2-3] VISION PERF read=18.5ms detect=170.6ms/detect post=2.8ms display=12.0ms
[target_vision_2-3] VISION FPS=30.2
[target_vision_2-3] VISION PERF read=18.7ms detect=171.5ms/detect post=2.7ms display=11.8ms
[target_vision_2-3] Library QUIRC is not linked. No decoding is performed. Take it to the OpenCV repository.
[target_vision_2-3] Library QUIRC is not linked. No decoding is performed. Take it to the OpenCV repository.
[target_vision_2-3] Library QUIRC is not linked. No decoding is performed. Take it to the OpenCV repository.
[target_vision_2-3] Library QUIRC is not linked. No decoding is performed. Take it to the OpenCV repository.
[target_vision_2-3] Library QUIRC is not linked. No decoding is performed. Take it to the OpenCV repository.
[target_vision_2-3] VISION FPS=30.0
[target_vision_2-3] VISION PERF read=18.5ms detect=176.2ms/detect post=2.6ms display=12.2ms
[target_vision_2-3] VISION FPS=29.9
[target_vision_2-3] VISION PERF read=18.1ms detect=175.0ms/detect post=2.7ms display=12.4ms
[target_vision_2-3] Library QUIRC is not linked. No decoding is performed. Take it to the OpenCV repository.
[target_vision_2-3] Library QUIRC is not linked. No decoding is performed. Take it to the OpenCV repository.
[target_vision_2-3] VISION FPS=30.0
[target_vision_2-3] VISION PERF read=18.3ms detect=176.0ms/detect post=2.7ms display=12.2ms
[target_vision_2-3] Library QUIRC is not linked. No decoding is performed. Take it to the OpenCV repository.
[target_vision_2-3] Library QUIRC is not linked. No decoding is performed. Take it to the OpenCV repository.
[target_vision_2-3] VISION FPS=29.9
[target_vision_2-3] VISION PERF read=18.7ms detect=161.8ms/detect post=2.6ms display=11.8ms
[target_vision_2-3] VISION FPS=30.3
[target_vision_2-3] VISION PERF read=18.7ms detect=165.2ms/detect post=2.6ms display=12.1ms
[target_vision_2-3] VISION FPS=29.9
[target_vision_2-3] VISION PERF read=18.3ms detect=164.9ms/detect post=2.7ms display=12.2ms
[target_vision_2-3] VISION FPS=30.0
[target_vision_2-3] VISION PERF read=17.4ms detect=189.9ms/detect post=3.1ms display=12.7ms
[target_vision_2-3] VISION FPS=30.0
[target_vision_2-3] VISION PERF read=16.7ms detect=227.9ms/detect post=3.2ms display=13.3ms
[target_vision_2-3] Library QUIRC is not linked. No decoding is performed. Take it to the OpenCV repository.
[target_vision_2-3] Library QUIRC is not linked. No decoding is performed. Take it to the OpenCV repository.
[target_vision_2-3] VISION FPS=30.3
[target_vision_2-3] VISION PERF read=16.5ms detect=223.0ms/detect post=3.5ms display=13.2ms
[target_vision_2-3] VISION FPS=30.0
[target_vision_2-3] VISION PERF read=16.9ms detect=215.7ms/detect post=3.3ms display=13.1ms
[target_vision_2-3] Library QUIRC is not linked. No decoding is performed. Take it to the OpenCV repository.
[target_vision_2-3] VISION FPS=30.0
[target_vision_2-3] VISION PERF read=16.7ms detect=212.0ms/detect post=3.5ms display=13.0ms
[target_vision_2-3] Library QUIRC is not linked. No decoding is performed. Take it to the OpenCV repository.
[target_vision_2-3] VISION FPS=30.0
[target_vision_2-3] VISION PERF read=16.6ms detect=207.2ms/detect post=3.3ms display=13.3ms
[target_vision_2-3] VISION FPS=29.9
[target_vision_2-3] VISION PERF read=16.6ms detect=218.5ms/detect post=3.2ms display=13.4ms
[target_vision_2-3] VISION FPS=30.0
[target_vision_2-3] VISION PERF read=16.0ms detect=216.7ms/detect post=3.5ms display=13.7ms
[target_vision_2-3] VISION FPS=29.9
[target_vision_2-3] VISION PERF read=17.1ms detect=245.5ms/detect post=3.4ms display=12.8ms
[target_vision_2-3] Library QUIRC is not linked. No decoding is performed. Take it to the OpenCV repository.
[target_vision_2-3] VISION FPS=30.1
[target_vision_2-3] VISION PERF read=17.0ms detect=239.3ms/detect post=3.5ms display=12.8ms
[target_vision_2-3] Library QUIRC is not linked. No decoding is performed. Take it to the OpenCV repository.
[target_vision_2-3] Library QUIRC is not linked. No decoding is performed. Take it to the OpenCV repository.
[target_vision_2-3] VISION FPS=30.1
[target_vision_2-3] VISION PERF read=16.8ms detect=234.7ms/detect post=3.5ms display=12.9ms
[target_vision_2-3] Library QUIRC is not linked. No decoding is performed. Take it to the OpenCV repository.
[target_vision_2-3] VISION FPS=29.9
[target_vision_2-3] VISION PERF read=16.5ms detect=246.7ms/detect post=3.3ms display=13.4ms
[target_vision_2-3] Library QUIRC is not linked. No decoding is performed. Take it to the OpenCV repository.
[target_vision_2-3] VISION FPS=30.2
[target_vision_2-3] VISION PERF read=17.3ms detect=269.1ms/detect post=3.2ms display=12.7ms
[target_vision_2-3] VISION FPS=30.1
[target_vision_2-3] VISION PERF read=17.1ms detect=272.5ms/detect post=3.3ms display=12.8ms
[target_vision_2-3] VISION FPS=30.0
[target_vision_2-3] VISION PERF read=16.4ms detect=243.5ms/detect post=3.5ms display=13.5ms
[target_vision_2-3] VISION FPS=30.0
[target_vision_2-3] VISION PERF read=17.1ms detect=252.0ms/detect post=3.4ms display=12.7ms
[target_vision_2-3] VISION FPS=29.9
[target_vision_2-3] VISION PERF read=16.6ms detect=277.9ms/detect post=3.2ms display=13.4ms
[target_vision_2-3] Library QUIRC is not linked. No decoding is performed. Take it to the OpenCV repository.
[target_vision_2-3] VISION FPS=30.0
[target_vision_2-3] VISION PERF read=16.4ms detect=254.1ms/detect post=3.5ms display=13.3ms
[target_vision_2-3] Library QUIRC is not linked. No decoding is performed. Take it to the OpenCV repository.
[target_vision_2-3] VISION FPS=30.3
[target_vision_2-3] VISION PERF read=16.1ms detect=230.6ms/detect post=3.6ms display=13.5ms
[target_vision_2-3] Library QUIRC is not linked. No decoding is performed. Take it to the OpenCV repository.
[target_vision_2-3] VISION FPS=30.0
[target_vision_2-3] VISION PERF read=15.7ms detect=230.9ms/detect post=3.8ms display=13.7ms
[target_vision_2-3] Library QUIRC is not linked. No decoding is performed. Take it to the OpenCV repository.
[target_vision_2-3] Library QUIRC is not linked. No decoding is performed. Take it to the OpenCV repository.
[target_vision_2-3] VISION FPS=29.9
[target_vision_2-3] VISION PERF read=16.6ms detect=293.2ms/detect post=3.5ms display=13.2ms
[target_vision_2-3] Library QUIRC is not linked. No decoding is performed. Take it to the OpenCV repository.
[target_vision_2-3] VISION FPS=30.0
[target_vision_2-3] VISION PERF read=17.1ms detect=338.3ms/detect post=3.3ms display=12.8ms
[target_vision_2-3] VISION PERF read=16.3ms detect=282.6ms/detect post=3.4ms display=13.5ms
[target_vision_2-3] VISION FPS=30.3
[target_vision_2-3] Library QUIRC is not linked. No decoding is performed. Take it to the OpenCV repository.
[target_vision_2-3] VISION PERF read=16.6ms detect=297.0ms/detect post=3.3ms display=13.3ms
[target_vision_2-3] VISION FPS=30.2
[target_vision_2-3] VISION PERF read=16.6ms detect=286.8ms/detect post=3.3ms display=13.3ms
[target_vision_2-3] VISION FPS=30.0
[target_vision_2-3] VISION PERF read=17.0ms detect=359.6ms/detect post=3.2ms display=13.0ms
[target_vision_2-3] VISION FPS=29.9
[target_vision_2-3] VISION PERF read=16.8ms detect=324.9ms/detect post=3.2ms display=13.3ms
[target_vision_2-3] VISION FPS=30.3
[target_vision_2-3] VISION PERF read=16.1ms detect=295.8ms/detect post=3.4ms display=13.7ms
[target_vision_2-3] VISION FPS=30.0
[target_vision_2-3] VISION PERF read=17.0ms detect=356.8ms/detect post=3.1ms display=13.2ms
[target_vision_2-3] VISION FPS=29.8
[target_vision_2-3] VISION PERF read=15.8ms detect=276.9ms/detect post=3.6ms display=13.8ms
[target_vision_2-3] VISION FPS=29.8
[target_vision_2-3] Library QUIRC is not linked. No decoding is performed. Take it to the OpenCV repository.
[target_vision_2-3] Library QUIRC is not linked. No decoding is performed. Take it to the OpenCV repository.
[target_vision_2-3] VISION PERF read=15.9ms detect=230.8ms/detect post=3.2ms display=14.1ms
[target_vision_2-3] VISION FPS=30.3
[target_vision_2-3] VISION PERF read=16.4ms detect=247.8ms/detect post=3.0ms display=13.8ms
[target_vision_2-3] VISION FPS=30.1
[target_vision_2-3] Library QUIRC is not linked. No decoding is performed. Take it to the OpenCV repository.
[target_vision_2-3] VISION PERF read=16.1ms detect=235.1ms/detect post=3.2ms display=14.0ms
[target_vision_2-3] VISION FPS=30.1
[target_vision_2-3] VISION PERF read=14.9ms detect=218.8ms/detect post=4.0ms display=14.3ms
[target_vision_2-3] VISION FPS=30.1
[target_vision_2-3] VISION PERF read=15.8ms detect=218.0ms/detect post=3.5ms display=14.0ms
[target_vision_2-3] VISION FPS=29.7
[target_vision_2-3] VISION PERF read=15.8ms detect=242.1ms/detect post=3.5ms display=14.0ms
[target_vision_2-3] VISION FPS=30.1
[target_vision_2-3] VISION PERF read=15.5ms detect=219.7ms/detect post=3.8ms display=14.0ms
[target_vision_2-3] VISION FPS=30.6
[target_vision_2-3] Library QUIRC is not linked. No decoding is performed. Take it to the OpenCV repository.
[target_vision_2-3] VISION PERF read=13.8ms detect=231.5ms/detect post=3.8ms display=15.5ms
[target_vision_2-3] VISION FPS=30.0
[target_vision_2-3] VISION PERF read=15.6ms detect=233.3ms/detect post=3.4ms display=14.3ms
[target_vision_2-3] VISION FPS=30.1
[target_vision_2-3] VISION PERF read=15.2ms detect=235.7ms/detect post=3.4ms display=14.6ms
[target_vision_2-3] VISION FPS=30.0
[target_vision_2-3] VISION PERF read=15.3ms detect=245.3ms/detect post=3.6ms display=14.4ms
[target_vision_2-3] VISION FPS=30.2
[target_vision_2-3] VISION PERF read=15.3ms detect=255.2ms/detect post=3.6ms display=14.3ms
[target_vision_2-3] VISION FPS=30.0
[target_vision_2-3] VISION PERF read=14.8ms detect=227.5ms/detect post=3.9ms display=14.5ms
[target_vision_2-3] VISION FPS=30.0
[target_vision_2-3] VISION PERF read=15.5ms detect=238.4ms/detect post=3.4ms display=14.3ms
[target_vision_2-3] VISION FPS=29.9
[target_vision_2-3] VISION PERF read=14.7ms detect=244.3ms/detect post=3.7ms display=14.8ms
[target_vision_2-3] VISION FPS=29.9
[target_vision_2-3] VISION PERF read=15.1ms detect=239.9ms/detect post=3.7ms display=14.6ms
[target_vision_2-3] VISION FPS=30.0
[target_vision_2-3] VISION PERF read=14.9ms detect=248.1ms/detect post=3.5ms display=14.8ms
[target_vision_2-3] VISION FPS=30.0
[target_vision_2-3] VISION PERF read=15.3ms detect=233.4ms/detect post=3.6ms display=14.5ms
[target_vision_2-3] VISION FPS=29.9
[target_vision_2-3] VISION PERF read=10.8ms detect=279.1ms/detect post=4.4ms display=18.2ms
[target_vision_2-3] VISION FPS=29.7
[target_vision_2-3] VISION PERF read=11.4ms detect=270.0ms/detect post=4.1ms display=17.6ms
[target_vision_2-3] VISION FPS=30.0
[target_vision_2-3] VISION PERF read=14.4ms detect=233.4ms/detect post=3.6ms display=15.3ms
[target_vision_2-3] VISION FPS=30.1
[target_vision_2-3] VISION PERF read=14.8ms detect=238.7ms/detect post=3.7ms display=14.6ms
[target_vision_2-3] VISION FPS=29.9
[target_vision_2-3] Library QUIRC is not linked. No decoding is performed. Take it to the OpenCV repository.
[target_vision_2-3] VISION PERF read=14.6ms detect=237.9ms/detect post=3.7ms display=14.9ms
[target_vision_2-3] VISION FPS=30.3
[target_vision_2-3] VISION PERF read=14.7ms detect=248.0ms/detect post=3.8ms display=14.8ms
[target_vision_2-3] VISION FPS=30.5
[target_vision_2-3] Library QUIRC is not linked. No decoding is performed. Take it to the OpenCV repository.
[target_vision_2-3] VISION PERF read=15.4ms detect=257.7ms/detect post=3.6ms display=14.3ms
[target_vision_2-3] VISION FPS=30.3
[target_vision_2-3] VISION PERF read=12.8ms detect=261.2ms/detect post=3.8ms display=16.7ms
[target_vision_2-3] VISION FPS=29.8
[target_vision_2-3] Library QUIRC is not linked. No decoding is performed. Take it to the OpenCV repository.
[target_vision_2-3] VISION PERF read=13.3ms detect=265.1ms/detect post=3.6ms display=16.2ms
[target_vision_2-3] VISION FPS=30.4
[target_vision_2-3] VISION PERF read=14.9ms detect=248.6ms/detect post=3.5ms display=14.7ms
[target_vision_2-3] VISION FPS=30.0
[target_vision_2-3] VISION PERF read=14.6ms detect=234.6ms/detect post=3.8ms display=14.8ms
[target_vision_2-3] VISION FPS=30.0
[target_vision_2-3] Library QUIRC is not linked. No decoding is performed. Take it to the OpenCV repository.
[target_vision_2-3] VISION PERF read=15.1ms detect=247.1ms/detect post=3.8ms display=14.3ms
[target_vision_2-3] VISION FPS=30.0
[target_vision_2-3] Library QUIRC is not linked. No decoding is performed. Take it to the OpenCV repository.
[target_vision_2-3] VISION PERF read=15.2ms detect=260.7ms/detect post=3.5ms display=14.5ms
[target_vision_2-3] VISION FPS=30.1
[target_vision_2-3] VISION PERF read=14.7ms detect=243.3ms/detect post=3.6ms display=15.0ms
[target_vision_2-3] VISION FPS=29.6
[target_vision_2-3] VISION PERF read=14.8ms detect=250.9ms/detect post=3.5ms display=15.0ms
[target_vision_2-3] VISION FPS=30.2
[target_vision_2-3] Library QUIRC is not linked. No decoding is performed. Take it to the OpenCV repository.
[target_vision_2-3] VISION PERF read=14.8ms detect=247.9ms/detect post=3.6ms display=14.9ms
[target_vision_2-3] VISION FPS=30.0
[target_vision_2-3] VISION PERF read=14.9ms detect=243.3ms/detect post=3.5ms display=14.9ms
[target_vision_2-3] VISION FPS=29.7
[target_vision_2-3] VISION PERF read=10.8ms detect=280.2ms/detect post=4.0ms display=18.5ms
[target_vision_2-3] VISION FPS=30.0
[target_vision_2-3] VISION PERF read=12.8ms detect=268.3ms/detect post=3.6ms display=16.7ms
[target_vision_2-3] VISION FPS=30.5
[target_vision_2-3] VISION PERF read=15.0ms detect=245.1ms/detect post=3.5ms display=14.8ms
[target_vision_2-3] VISION FPS=30.1
[target_vision_2-3] VISION PERF read=14.4ms detect=251.9ms/detect post=3.7ms display=15.1ms
[target_vision_2-3] VISION FPS=30.1
[target_vision_2-3] VISION PERF read=14.7ms detect=233.3ms/detect post=3.6ms display=14.9ms
[target_vision_2-3] VISION FPS=30.0
[target_vision_2-3] VISION PERF read=14.5ms detect=252.0ms/detect post=3.7ms display=15.1ms
[target_vision_2-3] VISION FPS=30.0
[target_vision_2-3] Library QUIRC is not linked. No decoding is performed. Take it to the OpenCV repository.
[target_vision_2-3] VISION PERF read=14.5ms detect=247.0ms/detect post=3.7ms display=15.0ms
[target_vision_2-3] VISION FPS=30.0
[target_vision_2-3] VISION PERF read=14.3ms detect=251.4ms/detect post=3.6ms display=15.3ms
[target_vision_2-3] VISION FPS=30.1
[target_vision_2-3] VISION PERF read=14.8ms detect=272.5ms/detect post=3.5ms display=15.0ms
[target_vision_2-3] VISION FPS=30.0
[target_vision_2-3] VISION PERF read=14.2ms detect=241.8ms/detect post=3.5ms display=15.6ms
[target_vision_2-3] VISION FPS=30.1
[target_vision_2-3] VISION PERF read=14.4ms detect=246.8ms/detect post=3.6ms display=15.3ms
[target_vision_2-3] VISION FPS=30.0
[target_vision_2-3] VISION PERF read=14.5ms detect=252.3ms/detect post=3.6ms display=15.1ms
[target_vision_2-3] VISION FPS=29.9
[target_vision_2-3] VISION PERF read=14.4ms detect=259.9ms/detect post=3.9ms display=15.0ms
[target_vision_2-3] VISION FPS=30.1
[target_vision_2-3] VISION PERF read=14.0ms detect=242.0ms/detect post=3.8ms display=15.3ms
[target_vision_2-3] VISION FPS=29.7
[target_vision_2-3] VISION PERF read=14.8ms detect=259.1ms/detect post=3.5ms display=15.0ms
[target_vision_2-3] VISION FPS=30.1
[target_vision_2-3] Library QUIRC is not linked. No decoding is performed. Take it to the OpenCV repository.
[target_vision_2-3] VISION PERF read=14.6ms detect=255.9ms/detect post=3.7ms display=14.9ms
[target_vision_2-3] VISION FPS=30.3
[target_vision_2-3] VISION PERF read=14.4ms detect=243.0ms/detect post=3.6ms display=15.3ms
[target_vision_2-3] VISION FPS=29.9
[target_vision_2-3] VISION PERF read=14.3ms detect=249.9ms/detect post=3.6ms display=15.3ms
[target_vision_2-3] VISION FPS=30.5
[target_vision_2-3] VISION PERF read=13.8ms detect=241.5ms/detect post=3.8ms display=15.6ms
[target_vision_2-3] VISION FPS=30.5
[target_vision_2-3] VISION PERF read=14.5ms detect=268.7ms/detect post=3.6ms display=15.1ms
[target_vision_2-3] VISION FPS=30.1
[target_vision_2-3] VISION PERF read=15.1ms detect=255.6ms/detect post=3.5ms display=14.7ms
[target_vision_2-3] VISION FPS=29.9
[target_vision_2-3] VISION PERF read=13.9ms detect=248.6ms/detect post=3.8ms display=15.6ms
[target_vision_2-3] VISION FPS=29.9
[target_vision_2-3] VISION PERF read=12.6ms detect=255.8ms/detect post=4.0ms display=16.8ms
[target_vision_2-3] VISION FPS=30.8
[target_vision_2-3] VISION PERF read=10.7ms detect=283.5ms/detect post=4.0ms display=18.3ms
[target_vision_2-3] VISION FPS=29.8
[target_vision_2-3] VISION PERF read=14.1ms detect=244.3ms/detect post=3.7ms display=15.5ms
[target_vision_2-3] VISION FPS=29.9
[target_vision_2-3] VISION PERF read=14.3ms detect=253.8ms/detect post=3.7ms display=15.2ms
[target_vision_2-3] VISION FPS=30.0
[target_vision_2-3] VISION PERF read=14.3ms detect=256.2ms/detect post=3.6ms display=15.4ms
[target_vision_2-3] VISION FPS=30.1
[target_vision_2-3] VISION PERF read=14.6ms detect=247.3ms/detect post=3.6ms display=15.0ms
[target_vision_2-3] VISION FPS=30.0
[target_vision_2-3] VISION PERF read=14.1ms detect=245.9ms/detect post=3.6ms display=15.5ms
[target_vision_2-3] VISION FPS=30.0
[target_vision_2-3] VISION PERF read=14.3ms detect=267.9ms/detect post=3.8ms display=15.1ms
[target_vision_2-3] VISION FPS=30.1
[target_vision_2-3] Library QUIRC is not linked. No decoding is performed. Take it to the OpenCV repository.
[target_vision_2-3] VISION PERF read=14.0ms detect=250.2ms/detect post=3.9ms display=15.3ms
[target_vision_2-3] VISION FPS=29.8
[target_vision_2-3] VISION PERF read=14.2ms detect=254.2ms/detect post=3.9ms display=15.3ms
[target_vision_2-3] VISION FPS=30.3
[target_vision_2-3] Library QUIRC is not linked. No decoding is performed. Take it to the OpenCV repository.
[target_vision_2-3] VISION PERF read=14.0ms detect=250.7ms/detect post=3.8ms display=15.2ms
[target_vision_2-3] VISION FPS=30.0
[target_vision_2-3] VISION PERF read=14.5ms detect=256.5ms/detect post=3.7ms display=15.1ms
[target_vision_2-3] VISION FPS=30.2
[target_vision_2-3] VISION PERF read=14.0ms detect=247.6ms/detect post=3.8ms display=15.5ms
[target_vision_2-3] VISION FPS=30.1
[target_vision_2-3] Library QUIRC is not linked. No decoding is performed. Take it to the OpenCV repository.
[target_vision_2-3] VISION PERF read=14.0ms detect=240.7ms/detect post=3.9ms display=15.3ms
[target_vision_2-3] VISION FPS=30.0
[target_vision_2-3] VISION PERF read=14.0ms detect=246.7ms/detect post=3.9ms display=15.4ms
[target_vision_2-3] VISION FPS=29.9
[target_vision_2-3] VISION PERF read=14.5ms detect=247.6ms/detect post=3.6ms display=15.1ms
[target_vision_2-3] VISION FPS=29.9
[target_vision_2-3] VISION PERF read=13.9ms detect=250.6ms/detect post=4.0ms display=15.3ms
[target_vision_2-3] VISION FPS=30.1
[target_vision_2-3] VISION PERF read=13.9ms detect=250.1ms/detect post=3.6ms display=15.7ms
[target_vision_2-3] VISION FPS=30.0
[target_vision_2-3] VISION PERF read=14.0ms detect=247.6ms/detect post=3.8ms display=15.5ms
[target_vision_2-3] VISION FPS=30.1
[target_vision_2-3] VISION PERF read=14.4ms detect=252.0ms/detect post=3.8ms display=15.0ms
[target_vision_2-3] VISION FPS=30.0
[target_vision_2-3] VISION PERF read=14.3ms detect=243.2ms/detect post=3.7ms display=15.2ms
[target_vision_2-3] VISION FPS=30.3
[target_vision_2-3] VISION PERF read=13.9ms detect=255.7ms/detect post=3.8ms display=15.6ms
[target_vision_2-3] VISION FPS=30.1
[target_vision_2-3] VISION PERF read=13.7ms detect=245.0ms/detect post=3.9ms display=15.7ms
[target_vision_2-3] VISION FPS=30.1
[target_vision_2-3] VISION PERF read=13.9ms detect=258.6ms/detect post=3.7ms display=15.6ms
[target_vision_2-3] VISION FPS=30.5
[target_vision_2-3] VISION PERF read=13.7ms detect=240.9ms/detect post=3.8ms display=15.8ms
[target_vision_2-3] VISION FPS=30.0
[target_vision_2-3] VISION PERF read=13.9ms detect=243.7ms/detect post=3.5ms display=15.9ms
[target_vision_2-3] VISION FPS=29.8
[target_vision_2-3] VISION PERF read=14.0ms detect=241.5ms/detect post=3.8ms display=15.4ms
[target_vision_2-3] VISION FPS=30.4
[target_vision_2-3] VISION PERF read=14.0ms detect=245.9ms/detect post=3.7ms display=15.6ms
[target_vision_2-3] VISION FPS=30.1
[target_vision_2-3] VISION PERF read=14.3ms detect=273.1ms/detect post=3.6ms display=15.3ms
[target_vision_2-3] VISION FPS=30.1
[target_vision_2-3] VISION PERF read=13.5ms detect=248.6ms/detect post=3.9ms display=15.9ms
[target_vision_2-3] VISION FPS=30.0
[target_vision_2-3] VISION PERF read=13.8ms detect=252.0ms/detect post=3.8ms display=15.7ms
[target_vision_2-3] VISION FPS=30.1
[target_vision_2-3] VISION PERF read=13.9ms detect=270.1ms/detect post=3.6ms display=15.7ms
[target_vision_2-3] VISION FPS=30.0
[target_vision_2-3] VISION PERF read=14.0ms detect=267.0ms/detect post=3.8ms display=15.4ms
[target_vision_2-3] Library QUIRC is not linked. No decoding is performed. Take it to the OpenCV repository.
[target_vision_2-3] VISION FPS=30.0
[target_vision_2-3] VISION PERF read=14.2ms detect=259.6ms/detect post=3.8ms display=15.3ms
[target_vision_2-3] VISION FPS=30.2
[target_vision_2-3] VISION PERF read=14.4ms detect=290.8ms/detect post=3.6ms display=15.2ms
[target_vision_2-3] VISION FPS=30.1
[target_vision_2-3] Library QUIRC is not linked. No decoding is performed. Take it to the OpenCV repository.
[target_vision_2-3] VISION PERF read=14.1ms detect=267.2ms/detect post=3.8ms display=15.6ms
[target_vision_2-3] VISION FPS=30.2
[target_vision_2-3] VISION PERF read=14.3ms detect=272.9ms/detect post=3.6ms display=15.1ms
[target_vision_2-3] VISION FPS=30.0
[target_vision_2-3] VISION PERF read=14.5ms detect=287.8ms/detect post=3.5ms display=15.2ms
[target_vision_2-3] VISION FPS=30.1
[target_vision_2-3] VISION PERF read=14.4ms detect=282.1ms/detect post=3.8ms display=15.1ms
[target_vision_2-3] VISION FPS=29.9
[target_vision_2-3] VISION PERF read=14.0ms detect=270.1ms/detect post=3.8ms display=15.5ms
[target_vision_2-3] VISION FPS=30.1
[target_vision_2-3] VISION PERF read=14.9ms detect=280.7ms/detect post=3.5ms display=14.7ms
[target_vision_2-3] VISION FPS=30.0
[target_vision_2-3] VISION PERF read=13.7ms detect=265.1ms/detect post=4.0ms display=15.6ms
[target_vision_2-3] VISION FPS=30.0
[target_vision_2-3] VISION PERF read=13.6ms detect=268.1ms/detect post=3.9ms display=15.7ms
[target_vision_2-3] VISION FPS=30.1
[target_vision_2-3] VISION PERF read=14.8ms detect=277.8ms/detect post=3.5ms display=15.0ms
[target_vision_2-3] VISION FPS=30.0
[target_vision_2-3] VISION PERF read=14.6ms detect=285.9ms/detect post=3.7ms display=14.9ms
[target_vision_2-3] VISION FPS=30.1
[target_vision_2-3] VISION PERF read=14.3ms detect=266.9ms/detect post=3.7ms display=15.3ms
[target_vision_2-3] VISION FPS=30.3
[target_vision_2-3] VISION PERF read=14.1ms detect=266.3ms/detect post=3.5ms display=15.6ms
[target_vision_2-3] VISION FPS=30.3
[target_vision_2-3] Library QUIRC is not linked. No decoding is performed. Take it to the OpenCV repository.
[target_vision_2-3] VISION PERF read=14.0ms detect=260.5ms/detect post=3.9ms display=15.4ms
[target_vision_2-3] VISION FPS=30.0
[target_vision_2-3] VISION PERF read=14.5ms detect=313.0ms/detect post=3.3ms display=15.5ms
[target_vision_2-3] VISION FPS=29.8
[target_vision_2-3] Library QUIRC is not linked. No decoding is performed. Take it to the OpenCV repository.
[target_vision_2-3] VISION PERF read=14.1ms detect=274.4ms/detect post=3.9ms display=15.2ms
[target_vision_2-3] VISION FPS=30.3
[target_vision_2-3] VISION PERF read=14.8ms detect=291.3ms/detect post=3.6ms display=14.8ms
[target_vision_2-3] VISION FPS=30.0
[target_vision_2-3] VISION PERF read=14.3ms detect=238.3ms/detect post=3.7ms display=15.2ms
[target_vision_2-3] VISION FPS=30.0
[target_vision_2-3] VISION PERF read=14.1ms detect=258.0ms/detect post=3.6ms display=15.6ms
[target_vision_2-3] VISION FPS=30.0
[target_vision_2-3] Library QUIRC is not linked. No decoding is performed. Take it to the OpenCV repository.
[target_vision_2-3] VISION PERF read=14.2ms detect=229.0ms/detect post=3.9ms display=15.1ms
[target_vision_2-3] VISION FPS=29.9
[target_vision_2-3] VISION PERF read=15.4ms detect=214.1ms/detect post=3.2ms display=14.7ms
[target_vision_2-3] VISION FPS=29.9
[target_vision_2-3] Library QUIRC is not linked. No decoding is performed. Take it to the OpenCV repository.
[target_vision_2-3] VISION PERF read=15.2ms detect=217.0ms/detect post=2.9ms display=15.1ms
[target_vision_2-3] Library QUIRC is not linked. No decoding is performed. Take it to the OpenCV repository.
[target_vision_2-3] VISION FPS=30.2
[target_vision_2-3] VISION PERF read=15.9ms detect=212.4ms/detect post=2.6ms display=14.8ms
[target_vision_2-3] VISION FPS=30.0
[target_vision_2-3] VISION PERF read=15.0ms detect=215.7ms/detect post=2.8ms display=15.4ms
[target_vision_2-3] VISION FPS=29.9
[target_vision_2-3] VISION PERF read=15.6ms detect=214.9ms/detect post=2.8ms display=14.8ms
[target_vision_2-3] VISION FPS=29.9
[target_vision_2-3] VISION PERF read=15.0ms detect=216.6ms/detect post=2.9ms display=15.3ms
[target_vision_2-3] VISION FPS=30.0
[target_vision_2-3] Library QUIRC is not linked. No decoding is performed. Take it to the OpenCV repository.
[target_vision_2-3] Library QUIRC is not linked. No decoding is performed. Take it to the OpenCV repository.
[target_vision_2-3] VISION PERF read=15.1ms detect=218.1ms/detect post=2.9ms display=15.3ms
[target_vision_2-3] VISION FPS=30.0
[target_vision_2-3] VISION PERF read=15.7ms detect=211.0ms/detect post=2.9ms display=14.6ms
[target_vision_2-3] VISION FPS=30.0
[target_vision_2-3] Library QUIRC is not linked. No decoding is performed. Take it to the OpenCV repository.
[target_vision_2-3] Library QUIRC is not linked. No decoding is performed. Take it to the OpenCV repository.
[target_vision_2-3] Library QUIRC is not linked. No decoding is performed. Take it to the OpenCV repository.
[target_vision_2-3] Library QUIRC is not linked. No decoding is performed. Take it to the OpenCV repository.
[target_vision_2-3] VISION PERF read=16.5ms detect=205.4ms/detect post=2.8ms display=14.0ms
[target_vision_2-3] VISION FPS=30.3
[target_vision_2-3] Library QUIRC is not linked. No decoding is performed. Take it to the OpenCV repository.
[target_vision_2-3] Library QUIRC is not linked. No decoding is performed. Take it to the OpenCV repository.
[target_vision_2-3] VISION PERF read=15.1ms detect=215.4ms/detect post=2.8ms display=15.3ms
[target_vision_2-3] VISION FPS=30.0
[target_vision_2-3] VISION PERF read=16.2ms detect=205.0ms/detect post=2.7ms display=14.3ms
[target_vision_2-3] VISION FPS=30.1
[target_vision_2-3] Library QUIRC is not linked. No decoding is performed. Take it to the OpenCV repository.
[target_vision_2-3] VISION PERF read=14.7ms detect=220.2ms/detect post=3.0ms display=15.5ms
[target_vision_2-3] VISION FPS=30.0
[target_vision_2-3] VISION PERF read=14.3ms detect=241.9ms/detect post=3.2ms display=15.8ms
[target_vision_2-3] VISION FPS=29.8
[target_vision_2-3] Library QUIRC is not linked. No decoding is performed. Take it to the OpenCV repository.
[target_vision_2-3] VISION PERF read=14.6ms detect=264.3ms/detect post=3.4ms display=15.2ms
[target_vision_2-3] VISION FPS=30.1
[target_vision_2-3] VISION PERF read=14.6ms detect=263.6ms/detect post=3.2ms display=15.5ms
[target_vision_2-3] VISION FPS=30.0
[target_vision_2-3] VISION PERF read=14.0ms detect=268.0ms/detect post=3.4ms display=16.0ms
[target_vision_2-3] VISION FPS=30.0
[target_vision_2-3] VISION PERF read=13.9ms detect=243.6ms/detect post=3.5ms display=15.8ms
[target_vision_2-3] VISION FPS=30.2
[target_vision_2-3] VISION PERF read=14.5ms detect=232.2ms/detect post=3.6ms display=15.1ms
[target_vision_2-3] VISION FPS=30.2
[target_vision_2-3] VISION PERF read=14.9ms detect=247.6ms/detect post=2.9ms display=15.5ms
[target_vision_2-3] VISION FPS=30.0
[target_vision_2-3] Library QUIRC is not linked. No decoding is performed. Take it to the OpenCV repository.
[target_vision_2-3] VISION PERF read=14.2ms detect=246.9ms/detect post=3.3ms display=15.7ms
[target_vision_2-3] VISION FPS=30.0
[target_vision_2-3] Library QUIRC is not linked. No decoding is performed. Take it to the OpenCV repository.
[target_vision_2-3] VISION PERF read=14.6ms detect=240.9ms/detect post=3.0ms display=15.5ms
[target_vision_2-3] VISION FPS=30.0
[target_vision_2-3] VISION PERF read=14.8ms detect=236.3ms/detect post=3.2ms display=15.3ms
[target_vision_2-3] VISION FPS=30.1
[target_vision_2-3] Library QUIRC is not linked. No decoding is performed. Take it to the OpenCV repository.
[target_vision_2-3] Library QUIRC is not linked. No decoding is performed. Take it to the OpenCV repository.
[target_vision_2-3] VISION PERF read=15.1ms detect=230.2ms/detect post=3.3ms display=15.0ms
[target_vision_2-3] VISION FPS=30.6
[target_vision_2-3] Library QUIRC is not linked. No decoding is performed. Take it to the OpenCV repository.
[target_vision_2-3] VISION PERF read=14.5ms detect=236.1ms/detect post=3.5ms display=15.1ms
[target_vision_2-3] VISION FPS=29.9
[target_vision_2-3] Library QUIRC is not linked. No decoding is performed. Take it to the OpenCV repository.
[target_vision_2-3] VISION PERF read=14.2ms detect=251.2ms/detect post=3.9ms display=15.2ms
[target_vision_2-3] Library QUIRC is not linked. No decoding is performed. Take it to the OpenCV repository.
[target_vision_2-3] VISION FPS=30.3
[target_vision_2-3] VISION PERF read=14.4ms detect=228.3ms/detect post=3.6ms display=15.2ms
[target_vision_2-3] VISION FPS=30.1
[target_vision_2-3] VISION PERF read=14.7ms detect=239.7ms/detect post=3.6ms display=14.9ms
[target_vision_2-3] VISION FPS=29.8
[target_vision_2-3] VISION PERF read=14.6ms detect=259.8ms/detect post=3.5ms display=15.2ms
[target_vision_2-3] VISION FPS=30.0
[target_vision_2-3] Library QUIRC is not linked. No decoding is performed. Take it to the OpenCV repository.
[target_vision_2-3] VISION PERF read=14.2ms detect=241.9ms/detect post=3.3ms display=15.7ms
[target_vision_2-3] VISION FPS=29.9
[target_vision_2-3] VISION PERF read=14.0ms detect=241.5ms/detect post=3.6ms display=15.6ms
[target_vision_2-3] VISION FPS=30.0
[target_vision_2-3] VISION PERF read=14.3ms detect=240.0ms/detect post=3.7ms display=15.2ms
[target_vision_2-3] VISION FPS=30.0
[target_vision_2-3] VISION PERF read=14.1ms detect=237.5ms/detect post=3.9ms display=15.2ms
[target_vision_2-3] Library QUIRC is not linked. No decoding is performed. Take it to the OpenCV repository.
[target_vision_2-3] VISION FPS=30.0
[target_vision_2-3] VISION PERF read=14.0ms detect=228.7ms/detect post=3.6ms display=15.6ms
[target_vision_2-3] VISION FPS=30.0
[target_vision_2-3] VISION PERF read=15.3ms detect=208.1ms/detect post=3.0ms display=15.0ms
[target_vision_2-3] VISION FPS=30.0
[target_vision_2-3] VISION PERF read=15.0ms detect=213.6ms/detect post=3.2ms display=15.0ms
[target_vision_2-3] VISION FPS=30.3
[target_vision_2-3] VISION PERF read=15.1ms detect=211.9ms/detect post=3.0ms display=15.1ms
[target_vision_2-3] VISION FPS=30.0
[target_vision_2-3] VISION PERF read=15.3ms detect=209.8ms/detect post=3.3ms display=14.6ms
[target_vision_2-3] VISION FPS=29.8
[target_vision_2-3] VISION PERF read=15.2ms detect=211.9ms/detect post=3.1ms display=14.9ms
[target_vision_2-3] VISION FPS=30.0
[target_vision_2-3] VISION PERF read=15.6ms detect=214.2ms/detect post=3.0ms display=14.5ms
[target_vision_2-3] VISION FPS=30.3
[target_vision_2-3] VISION PERF read=15.0ms detect=214.0ms/detect post=3.1ms display=15.2ms
[target_vision_2-3] VISION FPS=29.8
[target_vision_2-3] VISION PERF read=15.5ms detect=214.6ms/detect post=2.8ms display=14.9ms
[target_vision_2-3] VISION FPS=30.3
[target_vision_2-3] VISION PERF read=15.6ms detect=217.3ms/detect post=2.9ms display=14.8ms
[target_vision_2-3] VISION FPS=30.2
[target_vision_2-3] VISION PERF read=15.5ms detect=211.8ms/detect post=3.2ms display=14.5ms
[target_vision_2-3] VISION FPS=30.1
[target_vision_2-3] VISION PERF read=15.4ms detect=213.1ms/detect post=2.9ms display=14.9ms
[target_vision_2-3] VISION FPS=30.2
[target_vision_2-3] VISION PERF read=15.2ms detect=214.6ms/detect post=3.1ms display=14.9ms
[target_vision_2-3] VISION FPS=30.0
[target_vision_2-3] Library QUIRC is not linked. No decoding is performed. Take it to the OpenCV repository.
[target_vision_2-3] VISION PERF read=15.2ms detect=219.6ms/detect post=2.7ms display=15.3ms
[target_vision_2-3] VISION FPS=30.0
[target_vision_2-3] VISION PERF read=15.4ms detect=219.6ms/detect post=2.9ms display=14.9ms
[target_vision_2-3] VISION FPS=30.2
[target_vision_2-3] VISION PERF read=15.1ms detect=213.8ms/detect post=3.2ms display=14.8ms
[target_vision_2-3] VISION FPS=30.0
[target_vision_2-3] VISION PERF read=15.4ms detect=214.6ms/detect post=2.9ms display=15.0ms
[target_vision_2-3] VISION FPS=30.3
[target_vision_2-3] VISION PERF read=15.7ms detect=211.0ms/detect post=2.7ms display=14.8ms
[target_vision_2-3] VISION FPS=30.1
[target_vision_2-3] Library QUIRC is not linked. No decoding is performed. Take it to the OpenCV repository.
[target_vision_2-3] VISION PERF read=15.1ms detect=219.2ms/detect post=2.8ms display=15.3ms
[target_vision_2-3] Library QUIRC is not linked. No decoding is performed. Take it to the OpenCV repository.
[target_vision_2-3] VISION FPS=30.1
[target_vision_2-3] VISION PERF read=15.7ms detect=217.3ms/detect post=3.0ms display=14.5ms
[target_vision_2-3] VISION FPS=30.2
[target_vision_2-3] VISION PERF read=15.8ms detect=224.6ms/detect post=3.1ms display=14.4ms
[target_vision_2-3] VISION FPS=30.1
[target_vision_2-3] VISION PERF read=15.1ms detect=212.4ms/detect post=2.9ms display=15.3ms
[target_vision_2-3] VISION FPS=30.3
[target_vision_2-3] Library QUIRC is not linked. No decoding is performed. Take it to the OpenCV repository.
[target_vision_2-3] VISION PERF read=15.6ms detect=209.8ms/detect post=2.9ms display=14.8ms
[target_vision_2-3] VISION FPS=30.0
[target_vision_2-3] Library QUIRC is not linked. No decoding is performed. Take it to the OpenCV repository.
[target_vision_2-3] VISION PERF read=15.3ms detect=232.0ms/detect post=3.2ms display=14.6ms
[target_vision_2-3] VISION FPS=30.0
[target_vision_2-3] Library QUIRC is not linked. No decoding is performed. Take it to the OpenCV repository.
[target_vision_2-3] Library QUIRC is not linked. No decoding is performed. Take it to the OpenCV repository.
[target_vision_2-3] VISION PERF read=15.1ms detect=230.6ms/detect post=3.1ms display=15.0ms
[target_vision_2-3] VISION FPS=30.2
[target_vision_2-3] VISION PERF read=15.5ms detect=228.0ms/detect post=3.1ms display=14.7ms
[target_vision_2-3] VISION FPS=30.0
[target_vision_2-3] Library QUIRC is not linked. No decoding is performed. Take it to the OpenCV repository.
[target_vision_2-3] VISION PERF read=15.0ms detect=222.6ms/detect post=3.1ms display=15.2ms
[target_vision_2-3] VISION FPS=30.2
[target_vision_2-3] VISION PERF read=15.4ms detect=220.6ms/detect post=2.8ms display=15.0ms
[target_vision_2-3] VISION FPS=29.9
[target_vision_2-3] VISION PERF read=15.7ms detect=220.7ms/detect post=2.9ms display=14.7ms
[target_vision_2-3] VISION FPS=30.0
[target_vision_2-3] VISION PERF read=15.0ms detect=220.0ms/detect post=3.3ms display=14.9ms
[target_vision_2-3] VISION FPS=30.1
[target_vision_2-3] VISION PERF read=15.6ms detect=218.2ms/detect post=3.2ms display=14.5ms
[target_vision_2-3] VISION FPS=30.0
[target_vision_2-3] VISION PERF read=15.2ms detect=223.2ms/detect post=3.1ms display=14.9ms
[target_vision_2-3] VISION FPS=30.1
[target_vision_2-3] Library QUIRC is not linked. No decoding is performed. Take it to the OpenCV repository.
[target_vision_2-3] Library QUIRC is not linked. No decoding is performed. Take it to the OpenCV repository.
[target_vision_2-3] VISION PERF read=15.5ms detect=218.6ms/detect post=2.9ms display=14.8ms
[target_vision_2-3] VISION FPS=30.0
[target_vision_2-3] Library QUIRC is not linked. No decoding is performed. Take it to the OpenCV repository.
[target_vision_2-3] Library QUIRC is not linked. No decoding is performed. Take it to the OpenCV repository.
[target_vision_2-3] VISION PERF read=16.1ms detect=219.3ms/detect post=2.9ms display=14.2ms
[target_vision_2-3] VISION FPS=30.0
[target_vision_2-3] VISION PERF read=16.1ms detect=212.8ms/detect post=2.7ms display=14.5ms
[target_vision_2-3] VISION FPS=29.9
[target_vision_2-3] VISION PERF read=16.3ms detect=214.9ms/detect post=2.7ms display=14.2ms
[target_vision_2-3] VISION FPS=30.1
[target_vision_2-3] VISION PERF read=16.0ms detect=216.4ms/detect post=2.7ms display=14.5ms
[target_vision_2-3] VISION FPS=30.0
[target_vision_2-3] Library QUIRC is not linked. No decoding is performed. Take it to the OpenCV repository.
[target_vision_2-3] VISION PERF read=16.3ms detect=216.8ms/detect post=2.9ms display=14.1ms
[target_vision_2-3] VISION FPS=30.0
[target_vision_2-3] VISION PERF read=16.0ms detect=210.8ms/detect post=2.7ms display=14.5ms
[target_vision_2-3] VISION FPS=30.2
[target_vision_2-3] VISION PERF read=15.9ms detect=216.2ms/detect post=2.8ms display=14.5ms
[target_vision_2-3] VISION FPS=30.0
[target_vision_2-3] VISION PERF read=16.4ms detect=209.8ms/detect post=2.7ms display=14.1ms
[target_vision_2-3] VISION FPS=30.0
[target_vision_2-3] VISION PERF read=16.6ms detect=208.6ms/detect post=2.8ms display=13.9ms
[target_vision_2-3] VISION FPS=30.2
[target_vision_2-3] VISION PERF read=16.3ms detect=209.9ms/detect post=2.9ms display=14.1ms
[target_vision_2-3] VISION FPS=29.8
[target_vision_2-3] Library QUIRC is not linked. No decoding is performed. Take it to the OpenCV repository.
[target_vision_2-3] Library QUIRC is not linked. No decoding is performed. Take it to the OpenCV repository.
[target_vision_2-3] VISION PERF read=16.2ms detect=211.1ms/detect post=2.9ms display=14.1ms
[target_vision_2-3] VISION FPS=30.2
[target_vision_2-3] VISION PERF read=16.6ms detect=210.6ms/detect post=2.9ms display=13.8ms
[target_vision_2-3] VISION FPS=29.9
[target_vision_2-3] VISION PERF read=16.4ms detect=209.9ms/detect post=2.9ms display=13.8ms
[target_vision_2-3] VISION FPS=30.1
[target_vision_2-3] VISION PERF read=15.8ms detect=208.9ms/detect post=2.9ms display=14.5ms
[target_vision_2-3] VISION FPS=29.9
[target_vision_2-3] VISION PERF read=15.9ms detect=207.2ms/detect post=3.1ms display=14.3ms
[target_vision_2-3] VISION FPS=29.7
[target_vision_2-3] VISION PERF read=16.0ms detect=214.0ms/detect post=2.9ms display=14.3ms
[target_vision_2-3] VISION FPS=29.9
[target_vision_2-3] VISION PERF read=15.7ms detect=211.8ms/detect post=3.4ms display=14.1ms
[target_vision_2-3] VISION FPS=30.2
[target_vision_2-3] VISION PERF read=16.2ms detect=211.6ms/detect post=2.6ms display=14.5ms
[target_vision_2-3] VISION FPS=30.0
[target_vision_2-3] Library QUIRC is not linked. No decoding is performed. Take it to the OpenCV repository.
[target_vision_2-3] VISION PERF read=16.2ms detect=211.8ms/detect post=2.5ms display=14.5ms
[target_vision_2-3] VISION FPS=30.3
[target_vision_2-3] VISION PERF read=15.8ms detect=217.0ms/detect post=2.9ms display=14.5ms
[target_vision_2-3] VISION FPS=30.0
[target_vision_2-3] VISION PERF read=16.0ms detect=210.0ms/detect post=2.9ms display=14.3ms
[target_vision_2-3] VISION FPS=30.3
[target_vision_2-3] Library QUIRC is not linked. No decoding is performed. Take it to the OpenCV repository.
[target_vision_2-3] VISION PERF read=15.7ms detect=214.1ms/detect post=3.1ms display=14.4ms
[target_vision_2-3] VISION FPS=30.2
[target_vision_2-3] VISION PERF read=15.3ms detect=213.0ms/detect post=2.8ms display=15.0ms
[target_vision_2-3] VISION FPS=30.0
[target_vision_2-3] Library QUIRC is not linked. No decoding is performed. Take it to the OpenCV repository.
[target_vision_2-3] VISION PERF read=15.8ms detect=217.8ms/detect post=3.2ms display=14.2ms
[target_vision_2-3] VISION FPS=30.0
[target_vision_2-3] Library QUIRC is not linked. No decoding is performed. Take it to the OpenCV repository.
[target_vision_2-3] VISION PERF read=15.8ms detect=216.5ms/detect post=3.0ms display=14.5ms
[target_vision_2-3] VISION FPS=29.9
[target_vision_2-3] Library QUIRC is not linked. No decoding is performed. Take it to the OpenCV repository.
[target_vision_2-3] VISION PERF read=15.8ms detect=214.1ms/detect post=3.1ms display=14.2ms
[target_vision_2-3] VISION FPS=30.0
[target_vision_2-3] VISION PERF read=16.1ms detect=212.5ms/detect post=3.0ms display=14.2ms
[target_vision_2-3] VISION FPS=29.9
[target_vision_2-3] VISION PERF read=16.3ms detect=210.9ms/detect post=3.0ms display=14.1ms
[target_vision_2-3] VISION FPS=30.0
[target_vision_2-3] VISION PERF read=15.7ms detect=212.5ms/detect post=2.8ms display=14.6ms
[target_vision_2-3] VISION FPS=30.0
[target_vision_2-3] Library QUIRC is not linked. No decoding is performed. Take it to the OpenCV repository.
[target_vision_2-3] VISION PERF read=16.0ms detect=213.5ms/detect post=2.7ms display=14.5ms
[target_vision_2-3] VISION FPS=30.0
[target_vision_2-3] VISION PERF read=16.0ms detect=215.6ms/detect post=2.5ms display=14.8ms
[target_vision_2-3] VISION FPS=30.0
[target_vision_2-3] VISION PERF read=16.2ms detect=213.9ms/detect post=2.6ms display=14.4ms
[target_vision_2-3] VISION FPS=30.0
[target_vision_2-3] VISION PERF read=16.1ms detect=212.2ms/detect post=2.7ms display=14.5ms
[target_vision_2-3] VISION FPS=29.8
[target_vision_2-3] VISION PERF read=16.0ms detect=215.0ms/detect post=2.8ms display=14.6ms
[target_vision_2-3] VISION FPS=29.7
[target_vision_2-3] VISION PERF read=15.9ms detect=214.4ms/detect post=2.9ms display=14.3ms
[target_vision_2-3] VISION FPS=29.9
[target_vision_2-3] VISION PERF read=15.9ms detect=211.4ms/detect post=2.8ms display=14.4ms
[target_vision_2-3] VISION FPS=30.0
[target_vision_2-3] Library QUIRC is not linked. No decoding is performed. Take it to the OpenCV repository.
[target_vision_2-3] VISION PERF read=16.1ms detect=215.8ms/detect post=3.1ms display=14.0ms
[target_vision_2-3] VISION FPS=30.1
[target_vision_2-3] Library QUIRC is not linked. No decoding is performed. Take it to the OpenCV repository.
[target_vision_2-3] VISION PERF read=16.1ms detect=204.9ms/detect post=2.9ms display=14.2ms
[target_vision_2-3] VISION FPS=30.3
[target_vision_2-3] Library QUIRC is not linked. No decoding is performed. Take it to the OpenCV repository.
[target_vision_2-3] Library QUIRC is not linked. No decoding is performed. Take it to the OpenCV repository.
[target_vision_2-3] VISION PERF read=16.0ms detect=208.4ms/detect post=2.8ms display=14.5ms
[target_vision_2-3] Library QUIRC is not linked. No decoding is performed. Take it to the OpenCV repository.
[target_vision_2-3] VISION FPS=30.0
[target_vision_2-3] VISION PERF read=15.8ms detect=212.1ms/detect post=3.0ms display=14.3ms
[target_vision_2-3] VISION FPS=30.1
[target_vision_2-3] VISION PERF read=16.2ms detect=206.0ms/detect post=2.7ms display=14.5ms
[target_vision_2-3] VISION FPS=29.9
[target_vision_2-3] VISION PERF read=16.0ms detect=213.2ms/detect post=2.7ms display=14.6ms
[target_vision_2-3] VISION FPS=30.0
[target_vision_2-3] VISION PERF read=15.7ms detect=212.0ms/detect post=2.6ms display=14.8ms
[target_vision_2-3] VISION FPS=30.0
[target_vision_2-3] VISION PERF read=16.4ms detect=213.4ms/detect post=3.0ms display=14.0ms
[target_vision_2-3] VISION FPS=30.0
[target_vision_2-3] VISION PERF read=16.4ms detect=201.7ms/detect post=2.5ms display=14.2ms
[target_vision_2-3] Library QUIRC is not linked. No decoding is performed. Take it to the OpenCV repository.
[target_vision_2-3] VISION FPS=30.1
[target_vision_2-3] Library QUIRC is not linked. No decoding is performed. Take it to the OpenCV repository.
[target_vision_2-3] VISION PERF read=16.4ms detect=208.2ms/detect post=2.5ms display=14.4ms
[target_vision_2-3] VISION FPS=29.9
[target_vision_2-3] Library QUIRC is not linked. No decoding is performed. Take it to the OpenCV repository.
[target_vision_2-3] VISION PERF read=16.5ms detect=206.6ms/detect post=2.4ms display=14.2ms
[target_vision_2-3] VISION FPS=30.1
[target_vision_2-3] VISION PERF read=16.6ms detect=205.0ms/detect post=2.8ms display=13.8ms
[target_vision_2-3] VISION FPS=30.2
[target_vision_2-3] Library QUIRC is not linked. No decoding is performed. Take it to the OpenCV repository.
[target_vision_2-3] VISION PERF read=16.6ms detect=203.5ms/detect post=2.7ms display=14.0ms
[target_vision_2-3] VISION FPS=30.0
[target_vision_2-3] VISION PERF read=16.4ms detect=204.1ms/detect post=2.7ms display=14.1ms
[target_vision_2-3] VISION FPS=30.0
[target_vision_2-3] VISION PERF read=16.8ms detect=199.8ms/detect post=2.7ms display=13.8ms
[target_vision_2-3] VISION FPS=30.2
[target_vision_2-3] VISION PERF read=16.8ms detect=202.4ms/detect post=2.8ms display=13.6ms
[target_vision_2-3] VISION FPS=30.0
[target_vision_2-3] VISION PERF read=16.8ms detect=197.7ms/detect post=2.7ms display=13.8ms
[target_vision_2-3] VISION FPS=30.3
[target_vision_2-3] Library QUIRC is not linked. No decoding is performed. Take it to the OpenCV repository.
[target_vision_2-3] Library QUIRC is not linked. No decoding is performed. Take it to the OpenCV repository.
[target_vision_2-3] Library QUIRC is not linked. No decoding is performed. Take it to the OpenCV repository.
[target_vision_2-3] VISION PERF read=16.6ms detect=202.3ms/detect post=2.6ms display=14.0ms
[target_vision_2-3] VISION FPS=30.0
[target_vision_2-3] Library QUIRC is not linked. No decoding is performed. Take it to the OpenCV repository.
[target_vision_2-3] Library QUIRC is not linked. No decoding is performed. Take it to the OpenCV repository.
[target_vision_2-3] Library QUIRC is not linked. No decoding is performed. Take it to the OpenCV repository.
[target_vision_2-3] Library QUIRC is not linked. No decoding is performed. Take it to the OpenCV repository.
[target_vision_2-3] VISION PERF read=16.6ms detect=205.7ms/detect post=2.8ms display=13.9ms
[target_vision_2-3] VISION FPS=29.9
[target_vision_2-3] Library QUIRC is not linked. No decoding is performed. Take it to the OpenCV repository.
[target_vision_2-3] Library QUIRC is not linked. No decoding is performed. Take it to the OpenCV repository.
[target_vision_2-3] VISION PERF read=16.3ms detect=206.3ms/detect post=3.0ms display=13.8ms
[target_vision_2-3] VISION FPS=30.2
[target_vision_2-3] Library QUIRC is not linked. No decoding is performed. Take it to the OpenCV repository.
[target_vision_2-3] VISION PERF read=16.8ms detect=203.8ms/detect post=2.9ms display=13.6ms
[target_vision_2-3] VISION FPS=30.0
[target_vision_2-3] Library QUIRC is not linked. No decoding is performed. Take it to the OpenCV repository.
[target_vision_2-3] VISION PERF read=15.8ms detect=204.4ms/detect post=3.0ms display=14.4ms
[target_vision_2-3] Library QUIRC is not linked. No decoding is performed. Take it to the OpenCV repository.
[target_vision_2-3] VISION FPS=30.0
[target_vision_2-3] Library QUIRC is not linked. No decoding is performed. Take it to the OpenCV repository.
[target_vision_2-3] Library QUIRC is not linked. No decoding is performed. Take it to the OpenCV repository.
[target_vision_2-3] Library QUIRC is not linked. No decoding is performed. Take it to the OpenCV repository.
[target_vision_2-3] Library QUIRC is not linked. No decoding is performed. Take it to the OpenCV repository.
[target_vision_2-3] Library QUIRC is not linked. No decoding is performed. Take it to the OpenCV repository.
[target_vision_2-3] VISION PERF read=15.8ms detect=214.2ms/detect post=3.0ms display=14.5ms
[target_vision_2-3] VISION FPS=29.9
[target_vision_2-3] Library QUIRC is not linked. No decoding is performed. Take it to the OpenCV repository.
[target_vision_2-3] VISION PERF read=15.8ms detect=206.4ms/detect post=3.1ms display=14.4ms
[target_vision_2-3] VISION FPS=29.9
[target_vision_2-3] Library QUIRC is not linked. No decoding is performed. Take it to the OpenCV repository.
[target_vision_2-3] VISION PERF read=14.0ms detect=243.3ms/detect post=3.8ms display=15.3ms
[target_vision_2-3] VISION FPS=30.1
[target_vision_2-3] VISION PERF read=14.1ms detect=244.8ms/detect post=3.8ms display=15.5ms
[target_vision_2-3] Library QUIRC is not linked. No decoding is performed. Take it to the OpenCV repository.
[target_vision_2-3] VISION FPS=29.9
[target_vision_2-3] Library QUIRC is not linked. No decoding is performed. Take it to the OpenCV repository.
[target_vision_2-3] VISION PERF read=14.5ms detect=251.7ms/detect post=3.3ms display=15.4ms
[target_vision_2-3] VISION FPS=29.9
[target_vision_2-3] VISION PERF read=14.7ms detect=252.0ms/detect post=3.2ms display=15.2ms
[target_vision_2-3] VISION FPS=30.0
[target_vision_2-3] VISION PERF read=14.2ms detect=247.4ms/detect post=3.3ms display=15.9ms
[target_vision_2-3] VISION FPS=30.1
[target_vision_2-3] VISION PERF read=13.2ms detect=244.3ms/detect post=3.4ms display=16.4ms
[target_vision_2-3] VISION FPS=30.2
[target_vision_2-3] VISION PERF read=13.8ms detect=242.9ms/detect post=3.5ms display=16.0ms
[target_vision_2-3] Library QUIRC is not linked. No decoding is performed. Take it to the OpenCV repository.
[target_vision_2-3] VISION FPS=30.3
[target_vision_2-3] Library QUIRC is not linked. No decoding is performed. Take it to the OpenCV repository.
[target_vision_2-3] Library QUIRC is not linked. No decoding is performed. Take it to the OpenCV repository.
[target_vision_2-3] VISION PERF read=13.6ms detect=267.6ms/detect post=3.3ms display=16.3ms
[target_vision_2-3] VISION FPS=30.0
[target_vision_2-3] Library QUIRC is not linked. No decoding is performed. Take it to the OpenCV repository.
[target_vision_2-3] VISION PERF read=14.7ms detect=224.5ms/detect post=3.3ms display=15.2ms
[target_vision_2-3] VISION FPS=30.1
[target_vision_2-3] VISION PERF read=14.6ms detect=219.8ms/detect post=3.3ms display=15.4ms
[target_vision_2-3] VISION FPS=30.1
[target_vision_2-3] VISION PERF read=14.6ms detect=221.1ms/detect post=3.3ms display=15.3ms
[target_vision_2-3] VISION FPS=30.2
[target_vision_2-3] VISION PERF read=15.0ms detect=221.3ms/detect post=3.3ms display=15.0ms
[target_vision_2-3] Library QUIRC is not linked. No decoding is performed. Take it to the OpenCV repository.
[target_vision_2-3] VISION FPS=30.0
[target_vision_2-3] Library QUIRC is not linked. No decoding is performed. Take it to the OpenCV repository.
[target_vision_2-3] VISION PERF read=15.0ms detect=223.0ms/detect post=3.1ms display=15.2ms
[target_vision_2-3] VISION FPS=30.0
[target_vision_2-3] Library QUIRC is not linked. No decoding is performed. Take it to the OpenCV repository.
[target_vision_2-3] Library QUIRC is not linked. No decoding is performed. Take it to the OpenCV repository.
[target_vision_2-3] VISION PERF read=15.8ms detect=214.9ms/detect post=3.2ms display=14.2ms
[target_vision_2-3] VISION FPS=29.9
[target_vision_2-3] Library QUIRC is not linked. No decoding is performed. Take it to the OpenCV repository.
[target_vision_2-3] VISION PERF read=15.8ms detect=219.4ms/detect post=3.1ms display=14.4ms
[target_vision_2-3] VISION FPS=29.9
[target_vision_2-3] Library QUIRC is not linked. No decoding is performed. Take it to the OpenCV repository.
[target_vision_2-3] VISION PERF read=15.2ms detect=216.0ms/detect post=3.0ms display=15.0ms
[target_vision_2-3] VISION FPS=30.2
[target_vision_2-3] VISION PERF read=15.3ms detect=215.1ms/detect post=3.0ms display=14.9ms
[target_vision_2-3] VISION FPS=29.8
[target_vision_2-3] Library QUIRC is not linked. No decoding is performed. Take it to the OpenCV repository.
[target_vision_2-3] Library QUIRC is not linked. No decoding is performed. Take it to the OpenCV repository.
[target_vision_2-3] VISION PERF read=14.7ms detect=221.9ms/detect post=3.1ms display=15.4ms
[target_vision_2-3] VISION FPS=30.0
[target_vision_2-3] VISION PERF read=15.4ms detect=216.2ms/detect post=3.0ms display=14.8ms
[target_vision_2-3] VISION FPS=29.9
[target_vision_2-3] VISION PERF read=14.9ms detect=222.3ms/detect post=3.3ms display=15.0ms
[target_vision_2-3] VISION FPS=30.4
[target_vision_2-3] VISION PERF read=14.9ms detect=218.1ms/detect post=3.2ms display=15.2ms
[target_vision_2-3] VISION FPS=29.9
[target_vision_2-3] VISION PERF read=15.5ms detect=215.5ms/detect post=3.0ms display=14.7ms
[target_vision_2-3] VISION FPS=30.0
[target_vision_2-3] VISION PERF read=15.0ms detect=217.4ms/detect post=3.1ms display=15.2ms
[target_vision_2-3] VISION FPS=30.0
[target_vision_2-3] VISION PERF read=15.4ms detect=214.8ms/detect post=3.2ms display=14.6ms
[target_vision_2-3] VISION FPS=29.8
[target_vision_2-3] VISION PERF read=15.5ms detect=215.4ms/detect post=3.1ms display=14.6ms
[target_vision_2-3] VISION FPS=29.9
[target_vision_2-3] Library QUIRC is not linked. No decoding is performed. Take it to the OpenCV repository.
[target_vision_2-3] VISION PERF read=15.7ms detect=214.7ms/detect post=3.0ms display=14.6ms
[target_vision_2-3] Library QUIRC is not linked. No decoding is performed. Take it to the OpenCV repository.
[target_vision_2-3] VISION FPS=29.6
[target_vision_2-3] VISION PERF read=15.5ms detect=215.5ms/detect post=3.0ms display=14.7ms
[target_vision_2-3] VISION FPS=29.9
[target_vision_2-3] VISION PERF read=15.9ms detect=209.8ms/detect post=3.1ms display=14.2ms
[target_vision_2-3] VISION FPS=30.0
[target_vision_2-3] Library QUIRC is not linked. No decoding is performed. Take it to the OpenCV repository.
[target_vision_2-3] VISION PERF read=15.8ms detect=212.3ms/detect post=3.2ms display=14.3ms
[target_vision_2-3] VISION FPS=30.1
[target_vision_2-3] VISION PERF read=15.4ms detect=214.3ms/detect post=3.3ms display=14.5ms
[target_vision_2-3] VISION FPS=30.3
[target_vision_2-3] Library QUIRC is not linked. No decoding is performed. Take it to the OpenCV repository.
[target_vision_2-3] VISION PERF read=15.1ms detect=213.0ms/detect post=3.6ms display=14.6ms
[target_vision_2-3] Library QUIRC is not linked. No decoding is performed. Take it to the OpenCV repository.
[target_vision_2-3] VISION FPS=30.1
[target_vision_2-3] Library QUIRC is not linked. No decoding is performed. Take it to the OpenCV repository.
[target_vision_2-3] VISION PERF read=15.0ms detect=227.4ms/detect post=3.3ms display=15.0ms
[target_vision_2-3] VISION FPS=30.0
[target_vision_2-3] VISION PERF read=14.6ms detect=233.6ms/detect post=3.1ms display=15.4ms
[target_vision_2-3] VISION FPS=29.9
[target_vision_2-3] VISION PERF read=14.4ms detect=231.3ms/detect post=3.8ms display=15.2ms
[target_vision_2-3] VISION FPS=29.9
[target_vision_2-3] VISION PERF read=14.6ms detect=235.7ms/detect post=3.7ms display=14.8ms
[target_vision_2-3] VISION FPS=30.0
[target_vision_2-3] VISION PERF read=14.0ms detect=233.8ms/detect post=4.0ms display=15.2ms
[target_vision_2-3] VISION FPS=30.2
[target_vision_2-3] Library QUIRC is not linked. No decoding is performed. Take it to the OpenCV repository.
[target_vision_2-3] Library QUIRC is not linked. No decoding is performed. Take it to the OpenCV repository.
[target_vision_2-3] VISION PERF read=14.0ms detect=237.1ms/detect post=4.1ms display=15.2ms
[target_vision_2-3] VISION FPS=30.3
[target_vision_2-3] VISION PERF read=14.2ms detect=234.1ms/detect post=3.8ms display=15.2ms
[target_vision_2-3] VISION FPS=30.3
[target_vision_2-3] VISION PERF read=14.3ms detect=235.8ms/detect post=3.9ms display=15.0ms
[target_vision_2-3] VISION FPS=30.0
[target_vision_2-3] VISION PERF read=14.5ms detect=232.7ms/detect post=3.6ms display=15.1ms
[target_vision_2-3] VISION FPS=30.1
[target_vision_2-3] VISION PERF read=15.1ms detect=259.7ms/detect post=3.4ms display=14.8ms
[target_vision_2-3] VISION FPS=29.9
[target_vision_2-3] Library QUIRC is not linked. No decoding is performed. Take it to the OpenCV repository.
[target_vision_2-3] VISION PERF read=15.3ms detect=238.7ms/detect post=3.3ms display=14.5ms
[target_vision_2-3] VISION FPS=30.0
[target_vision_2-3] VISION PERF read=14.7ms detect=238.3ms/detect post=3.3ms display=15.3ms
[target_vision_2-3] VISION FPS=30.2
[target_vision_2-3] Library QUIRC is not linked. No decoding is performed. Take it to the OpenCV repository.
[target_vision_2-3] Library QUIRC is not linked. No decoding is performed. Take it to the OpenCV repository.
[target_vision_2-3] VISION PERF read=14.3ms detect=241.0ms/detect post=3.7ms display=15.2ms
[target_vision_2-3] VISION FPS=29.8
[target_vision_2-3] Library QUIRC is not linked. No decoding is performed. Take it to the OpenCV repository.
[target_vision_2-3] Library QUIRC is not linked. No decoding is performed. Take it to the OpenCV repository.
[target_vision_2-3] VISION PERF read=14.3ms detect=236.1ms/detect post=3.4ms display=15.5ms
[target_vision_2-3] VISION FPS=29.8
[target_vision_2-3] VISION PERF read=14.8ms detect=239.1ms/detect post=3.5ms display=15.0ms
[target_vision_2-3] Library QUIRC is not linked. No decoding is performed. Take it to the OpenCV repository.
[target_vision_2-3] VISION FPS=30.0
[target_vision_2-3] VISION PERF read=14.1ms detect=237.0ms/detect post=3.7ms display=15.4ms
[target_vision_2-3] VISION FPS=30.3
[target_vision_2-3] VISION PERF read=14.7ms detect=227.6ms/detect post=3.8ms display=14.8ms
[target_vision_2-3] VISION FPS=29.9
[target_vision_2-3] Library QUIRC is not linked. No decoding is performed. Take it to the OpenCV repository.
[target_vision_2-3] VISION PERF read=15.0ms detect=225.8ms/detect post=3.5ms display=14.8ms
[target_vision_2-3] VISION FPS=30.3
[target_vision_2-3] VISION PERF read=14.9ms detect=222.7ms/detect post=3.3ms display=15.0ms
[target_vision_2-3] VISION FPS=30.0
[target_vision_2-3] VISION PERF read=15.3ms detect=220.9ms/detect post=3.3ms display=14.7ms
[target_vision_2-3] VISION FPS=30.0
[target_vision_2-3] Library QUIRC is not linked. No decoding is performed. Take it to the OpenCV repository.
[target_vision_2-3] VISION PERF read=15.1ms detect=220.0ms/detect post=3.3ms display=14.7ms
[target_vision_2-3] VISION FPS=29.7
[target_vision_2-3] Library QUIRC is not linked. No decoding is performed. Take it to the OpenCV repository.
[target_vision_2-3] Library QUIRC is not linked. No decoding is performed. Take it to the OpenCV repository.
[target_vision_2-3] Library QUIRC is not linked. No decoding is performed. Take it to the OpenCV repository.
[target_vision_2-3] VISION PERF read=15.2ms detect=230.5ms/detect post=3.2ms display=14.8ms
[target_vision_2-3] VISION FPS=30.3
[target_vision_2-3] VISION PERF read=16.2ms detect=187.7ms/detect post=3.3ms display=13.7ms
[target_vision_2-3] VISION FPS=30.0
[target_vision_2-3] VISION PERF read=16.2ms detect=184.2ms/detect post=3.0ms display=14.0ms
[target_vision_2-3] VISION FPS=29.9
[target_vision_2-3] Library QUIRC is not linked. No decoding is performed. Take it to the OpenCV repository.
[target_vision_2-3] Library QUIRC is not linked. No decoding is performed. Take it to the OpenCV repository.
[target_vision_2-3] Library QUIRC is not linked. No decoding is performed. Take it to the OpenCV repository.
[target_vision_2-3] VISION PERF read=16.7ms detect=183.7ms/detect post=2.6ms display=13.9ms
[target_vision_2-3] Library QUIRC is not linked. No decoding is performed. Take it to the OpenCV repository.
[target_vision_2-3] VISION FPS=30.1
[target_vision_2-3] VISION PERF read=16.6ms detect=183.8ms/detect post=2.9ms display=13.8ms
[target_vision_2-3] VISION FPS=30.0
[target_vision_2-3] VISION PERF read=16.7ms detect=180.0ms/detect post=2.6ms display=13.9ms
[target_vision_2-3] VISION FPS=30.0
[target_vision_2-3] Library QUIRC is not linked. No decoding is performed. Take it to the OpenCV repository.
[target_vision_2-3] VISION PERF read=16.6ms detect=185.0ms/detect post=2.7ms display=13.9ms
[target_vision_2-3] VISION FPS=29.9
[target_vision_2-3] VISION PERF read=16.8ms detect=184.9ms/detect post=2.7ms display=13.8ms
[target_vision_2-3] VISION FPS=30.1
[target_vision_2-3] Library QUIRC is not linked. No decoding is performed. Take it to the OpenCV repository.
[target_vision_2-3] Library QUIRC is not linked. No decoding is performed. Take it to the OpenCV repository.
[target_vision_2-3] VISION PERF read=16.8ms detect=185.3ms/detect post=2.5ms display=14.0ms
[target_vision_2-3] VISION FPS=29.9
[target_vision_2-3] Library QUIRC is not linked. No decoding is performed. Take it to the OpenCV repository.
[target_vision_2-3] VISION PERF read=16.8ms detect=184.6ms/detect post=2.7ms display=13.7ms
[target_vision_2-3] VISION FPS=30.2
[target_vision_2-3] VISION PERF read=16.9ms detect=186.2ms/detect post=2.5ms display=13.8ms
[target_vision_2-3] VISION FPS=30.0
[target_vision_2-3] Library QUIRC is not linked. No decoding is performed. Take it to the OpenCV repository.
[target_vision_2-3] VISION PERF read=17.1ms detect=182.3ms/detect post=2.4ms display=13.8ms
[target_vision_2-3] VISION FPS=30.0
[target_vision_2-3] Library QUIRC is not linked. No decoding is performed. Take it to the OpenCV repository.
[target_vision_2-3] VISION PERF read=16.7ms detect=180.8ms/detect post=2.6ms display=13.9ms
[target_vision_2-3] VISION FPS=30.0
[target_vision_2-3] VISION PERF read=17.2ms detect=177.5ms/detect post=2.5ms display=13.5ms
[target_vision_2-3] Library QUIRC is not linked. No decoding is performed. Take it to the OpenCV repository.
[target_vision_2-3] VISION FPS=29.9
[target_vision_2-3] Library QUIRC is not linked. No decoding is performed. Take it to the OpenCV repository.
[target_vision_2-3] VISION PERF read=16.8ms detect=184.0ms/detect post=2.8ms display=13.6ms
[target_vision_2-3] VISION FPS=30.0
[target_vision_2-3] Library QUIRC is not linked. No decoding is performed. Take it to the OpenCV repository.
[target_vision_2-3] Library QUIRC is not linked. No decoding is performed. Take it to the OpenCV repository.
[target_vision_2-3] VISION PERF read=16.8ms detect=185.7ms/detect post=2.7ms display=13.8ms
[target_vision_2-3] VISION FPS=30.0
[target_vision_2-3] VISION PERF read=16.8ms detect=181.9ms/detect post=2.8ms display=13.6ms
[target_vision_2-3] VISION FPS=30.2
[target_vision_2-3] Library QUIRC is not linked. No decoding is performed. Take it to the OpenCV repository.
[target_vision_2-3] VISION PERF read=16.8ms detect=183.6ms/detect post=2.4ms display=14.0ms
[target_vision_2-3] VISION FPS=30.2
[target_vision_2-3] VISION PERF read=16.6ms detect=182.3ms/detect post=2.4ms display=14.3ms
[target_vision_2-3] VISION FPS=30.0
[target_vision_2-3] Library QUIRC is not linked. No decoding is performed. Take it to the OpenCV repository.
[target_vision_2-3] VISION PERF read=16.8ms detect=183.8ms/detect post=2.5ms display=13.8ms
[target_vision_2-3] VISION FPS=30.1
[target_vision_2-3] Library QUIRC is not linked. No decoding is performed. Take it to the OpenCV repository.
[target_vision_2-3] Library QUIRC is not linked. No decoding is performed. Take it to the OpenCV repository.
[target_vision_2-3] VISION PERF read=17.0ms detect=187.6ms/detect post=2.6ms display=13.6ms
[target_vision_2-3] VISION FPS=30.1
[target_vision_2-3] VISION PERF read=17.1ms detect=184.9ms/detect post=2.7ms display=13.5ms
[target_vision_2-3] VISION FPS=29.9
[target_vision_2-3] VISION PERF read=16.6ms detect=186.0ms/detect post=2.9ms display=13.8ms
[target_vision_2-3] VISION FPS=30.0
[target_vision_2-3] VISION PERF read=16.4ms detect=179.9ms/detect post=2.6ms display=14.2ms
[target_vision_2-3] VISION FPS=30.0
[target_vision_2-3] VISION PERF read=15.8ms detect=193.5ms/detect post=3.0ms display=14.4ms
[target_vision_2-3] VISION FPS=30.2
[target_vision_2-3] VISION PERF read=14.4ms detect=193.6ms/detect post=3.4ms display=15.6ms
[target_vision_2-3] Library QUIRC is not linked. No decoding is performed. Take it to the OpenCV repository.
[target_vision_2-3] VISION FPS=30.4
[target_vision_2-3] Library QUIRC is not linked. No decoding is performed. Take it to the OpenCV repository.
[target_vision_2-3] VISION PERF read=14.6ms detect=196.8ms/detect post=3.2ms display=15.3ms
[target_vision_2-3] VISION FPS=30.0
[target_vision_2-3] Library QUIRC is not linked. No decoding is performed. Take it to the OpenCV repository.
[target_vision_2-3] VISION PERF read=14.1ms detect=198.8ms/detect post=3.6ms display=15.5ms
[target_vision_2-3] VISION FPS=30.2
[target_vision_2-3] VISION PERF read=14.4ms detect=197.2ms/detect post=3.5ms display=15.4ms
[target_vision_2-3] VISION FPS=30.0
[target_vision_2-3] VISION PERF read=14.1ms detect=227.8ms/detect post=3.3ms display=15.8ms
[target_vision_2-3] VISION FPS=30.0
[target_vision_2-3] Library QUIRC is not linked. No decoding is performed. Take it to the OpenCV repository.
[target_vision_2-3] VISION PERF read=14.7ms detect=229.2ms/detect post=2.9ms display=15.7ms
[target_vision_2-3] VISION FPS=29.9
[target_vision_2-3] VISION PERF read=14.1ms detect=218.7ms/detect post=3.2ms display=15.9ms
[target_vision_2-3] VISION FPS=30.0
[target_vision_2-3] VISION PERF read=14.1ms detect=214.4ms/detect post=3.3ms display=15.8ms
[target_vision_2-3] VISION FPS=30.0
[target_vision_2-3] VISION PERF read=14.4ms detect=214.9ms/detect post=3.3ms display=15.5ms
[target_vision_2-3] Library QUIRC is not linked. No decoding is performed. Take it to the OpenCV repository.
[target_vision_2-3] VISION FPS=30.2
[target_vision_2-3] VISION PERF read=14.5ms detect=212.0ms/detect post=2.9ms display=15.8ms
[target_vision_2-3] VISION FPS=29.9
[target_vision_2-3] VISION PERF read=14.6ms detect=208.7ms/detect post=3.2ms display=15.4ms
[target_vision_2-3] VISION FPS=30.2
[target_vision_2-3] VISION PERF read=14.7ms detect=211.3ms/detect post=2.8ms display=15.7ms
[target_vision_2-3] Library QUIRC is not linked. No decoding is performed. Take it to the OpenCV repository.
[target_vision_2-3] VISION FPS=30.1
[target_vision_2-3] VISION PERF read=15.0ms detect=209.1ms/detect post=2.7ms display=15.5ms
[target_vision_2-3] VISION FPS=29.9
[target_vision_2-3] VISION PERF read=14.5ms detect=209.2ms/detect post=2.9ms display=15.9ms
[target_vision_2-3] VISION FPS=30.2
[target_vision_2-3] VISION PERF read=14.3ms detect=223.2ms/detect post=3.0ms display=15.9ms
[target_vision_2-3] VISION FPS=30.4
[target_vision_2-3] VISION PERF read=13.4ms detect=237.8ms/detect post=3.2ms display=16.6ms
[target_vision_2-3] VISION FPS=29.9
[target_vision_2-3] Library QUIRC is not linked. No decoding is performed. Take it to the OpenCV repository.
[target_vision_2-3] VISION PERF read=14.4ms detect=236.9ms/detect post=3.2ms display=15.7ms
[target_vision_2-3] VISION FPS=30.1
[target_vision_2-3] VISION PERF read=14.0ms detect=247.5ms/detect post=3.1ms display=16.0ms
[target_vision_2-3] VISION FPS=30.0
[target_vision_2-3] Library QUIRC is not linked. No decoding is performed. Take it to the OpenCV repository.
[target_vision_2-3] VISION PERF read=13.7ms detect=248.4ms/detect post=3.5ms display=16.0ms
[target_vision_2-3] VISION FPS=30.2
[target_vision_2-3] Library QUIRC is not linked. No decoding is performed. Take it to the OpenCV repository.
[target_vision_2-3] VISION PERF read=13.0ms detect=237.5ms/detect post=3.5ms display=16.7ms
[target_vision_2-3] VISION FPS=30.0
[target_vision_2-3] VISION PERF read=13.0ms detect=241.4ms/detect post=3.7ms display=16.5ms
[target_vision_2-3] Library QUIRC is not linked. No decoding is performed. Take it to the OpenCV repository.
[target_vision_2-3] Library QUIRC is not linked. No decoding is performed. Take it to the OpenCV repository.
[target_vision_2-3] VISION FPS=30.0
[target_vision_2-3] VISION PERF read=13.4ms detect=259.2ms/detect post=3.7ms display=16.1ms
[target_vision_2-3] VISION FPS=30.0
[target_vision_2-3] Library QUIRC is not linked. No decoding is performed. Take it to the OpenCV repository.
[target_vision_2-3] Library QUIRC is not linked. No decoding is performed. Take it to the OpenCV repository.
[target_vision_2-3] VISION PERF read=13.8ms detect=255.7ms/detect post=3.6ms display=15.9ms
[target_vision_2-3] VISION FPS=29.9
[target_vision_2-3] VISION PERF read=13.9ms detect=283.1ms/detect post=3.4ms display=15.9ms
[target_vision_2-3] Library QUIRC is not linked. No decoding is performed. Take it to the OpenCV repository.
[target_vision_2-3] VISION FPS=30.1
[target_vision_2-3] VISION PERF read=13.1ms detect=252.1ms/detect post=3.7ms display=16.5ms
[target_vision_2-3] Library QUIRC is not linked. No decoding is performed. Take it to the OpenCV repository.
[target_vision_2-3] VISION FPS=30.1
[target_vision_2-3] VISION PERF read=12.9ms detect=250.9ms/detect post=3.7ms display=16.5ms
[target_vision_2-3] VISION FPS=30.0
[target_vision_2-3] VISION PERF read=13.1ms detect=253.7ms/detect post=3.8ms display=16.4ms
[target_vision_2-3] VISION FPS=30.3
[target_vision_2-3] VISION PERF read=12.7ms detect=252.7ms/detect post=3.9ms display=16.6ms
[target_vision_2-3] VISION FPS=30.1
[target_vision_2-3] Library QUIRC is not linked. No decoding is performed. Take it to the OpenCV repository.
[target_vision_2-3] VISION PERF read=13.1ms detect=273.4ms/detect post=3.8ms display=16.4ms
[target_vision_2-3] VISION FPS=30.0
[target_vision_2-3] VISION PERF read=13.0ms detect=252.3ms/detect post=4.1ms display=16.2ms
[target_vision_2-3] VISION FPS=30.3
[target_vision_2-3] VISION PERF read=12.8ms detect=267.3ms/detect post=3.9ms display=16.5ms
[target_vision_2-3] VISION FPS=29.8
[target_vision_2-3] VISION PERF read=12.7ms detect=252.0ms/detect post=4.1ms display=16.4ms
[target_vision_2-3] Library QUIRC is not linked. No decoding is performed. Take it to the OpenCV repository.
[target_vision_2-3] VISION FPS=30.0
[target_vision_2-3] VISION PERF read=13.0ms detect=247.9ms/detect post=3.9ms display=16.3ms
[target_vision_2-3] VISION FPS=30.1
[target_vision_2-3] VISION PERF read=13.2ms detect=261.0ms/detect post=3.6ms display=16.5ms
[target_vision_2-3] VISION FPS=29.6
[target_vision_2-3] VISION PERF read=12.7ms detect=264.2ms/detect post=4.0ms display=16.4ms
[target_vision_2-3] VISION FPS=30.0
[target_vision_2-3] Library QUIRC is not linked. No decoding is performed. Take it to the OpenCV repository.
[target_vision_2-3] VISION PERF read=13.9ms detect=277.6ms/detect post=3.6ms display=15.8ms
[target_vision_2-3] VISION FPS=29.8
[target_vision_2-3] VISION PERF read=13.3ms detect=246.6ms/detect post=3.8ms display=16.0ms
[target_vision_2-3] VISION FPS=29.9
[target_vision_2-3] VISION PERF read=12.9ms detect=255.5ms/detect post=3.6ms display=16.8ms
[target_vision_2-3] VISION FPS=30.1
[target_vision_2-3] VISION PERF read=13.4ms detect=257.3ms/detect post=3.4ms display=16.4ms
[target_vision_2-3] VISION FPS=30.1
[target_vision_2-3] VISION PERF read=12.9ms detect=246.9ms/detect post=3.1ms display=17.1ms
[target_vision_2-3] VISION FPS=30.3
[target_vision_2-3] VISION PERF read=13.8ms detect=268.2ms/detect post=3.5ms display=15.9ms
[target_vision_2-3] VISION FPS=29.5
[WARNING] [launch]: user interrupted with ctrl-c (SIGINT)
[rviz2-4] [INFO] [1783382209.778502183] [rclcpp]: signal_handler(SIGINT/SIGTERM)
[robot_state_publisher-2] [INFO] [1783382209.778543308] [rclcpp]: signal_handler(SIGINT/SIGTERM)
[target_vision_2-3] Process SpawnProcess-1:
[target_vision_2-3] Traceback (most recent call last):
[target_vision_2-3]   File "/usr/lib/python3.10/multiprocessing/process.py", line 314, in _bootstrap
[target_vision_2-3]     self.run()
[target_vision_2-3]   File "/usr/lib/python3.10/multiprocessing/process.py", line 108, in run
[target_vision_2-3]     self._target(*self._args, **self._kwargs)
[target_vision_2-3]   File "/usr/lib/python3.10/concurrent/futures/process.py", line 240, in _process_worker
[target_vision_2-3]     call_item = call_queue.get(block=True)
[target_vision_2-3]   File "/usr/lib/python3.10/multiprocessing/queues.py", line 103, in get
[target_vision_2-3]     res = self._recv_bytes()
[target_vision_2-3]   File "/usr/lib/python3.10/multiprocessing/connection.py", line 216, in recv_bytes
[target_vision_2-3]     buf = self._recv_bytes(maxlength)
[target_vision_2-3]   File "/usr/lib/python3.10/multiprocessing/connection.py", line 414, in _recv_bytes
[target_vision_2-3]     buf = self._recv(4)
[target_vision_2-3]   File "/usr/lib/python3.10/multiprocessing/connection.py", line 379, in _recv
[target_vision_2-3]     chunk = read(handle, remaining)
[target_vision_2-3] KeyboardInterrupt
[INFO] [robot_state_publisher-2]: process has finished cleanly [pid 3893]
[target_vision_2-3] APP EXIT closing claw to ID4=1000
[INFO] [rviz2-4]: process has finished cleanly [pid 3931]
[target_vision_2-3] SERVO UART TX=zp4:1000 attempt=1 RX=timeout
[target_vision_2-3] SERVO UART TX=zp4:1000 attempt=2 RX=timeout
[target_vision_2-3] APP EXIT retracting ID2 first to 100
[target_vision_2-3] SERVO UART TX=id2=100 attempt=1 RX=timeout
[target_vision_2-3] SERVO UART TX=id2=100 attempt=2 RX=timeout
[target_vision_2-3] APP EXIT retracting ID1 to 340 and ID6 to 410
[target_vision_2-3] SERVO UART TX=id1=340 attempt=1 RX=timeout
[target_vision_2-3] SERVO UART TX=id1=340 attempt=2 RX=timeout
[target_vision_2-3] Traceback (most recent call last):
[target_vision_2-3]   File "/home/cat/ros2_ws/install/ros2_test1/lib/ros2_test1/target_vision_2", line 33, in <module>
[target_vision_2-3]     sys.exit(load_entry_point('ros2-test1', 'console_scripts', 'target_vision_2')())
[target_vision_2-3]   File "/home/cat/ros2_ws/build/ros2_test1/ros2_test1/target_vision_2.py", line 186, in main
[target_vision_2-3]     
[target_vision_2-3]   File "/home/cat/ros2_ws/build/ros2_test1/ros2_test1/target_vision.py", line 3642, in main
[target_vision_2-3]     output, info = detector.draw(frame, display_detections)
[target_vision_2-3]   File "/home/cat/ros2_ws/build/ros2_test1/ros2_test1/target_vision_2.py", line 16, in _draw_vision2
[target_vision_2-3]     output, info = _vision1_draw(self, frame, detections)
[target_vision_2-3]   File "/home/cat/ros2_ws/build/ros2_test1/ros2_test1/target_vision.py", line 2724, in draw
[target_vision_2-3]     cv2.circle(out, (center_x, center_y), 10, (0, 255, 255), 2)
[target_vision_2-3] KeyboardInterrupt
[ERROR] [target_vision_2-3]: process[target_vision_2-3] failed to terminate '5' seconds after receiving 'SIGINT', escalating to 'SIGTERM'
[INFO] [target_vision_2-3]: sending signal 'SIGTERM' to process[target_vision_2-3]
[ERROR] [target_vision_2-3]: process[target_vision_2-3] failed to terminate '10.0' seconds after receiving 'SIGTERM', escalating to 'SIGKILL'
[INFO] [target_vision_2-3]: sending signal 'SIGKILL' to process[target_vision_2-3]
[ERROR] [target_vision_2-3]: process has died [pid 3923, exit code -9, cmd '/home/cat/ros2_ws/install/ros2_test1/lib/ros2_test1/target_vision_2 --enable-red-square-grasp --enable-arm-preview --no-web --width 800 --height 600 --fps 30 --detect-every-n-frames 1 --detection-scale 0.75 --window-x 0 --window-y 60 --window-width 620 --window-height 520 --preview-id1 550 --preview-id2 300 --preview-id4 1000 --preview-id6 410 --grasp-id1-ready 550 --grasp-id2-ready 300 --grasp-id4-closed 1000 --grasp-id4-open 1500 --servo-angle-gap-deg 0 --grasp-command-interval 0.15 --grasp-stable-frames 1 --camera-gripper-offset-mm 50 --camera-gripper-vertical-offset-mm 0 --trigger-kind square --trigger-color red --ros-args -r __node:=red_square_grasp_direct_2'].
[INFO] [launch]: process[target_vision_2-3] was required: shutting down launched system
==== 2026-07-07 08:01:10 start target vision 2.0 ====
[INFO] [launch]: All log files can be found below /home/cat/.ros/log/2026-07-07-08-01-12-853710-lubancat-15740
[INFO] [launch]: Default logging verbosity is set to INFO
[INFO] [bash-1]: process started with pid [15773]
[INFO] [robot_state_publisher-2]: process started with pid [15775]
[INFO] [bash-1]: process has finished cleanly [pid 15773]
[robot_state_publisher-2] [INFO] [1783382473.000855381] [robot_state_publisher]: got segment base_link
[robot_state_publisher-2] [INFO] [1783382473.001035631] [robot_state_publisher]: got segment base_mount
[robot_state_publisher-2] [INFO] [1783382473.001049339] [robot_state_publisher]: got segment blue_active_bar
[robot_state_publisher-2] [INFO] [1783382473.001058673] [robot_state_publisher]: got segment blue_upper_bar
[robot_state_publisher-2] [INFO] [1783382473.001066256] [robot_state_publisher]: got segment end_effector
[robot_state_publisher-2] [INFO] [1783382473.001073839] [robot_state_publisher]: got segment extension_bar
[robot_state_publisher-2] [INFO] [1783382473.001080839] [robot_state_publisher]: got segment extension_tip
[robot_state_publisher-2] [INFO] [1783382473.001088131] [robot_state_publisher]: got segment gripper_finger_left
[robot_state_publisher-2] [INFO] [1783382473.001095714] [robot_state_publisher]: got segment gripper_finger_right
[robot_state_publisher-2] [INFO] [1783382473.001103006] [robot_state_publisher]: got segment orange_active_bar
[robot_state_publisher-2] [INFO] [1783382473.001110006] [robot_state_publisher]: got segment orange_upper_bar
[robot_state_publisher-2] [INFO] [1783382473.001117006] [robot_state_publisher]: got segment square_platform
[INFO] [target_vision_2-3]: process started with pid [15789]
[INFO] [rviz2-4]: process started with pid [15791]
[rviz2-4] [INFO] [1783382474.810302771] [rviz2]: Stereo is NOT SUPPORTED
[rviz2-4] [INFO] [1783382474.810542229] [rviz2]: OpenGl version: 3.3 (GLSL 3.3)
[rviz2-4] [INFO] [1783382474.837909899] [rviz2]: Stereo is NOT SUPPORTED
[target_vision_2-3] arm preview publishing /joint_states, /arm/grasp_status, and target markers
[target_vision_2-3] servo bridge on /dev/ttyS0
[target_vision_2-3] Camera: /dev/video20 800x600 reported_fps=30.0 attempt=1
[target_vision_2-3] Press q or Esc in the preview window to quit.
[target_vision_2-3] SERVO FEEDBACK stage=centering ID1=550/550 ID2=102/300
[target_vision_2-3] SERVO UART TX=id1=550 attempt=1 RX=OK ID1 TARGET 550
[target_vision_2-3] SERVO UART TX=id6=510 attempt=1 RX=OK ID6 TARGET 510
[target_vision_2-3] SERVO UART TX=zp4:1000 attempt=1 RX=OK ZP4 1000
[target_vision_2-3] SERVO UART TX=id2=300 attempt=1 RX=OK ID2 TARGET 300
[target_vision_2-3] SERVO FEEDBACK stage=centering ID1=550/550 ID2=300/300
[target_vision_2-3] DIRECT2 LOCK target={"kind": "square", "color": "red", "center": [415, 304], "box": "[[382 328]\n [389 272]\n [446 280]\n [438 336]]", "bbox": [383, 272, 65, 65], "projected_area": 3240.705191930135, "fully_visible": true, "angle": 7.8, "area_ratio": 0.006751469149854448, "area_percent": 0.6751469149854448, "diameter_ratio": 0.10888888888888888, "distance_cm": 28.930621197531124} plan=direct-2 dx=7mm dy=2mm d=28.9cm overhead=262/296 final=182/353 ID6=506 err=1.0mm
[target_vision_2-3] GRASP COMMAND reason=direct-2 overhead+open; hold ID6 center | direct-2 dx=7mm dy=2mm d=28.9cm overhead=262/296 final=182/353 ID6=506 err=1.0mm ID1=262 ID2=296 ID4=1500 ID6=510 gap=53.7deg
[target_vision_2-3] SERVO UART TX=armpair=262,296 attempt=1 RX=OK ARMPAIR 262 296
[target_vision_2-3] SERVO UART TX=id6=510 attempt=1 RX=OK ID6 TARGET 510
[target_vision_2-3] SERVO UART TX=zp4:1500 attempt=1 RX=OK ZP4 1500
[target_vision_2-3] SERVO FEEDBACK stage=direct_2_overhead ID1=262/262 ID2=297/296
[target_vision_2-3] GRASP COMMAND reason=direct-2 descend with calculated ID6 ID1=182 ID2=353 ID4=1500 ID6=506 gap=47.9deg
[target_vision_2-3] SERVO UART TX=armpair=182,353 attempt=1 RX=OK ARMPAIR 182 353
[target_vision_2-3] SERVO UART TX=id6=506 attempt=1 RX=OK ID6 TARGET 506
[target_vision_2-3] VISION FPS=2.8
[target_vision_2-3] VISION PERF read=12.9ms detect=153.7ms/detect post=117.3ms display=9.9ms
[target_vision_2-3] SERVO FEEDBACK stage=direct_2_descend ID1=190/182 ID2=351/353
[target_vision_2-3] CLAW COMMAND reason=direct-2 final reached; close claw ID4=1000
[target_vision_2-3] SERVO UART TX=zp4:1000 attempt=1 RX=OK ZP4 1000
[target_vision_2-3] Library QUIRC is not linked. No decoding is performed. Take it to the OpenCV repository.
[target_vision_2-3] GRASP COMMAND reason=direct-2 grasp complete; return ID6 center ID1=190 ID2=351 ID4=1000 ID6=510 gap=49.4deg
[target_vision_2-3] SERVO UART TX=armpair=190,351 attempt=1 RX=OK ARMPAIR 190 351
[target_vision_2-3] SERVO UART TX=id6=510 attempt=1 RX=OK ID6 TARGET 510
[target_vision_2-3] VISION FPS=30.2
[target_vision_2-3] VISION PERF read=18.0ms detect=158.5ms/detect post=15.4ms display=10.3ms
[target_vision_2-3] Library QUIRC is not linked. No decoding is performed. Take it to the OpenCV repository.
[target_vision_2-3] VISION FPS=29.9
[target_vision_2-3] VISION PERF read=20.1ms detect=170.6ms/detect post=2.2ms display=10.9ms
[target_vision_2-3] VISION FPS=29.9
[target_vision_2-3] VISION PERF read=20.4ms detect=166.7ms/detect post=2.5ms display=10.4ms
[target_vision_2-3] VISION FPS=30.0
[target_vision_2-3] VISION PERF read=20.3ms detect=170.5ms/detect post=2.4ms display=10.5ms
[target_vision_2-3] Library QUIRC is not linked. No decoding is performed. Take it to the OpenCV repository.
[target_vision_2-3] VISION FPS=30.1
[target_vision_2-3] VISION PERF read=19.8ms detect=167.9ms/detect post=2.8ms display=10.7ms
[target_vision_2-3] VISION FPS=30.0
[target_vision_2-3] VISION PERF read=19.2ms detect=178.3ms/detect post=3.1ms display=10.9ms
[target_vision_2-3] Library QUIRC is not linked. No decoding is performed. Take it to the OpenCV repository.
[target_vision_2-3] VISION FPS=29.9
[target_vision_2-3] VISION PERF read=18.9ms detect=172.6ms/detect post=3.0ms display=11.3ms
[target_vision_2-3] VISION FPS=30.0
[target_vision_2-3] VISION PERF read=18.2ms detect=177.8ms/detect post=3.2ms display=11.9ms
[target_vision_2-3] VISION FPS=30.3
[target_vision_2-3] VISION PERF read=18.0ms detect=183.6ms/detect post=3.2ms display=12.0ms
[target_vision_2-3] Library QUIRC is not linked. No decoding is performed. Take it to the OpenCV repository.
[target_vision_2-3] VISION FPS=29.9
[target_vision_2-3] VISION PERF read=17.7ms detect=193.9ms/detect post=3.6ms display=11.9ms
[target_vision_2-3] Library QUIRC is not linked. No decoding is performed. Take it to the OpenCV repository.
[target_vision_2-3] Library QUIRC is not linked. No decoding is performed. Take it to the OpenCV repository.
[target_vision_2-3] VISION FPS=30.3
[target_vision_2-3] VISION PERF read=17.8ms detect=190.9ms/detect post=3.2ms display=12.2ms
[target_vision_2-3] VISION FPS=29.9
[target_vision_2-3] VISION PERF read=17.6ms detect=195.4ms/detect post=3.1ms display=12.5ms
[target_vision_2-3] Library QUIRC is not linked. No decoding is performed. Take it to the OpenCV repository.
[target_vision_2-3] VISION FPS=30.1
[target_vision_2-3] VISION PERF read=17.3ms detect=196.9ms/detect post=3.3ms display=12.7ms
[target_vision_2-3] Library QUIRC is not linked. No decoding is performed. Take it to the OpenCV repository.
[target_vision_2-3] Library QUIRC is not linked. No decoding is performed. Take it to the OpenCV repository.
[target_vision_2-3] Library QUIRC is not linked. No decoding is performed. Take it to the OpenCV repository.
[target_vision_2-3] VISION FPS=29.8
[target_vision_2-3] VISION PERF read=16.8ms detect=199.9ms/detect post=3.6ms display=12.8ms
[target_vision_2-3] VISION FPS=30.4
[target_vision_2-3] VISION PERF read=16.5ms detect=198.1ms/detect post=3.7ms display=13.0ms
[target_vision_2-3] Library QUIRC is not linked. No decoding is performed. Take it to the OpenCV repository.
[target_vision_2-3] VISION FPS=30.1
[target_vision_2-3] VISION PERF read=16.5ms detect=200.8ms/detect post=3.4ms display=13.3ms
[target_vision_2-3] VISION FPS=30.1
[target_vision_2-3] VISION PERF read=16.6ms detect=203.2ms/detect post=3.4ms display=13.3ms
[target_vision_2-3] VISION PERF read=16.5ms detect=205.5ms/detect post=3.4ms display=13.4ms
[target_vision_2-3] VISION FPS=29.6
[target_vision_2-3] Library QUIRC is not linked. No decoding is performed. Take it to the OpenCV repository.
[target_vision_2-3] Library QUIRC is not linked. No decoding is performed. Take it to the OpenCV repository.
[target_vision_2-3] Library QUIRC is not linked. No decoding is performed. Take it to the OpenCV repository.
[target_vision_2-3] VISION PERF read=16.4ms detect=203.1ms/detect post=3.4ms display=13.4ms
[target_vision_2-3] VISION FPS=29.9
[target_vision_2-3] VISION PERF read=16.2ms detect=205.5ms/detect post=3.5ms display=13.5ms
[target_vision_2-3] VISION FPS=30.2
[target_vision_2-3] Library QUIRC is not linked. No decoding is performed. Take it to the OpenCV repository.
[target_vision_2-3] VISION PERF read=16.0ms detect=207.0ms/detect post=3.7ms display=13.4ms
[target_vision_2-3] VISION FPS=30.2
[target_vision_2-3] VISION PERF read=15.9ms detect=208.9ms/detect post=3.7ms display=13.7ms
[target_vision_2-3] VISION FPS=29.7
[target_vision_2-3] Library QUIRC is not linked. No decoding is performed. Take it to the OpenCV repository.
[target_vision_2-3] VISION PERF read=15.8ms detect=206.2ms/detect post=3.6ms display=13.8ms
[target_vision_2-3] VISION FPS=30.2
[target_vision_2-3] Library QUIRC is not linked. No decoding is performed. Take it to the OpenCV repository.
[target_vision_2-3] VISION PERF read=16.1ms detect=206.9ms/detect post=3.2ms display=13.9ms
[target_vision_2-3] VISION FPS=30.3
[target_vision_2-3] Library QUIRC is not linked. No decoding is performed. Take it to the OpenCV repository.
[target_vision_2-3] Library QUIRC is not linked. No decoding is performed. Take it to the OpenCV repository.
[target_vision_2-3] Library QUIRC is not linked. No decoding is performed. Take it to the OpenCV repository.
[target_vision_2-3] VISION FPS=29.8
[target_vision_2-3] VISION PERF read=15.8ms detect=207.8ms/detect post=3.4ms display=14.0ms
[target_vision_2-3] Library QUIRC is not linked. No decoding is performed. Take it to the OpenCV repository.
[target_vision_2-3] Library QUIRC is not linked. No decoding is performed. Take it to the OpenCV repository.
[target_vision_2-3] Library QUIRC is not linked. No decoding is performed. Take it to the OpenCV repository.
[target_vision_2-3] VISION FPS=30.2
[target_vision_2-3] VISION PERF read=15.6ms detect=212.2ms/detect post=3.7ms display=13.9ms
[target_vision_2-3] VISION FPS=30.1
[target_vision_2-3] VISION PERF read=15.5ms detect=209.6ms/detect post=3.7ms display=14.2ms
[target_vision_2-3] Library QUIRC is not linked. No decoding is performed. Take it to the OpenCV repository.
[target_vision_2-3] Library QUIRC is not linked. No decoding is performed. Take it to the OpenCV repository.
[target_vision_2-3] Library QUIRC is not linked. No decoding is performed. Take it to the OpenCV repository.
[target_vision_2-3] VISION FPS=30.0
[target_vision_2-3] VISION PERF read=15.6ms detect=228.1ms/detect post=3.4ms display=14.2ms
[target_vision_2-3] Library QUIRC is not linked. No decoding is performed. Take it to the OpenCV repository.
[target_vision_2-3] Library QUIRC is not linked. No decoding is performed. Take it to the OpenCV repository.
[target_vision_2-3] VISION FPS=30.2
[target_vision_2-3] VISION PERF read=16.0ms detect=212.5ms/detect post=3.5ms display=13.7ms
[target_vision_2-3] Library QUIRC is not linked. No decoding is performed. Take it to the OpenCV repository.
[target_vision_2-3] VISION FPS=30.1
[target_vision_2-3] VISION PERF read=15.5ms detect=215.6ms/detect post=3.5ms display=14.2ms
[target_vision_2-3] VISION FPS=30.3
[target_vision_2-3] VISION PERF read=14.8ms detect=218.5ms/detect post=3.7ms display=14.8ms
[target_vision_2-3] Library QUIRC is not linked. No decoding is performed. Take it to the OpenCV repository.
[target_vision_2-3] Library QUIRC is not linked. No decoding is performed. Take it to the OpenCV repository.
[target_vision_2-3] Library QUIRC is not linked. No decoding is performed. Take it to the OpenCV repository.
[target_vision_2-3] VISION FPS=30.0
[target_vision_2-3] VISION PERF read=14.8ms detect=219.0ms/detect post=3.6ms display=14.9ms
[target_vision_2-3] VISION FPS=29.7
[target_vision_2-3] VISION PERF read=14.9ms detect=214.9ms/detect post=3.4ms display=14.9ms
[target_vision_2-3] VISION FPS=30.1
[target_vision_2-3] VISION PERF read=15.8ms detect=211.5ms/detect post=3.2ms display=14.3ms
[target_vision_2-3] Library QUIRC is not linked. No decoding is performed. Take it to the OpenCV repository.
[target_vision_2-3] VISION FPS=30.0
[target_vision_2-3] VISION PERF read=16.3ms detect=200.6ms/detect post=3.0ms display=13.9ms
[target_vision_2-3] VISION FPS=30.3
[target_vision_2-3] VISION PERF read=16.5ms detect=187.5ms/detect post=2.8ms display=14.0ms
[target_vision_2-3] Library QUIRC is not linked. No decoding is performed. Take it to the OpenCV repository.
[target_vision_2-3] VISION FPS=30.0
[target_vision_2-3] VISION PERF read=16.2ms detect=202.5ms/detect post=3.1ms display=13.9ms
[target_vision_2-3] VISION FPS=30.2
[target_vision_2-3] VISION PERF read=15.5ms detect=202.1ms/detect post=2.8ms display=14.9ms
[target_vision_2-3] VISION FPS=29.8
[target_vision_2-3] VISION PERF read=16.7ms detect=182.9ms/detect post=2.4ms display=14.0ms
[target_vision_2-3] Library QUIRC is not linked. No decoding is performed. Take it to the OpenCV repository.
[target_vision_2-3] Library QUIRC is not linked. No decoding is performed. Take it to the OpenCV repository.
[target_vision_2-3] VISION FPS=29.8
[target_vision_2-3] VISION PERF read=16.8ms detect=184.2ms/detect post=2.7ms display=13.8ms
[target_vision_2-3] Library QUIRC is not linked. No decoding is performed. Take it to the OpenCV repository.
[target_vision_2-3] VISION FPS=30.0
[target_vision_2-3] VISION PERF read=16.8ms detect=193.1ms/detect post=2.6ms display=13.8ms
[target_vision_2-3] Library QUIRC is not linked. No decoding is performed. Take it to the OpenCV repository.
[target_vision_2-3] VISION FPS=30.0
[target_vision_2-3] VISION PERF read=15.7ms detect=220.9ms/detect post=2.9ms display=14.8ms
[target_vision_2-3] Library QUIRC is not linked. No decoding is performed. Take it to the OpenCV repository.
[target_vision_2-3] VISION FPS=29.9
[target_vision_2-3] VISION PERF read=14.5ms detect=222.0ms/detect post=3.7ms display=14.9ms
[target_vision_2-3] VISION FPS=30.0
[target_vision_2-3] VISION PERF read=14.6ms detect=225.6ms/detect post=3.4ms display=15.3ms
[target_vision_2-3] VISION FPS=30.3
[target_vision_2-3] VISION PERF read=14.5ms detect=223.3ms/detect post=3.6ms display=15.2ms
[target_vision_2-3] VISION FPS=29.9
[target_vision_2-3] VISION PERF read=14.2ms detect=223.7ms/detect post=3.7ms display=15.3ms
[target_vision_2-3] Library QUIRC is not linked. No decoding is performed. Take it to the OpenCV repository.
[target_vision_2-3] Library QUIRC is not linked. No decoding is performed. Take it to the OpenCV repository.
[target_vision_2-3] VISION FPS=30.1
[target_vision_2-3] VISION PERF read=14.8ms detect=218.1ms/detect post=3.4ms display=15.0ms
[target_vision_2-3] VISION FPS=30.0
[target_vision_2-3] VISION PERF read=15.1ms detect=218.1ms/detect post=3.7ms display=14.4ms
[target_vision_2-3] VISION FPS=30.1
[target_vision_2-3] VISION PERF read=14.8ms detect=221.1ms/detect post=3.5ms display=14.9ms
[target_vision_2-3] VISION FPS=30.1
[target_vision_2-3] VISION PERF read=13.9ms detect=234.4ms/detect post=3.6ms display=15.8ms
[target_vision_2-3] Library QUIRC is not linked. No decoding is performed. Take it to the OpenCV repository.
[target_vision_2-3] VISION PERF read=14.5ms detect=220.2ms/detect post=3.2ms display=15.5ms
[target_vision_2-3] VISION FPS=30.0
[target_vision_2-3] Library QUIRC is not linked. No decoding is performed. Take it to the OpenCV repository.
[target_vision_2-3] VISION PERF read=14.2ms detect=226.7ms/detect post=3.4ms display=15.6ms
[target_vision_2-3] VISION FPS=30.1
[target_vision_2-3] Library QUIRC is not linked. No decoding is performed. Take it to the OpenCV repository.
[target_vision_2-3] VISION PERF read=14.3ms detect=226.7ms/detect post=3.5ms display=15.5ms
[target_vision_2-3] VISION FPS=30.1
[target_vision_2-3] Library QUIRC is not linked. No decoding is performed. Take it to the OpenCV repository.
[target_vision_2-3] VISION PERF read=13.9ms detect=225.6ms/detect post=3.7ms display=15.6ms
[target_vision_2-3] VISION FPS=29.6
[target_vision_2-3] Library QUIRC is not linked. No decoding is performed. Take it to the OpenCV repository.
[target_vision_2-3] VISION PERF read=14.2ms detect=226.2ms/detect post=3.5ms display=15.4ms
[target_vision_2-3] VISION FPS=30.1
[target_vision_2-3] Library QUIRC is not linked. No decoding is performed. Take it to the OpenCV repository.
[target_vision_2-3] Library QUIRC is not linked. No decoding is performed. Take it to the OpenCV repository.
[target_vision_2-3] VISION PERF read=14.0ms detect=228.3ms/detect post=3.7ms display=15.5ms
[target_vision_2-3] VISION FPS=30.2
[target_vision_2-3] Library QUIRC is not linked. No decoding is performed. Take it to the OpenCV repository.
[target_vision_2-3] VISION PERF read=14.4ms detect=226.9ms/detect post=3.5ms display=15.4ms
[target_vision_2-3] VISION FPS=29.9
[target_vision_2-3] Library QUIRC is not linked. No decoding is performed. Take it to the OpenCV repository.
[target_vision_2-3] Library QUIRC is not linked. No decoding is performed. Take it to the OpenCV repository.
[target_vision_2-3] VISION PERF read=13.8ms detect=227.1ms/detect post=3.6ms display=15.8ms
[target_vision_2-3] VISION FPS=30.0
[target_vision_2-3] Library QUIRC is not linked. No decoding is performed. Take it to the OpenCV repository.
[target_vision_2-3] Library QUIRC is not linked. No decoding is performed. Take it to the OpenCV repository.
[target_vision_2-3] VISION PERF read=14.5ms detect=226.5ms/detect post=3.5ms display=15.2ms
[target_vision_2-3] VISION FPS=30.0
[target_vision_2-3] VISION PERF read=14.3ms detect=230.9ms/detect post=3.6ms display=15.3ms
[target_vision_2-3] VISION FPS=30.0
[target_vision_2-3] Library QUIRC is not linked. No decoding is performed. Take it to the OpenCV repository.
[target_vision_2-3] VISION PERF read=14.4ms detect=227.1ms/detect post=3.7ms display=15.2ms
[target_vision_2-3] VISION FPS=30.2
[target_vision_2-3] Library QUIRC is not linked. No decoding is performed. Take it to the OpenCV repository.
[target_vision_2-3] VISION PERF read=14.0ms detect=227.1ms/detect post=3.6ms display=15.6ms
[target_vision_2-3] VISION FPS=30.0
[target_vision_2-3] Library QUIRC is not linked. No decoding is performed. Take it to the OpenCV repository.
[target_vision_2-3] VISION PERF read=14.9ms detect=221.3ms/detect post=3.5ms display=14.8ms
[target_vision_2-3] Library QUIRC is not linked. No decoding is performed. Take it to the OpenCV repository.
[target_vision_2-3] VISION FPS=29.9
[target_vision_2-3] VISION PERF read=14.4ms detect=224.9ms/detect post=3.5ms display=15.4ms
[target_vision_2-3] VISION FPS=30.0
[target_vision_2-3] VISION PERF read=14.5ms detect=221.8ms/detect post=3.7ms display=15.1ms
[target_vision_2-3] VISION FPS=29.8
[target_vision_2-3] VISION PERF read=14.5ms detect=218.7ms/detect post=3.7ms display=15.0ms
[target_vision_2-3] VISION FPS=29.9
[target_vision_2-3] VISION PERF read=14.3ms detect=228.8ms/detect post=3.7ms display=15.3ms
[target_vision_2-3] VISION FPS=30.2
[target_vision_2-3] Library QUIRC is not linked. No decoding is performed. Take it to the OpenCV repository.
[target_vision_2-3] Library QUIRC is not linked. No decoding is performed. Take it to the OpenCV repository.
[target_vision_2-3] VISION PERF read=14.7ms detect=225.9ms/detect post=3.6ms display=15.0ms
[target_vision_2-3] VISION FPS=30.0
[target_vision_2-3] Library QUIRC is not linked. No decoding is performed. Take it to the OpenCV repository.
[target_vision_2-3] VISION PERF read=14.2ms detect=225.4ms/detect post=3.7ms display=15.3ms
[target_vision_2-3] VISION FPS=30.0
[target_vision_2-3] Library QUIRC is not linked. No decoding is performed. Take it to the OpenCV repository.
[target_vision_2-3] VISION PERF read=14.4ms detect=227.1ms/detect post=3.6ms display=15.2ms
[target_vision_2-3] VISION FPS=30.2
[target_vision_2-3] VISION PERF read=13.9ms detect=225.5ms/detect post=3.7ms display=15.7ms
[target_vision_2-3] VISION FPS=30.3
[target_vision_2-3] VISION PERF read=14.1ms detect=224.7ms/detect post=4.0ms display=15.0ms
[target_vision_2-3] VISION FPS=29.8
[target_vision_2-3] Library QUIRC is not linked. No decoding is performed. Take it to the OpenCV repository.
[target_vision_2-3] VISION PERF read=14.4ms detect=222.6ms/detect post=3.7ms display=15.1ms
[target_vision_2-3] VISION FPS=30.1
[target_vision_2-3] VISION PERF read=14.8ms detect=222.4ms/detect post=3.5ms display=15.0ms
[target_vision_2-3] VISION FPS=29.8
[target_vision_2-3] Library QUIRC is not linked. No decoding is performed. Take it to the OpenCV repository.
[target_vision_2-3] VISION PERF read=14.5ms detect=222.9ms/detect post=3.3ms display=15.5ms
[target_vision_2-3] VISION FPS=30.0
[target_vision_2-3] VISION PERF read=13.9ms detect=222.6ms/detect post=3.7ms display=15.6ms
[target_vision_2-3] VISION FPS=29.8
[target_vision_2-3] Library QUIRC is not linked. No decoding is performed. Take it to the OpenCV repository.
[target_vision_2-3] VISION PERF read=14.6ms detect=222.9ms/detect post=3.7ms display=14.9ms
[target_vision_2-3] VISION FPS=30.0
[target_vision_2-3] Library QUIRC is not linked. No decoding is performed. Take it to the OpenCV repository.
[target_vision_2-3] VISION PERF read=14.2ms detect=220.7ms/detect post=4.1ms display=15.0ms
[target_vision_2-3] VISION FPS=30.0
[target_vision_2-3] Library QUIRC is not linked. No decoding is performed. Take it to the OpenCV repository.
[target_vision_2-3] VISION PERF read=13.8ms detect=230.8ms/detect post=3.9ms display=15.5ms
[target_vision_2-3] VISION FPS=30.2
[target_vision_2-3] VISION PERF read=14.0ms detect=219.6ms/detect post=3.9ms display=15.3ms
[target_vision_2-3] VISION FPS=30.0
[target_vision_2-3] VISION PERF read=13.7ms detect=225.5ms/detect post=3.8ms display=15.8ms
[target_vision_2-3] VISION FPS=30.0
[target_vision_2-3] Library QUIRC is not linked. No decoding is performed. Take it to the OpenCV repository.
[target_vision_2-3] VISION PERF read=14.0ms detect=227.8ms/detect post=3.4ms display=15.8ms
[target_vision_2-3] VISION FPS=30.0
[target_vision_2-3] Library QUIRC is not linked. No decoding is performed. Take it to the OpenCV repository.
[target_vision_2-3] VISION PERF read=14.8ms detect=221.8ms/detect post=3.2ms display=15.2ms
[target_vision_2-3] VISION FPS=29.9
[target_vision_2-3] Library QUIRC is not linked. No decoding is performed. Take it to the OpenCV repository.
[target_vision_2-3] VISION PERF read=14.2ms detect=233.1ms/detect post=3.6ms display=15.5ms
[target_vision_2-3] VISION FPS=29.9
[target_vision_2-3] VISION PERF read=14.1ms detect=228.7ms/detect post=3.4ms display=15.7ms
[target_vision_2-3] VISION FPS=30.0
[target_vision_2-3] VISION PERF read=14.3ms detect=227.7ms/detect post=3.7ms display=15.3ms
[target_vision_2-3] VISION FPS=30.0
[target_vision_2-3] VISION PERF read=14.2ms detect=231.1ms/detect post=3.7ms display=15.5ms
[target_vision_2-3] VISION FPS=30.0
[target_vision_2-3] VISION PERF read=13.7ms detect=227.5ms/detect post=3.5ms display=15.9ms
[target_vision_2-3] VISION FPS=29.8
[target_vision_2-3] VISION PERF read=13.6ms detect=225.5ms/detect post=3.5ms display=16.0ms
[target_vision_2-3] VISION FPS=30.4
[target_vision_2-3] VISION PERF read=14.6ms detect=222.6ms/detect post=3.5ms display=15.2ms
[target_vision_2-3] VISION FPS=30.1
[target_vision_2-3] VISION PERF read=14.2ms detect=228.2ms/detect post=3.4ms display=15.6ms
[target_vision_2-3] VISION FPS=30.1
[target_vision_2-3] VISION PERF read=14.0ms detect=229.7ms/detect post=3.7ms display=15.5ms
[target_vision_2-3] VISION FPS=30.0
[target_vision_2-3] VISION PERF read=14.1ms detect=227.4ms/detect post=3.5ms display=15.6ms
[target_vision_2-3] VISION FPS=29.8
[target_vision_2-3] VISION PERF read=14.1ms detect=225.9ms/detect post=3.7ms display=15.4ms
[target_vision_2-3] VISION FPS=30.2
[target_vision_2-3] VISION PERF read=14.2ms detect=226.0ms/detect post=3.5ms display=15.5ms
[target_vision_2-3] VISION FPS=30.0
[target_vision_2-3] Library QUIRC is not linked. No decoding is performed. Take it to the OpenCV repository.
[target_vision_2-3] VISION PERF read=14.5ms detect=227.1ms/detect post=3.5ms display=15.3ms
[target_vision_2-3] VISION FPS=29.9
[target_vision_2-3] Library QUIRC is not linked. No decoding is performed. Take it to the OpenCV repository.
[target_vision_2-3] VISION PERF read=14.2ms detect=231.0ms/detect post=3.5ms display=15.5ms
[target_vision_2-3] VISION FPS=30.0
[target_vision_2-3] VISION PERF read=14.2ms detect=230.4ms/detect post=3.4ms display=15.6ms
[target_vision_2-3] VISION FPS=30.0
[target_vision_2-3] Library QUIRC is not linked. No decoding is performed. Take it to the OpenCV repository.
[target_vision_2-3] VISION PERF read=14.4ms detect=229.5ms/detect post=3.5ms display=15.5ms
[target_vision_2-3] VISION FPS=29.9
[target_vision_2-3] VISION PERF read=14.1ms detect=234.9ms/detect post=3.6ms display=15.4ms
[target_vision_2-3] VISION FPS=29.7
[target_vision_2-3] VISION PERF read=13.5ms detect=229.9ms/detect post=3.3ms display=16.5ms
[target_vision_2-3] VISION FPS=30.1
[target_vision_2-3] VISION PERF read=14.4ms detect=237.5ms/detect post=3.4ms display=15.4ms
[target_vision_2-3] VISION FPS=29.9
[target_vision_2-3] VISION PERF read=13.7ms detect=235.6ms/detect post=3.6ms display=15.8ms
[target_vision_2-3] VISION FPS=30.3
[target_vision_2-3] VISION PERF read=13.7ms detect=229.1ms/detect post=3.8ms display=15.8ms
[target_vision_2-3] VISION FPS=30.0
[target_vision_2-3] VISION PERF read=14.0ms detect=229.6ms/detect post=3.7ms display=15.4ms
[target_vision_2-3] VISION FPS=30.0
[target_vision_2-3] VISION PERF read=14.1ms detect=228.0ms/detect post=3.6ms display=15.6ms
[target_vision_2-3] VISION FPS=30.0
[target_vision_2-3] VISION PERF read=14.3ms detect=229.5ms/detect post=3.5ms display=15.4ms
[target_vision_2-3] VISION FPS=30.0
[target_vision_2-3] VISION PERF read=14.2ms detect=241.1ms/detect post=3.6ms display=15.5ms
[target_vision_2-3] VISION FPS=29.9
[target_vision_2-3] VISION PERF read=14.7ms detect=235.9ms/detect post=3.6ms display=15.0ms
[target_vision_2-3] VISION FPS=30.1
[target_vision_2-3] VISION PERF read=14.3ms detect=232.3ms/detect post=3.4ms display=15.5ms
[target_vision_2-3] VISION FPS=29.8
[target_vision_2-3] Library QUIRC is not linked. No decoding is performed. Take it to the OpenCV repository.
[target_vision_2-3] VISION PERF read=13.9ms detect=228.1ms/detect post=3.5ms display=15.9ms
[target_vision_2-3] VISION FPS=29.9
[target_vision_2-3] Library QUIRC is not linked. No decoding is performed. Take it to the OpenCV repository.
[target_vision_2-3] VISION PERF read=14.2ms detect=231.8ms/detect post=3.4ms display=15.6ms
[target_vision_2-3] VISION FPS=30.1
[target_vision_2-3] VISION PERF read=14.2ms detect=231.9ms/detect post=3.4ms display=15.7ms
[target_vision_2-3] VISION FPS=30.0
[target_vision_2-3] VISION PERF read=13.8ms detect=230.1ms/detect post=3.5ms display=15.9ms
[target_vision_2-3] VISION FPS=30.0
[target_vision_2-3] VISION PERF read=13.7ms detect=244.8ms/detect post=3.3ms display=16.3ms
[target_vision_2-3] VISION FPS=30.0
[target_vision_2-3] VISION PERF read=13.3ms detect=229.1ms/detect post=3.6ms display=16.2ms
[target_vision_2-3] VISION FPS=30.1
[target_vision_2-3] VISION PERF read=14.8ms detect=232.2ms/detect post=3.2ms display=15.3ms
[target_vision_2-3] Library QUIRC is not linked. No decoding is performed. Take it to the OpenCV repository.
[target_vision_2-3] VISION FPS=30.3
[target_vision_2-3] Library QUIRC is not linked. No decoding is performed. Take it to the OpenCV repository.
[target_vision_2-3] VISION PERF read=13.7ms detect=232.0ms/detect post=3.6ms display=15.9ms
[target_vision_2-3] VISION FPS=30.0
[target_vision_2-3] VISION PERF read=13.5ms detect=232.8ms/detect post=3.4ms display=16.4ms
[target_vision_2-3] VISION FPS=30.1
[target_vision_2-3] VISION PERF read=13.8ms detect=240.3ms/detect post=3.5ms display=15.8ms
[target_vision_2-3] VISION FPS=30.6
[target_vision_2-3] VISION PERF read=13.9ms detect=226.2ms/detect post=3.5ms display=15.8ms
[target_vision_2-3] VISION FPS=30.0
[target_vision_2-3] Library QUIRC is not linked. No decoding is performed. Take it to the OpenCV repository.
[target_vision_2-3] Library QUIRC is not linked. No decoding is performed. Take it to the OpenCV repository.
[target_vision_2-3] VISION PERF read=13.8ms detect=226.3ms/detect post=3.6ms display=15.7ms
[target_vision_2-3] Library QUIRC is not linked. No decoding is performed. Take it to the OpenCV repository.
[target_vision_2-3] VISION FPS=30.0
[target_vision_2-3] Library QUIRC is not linked. No decoding is performed. Take it to the OpenCV repository.
[target_vision_2-3] Library QUIRC is not linked. No decoding is performed. Take it to the OpenCV repository.
[target_vision_2-3] VISION PERF read=13.8ms detect=234.0ms/detect post=3.4ms display=16.1ms
[target_vision_2-3] VISION FPS=29.9
[target_vision_2-3] Library QUIRC is not linked. No decoding is performed. Take it to the OpenCV repository.
[target_vision_2-3] Library QUIRC is not linked. No decoding is performed. Take it to the OpenCV repository.
[target_vision_2-3] VISION PERF read=14.1ms detect=239.6ms/detect post=3.9ms display=15.2ms
[target_vision_2-3] VISION FPS=30.0
[target_vision_2-3] Library QUIRC is not linked. No decoding is performed. Take it to the OpenCV repository.
[target_vision_2-3] Library QUIRC is not linked. No decoding is performed. Take it to the OpenCV repository.
[target_vision_2-3] VISION PERF read=14.1ms detect=232.0ms/detect post=3.7ms display=15.6ms
[target_vision_2-3] VISION FPS=30.0
[target_vision_2-3] Library QUIRC is not linked. No decoding is performed. Take it to the OpenCV repository.
[target_vision_2-3] VISION PERF read=14.3ms detect=237.2ms/detect post=3.7ms display=15.3ms
[target_vision_2-3] VISION FPS=30.1
[target_vision_2-3] Library QUIRC is not linked. No decoding is performed. Take it to the OpenCV repository.
[target_vision_2-3] VISION PERF read=14.5ms detect=246.2ms/detect post=3.6ms display=15.1ms
[target_vision_2-3] VISION FPS=30.0
[target_vision_2-3] Library QUIRC is not linked. No decoding is performed. Take it to the OpenCV repository.
[target_vision_2-3] Library QUIRC is not linked. No decoding is performed. Take it to the OpenCV repository.
[target_vision_2-3] Library QUIRC is not linked. No decoding is performed. Take it to the OpenCV repository.
[target_vision_2-3] VISION PERF read=14.0ms detect=237.7ms/detect post=3.6ms display=15.6ms
[target_vision_2-3] VISION FPS=29.5
[target_vision_2-3] Library QUIRC is not linked. No decoding is performed. Take it to the OpenCV repository.
[target_vision_2-3] Library QUIRC is not linked. No decoding is performed. Take it to the OpenCV repository.
[target_vision_2-3] Library QUIRC is not linked. No decoding is performed. Take it to the OpenCV repository.
[target_vision_2-3] VISION PERF read=13.7ms detect=231.7ms/detect post=3.6ms display=16.0ms
[target_vision_2-3] VISION FPS=30.0
[target_vision_2-3] Library QUIRC is not linked. No decoding is performed. Take it to the OpenCV repository.
[target_vision_2-3] VISION PERF read=14.1ms detect=233.3ms/detect post=3.7ms display=15.3ms
[target_vision_2-3] Library QUIRC is not linked. No decoding is performed. Take it to the OpenCV repository.
[target_vision_2-3] VISION FPS=30.1
[target_vision_2-3] VISION PERF read=13.7ms detect=225.3ms/detect post=3.8ms display=15.8ms
[target_vision_2-3] VISION FPS=30.0
[target_vision_2-3] VISION PERF read=14.4ms detect=222.9ms/detect post=3.4ms display=15.4ms
[target_vision_2-3] VISION FPS=30.2
[target_vision_2-3] Library QUIRC is not linked. No decoding is performed. Take it to the OpenCV repository.
[target_vision_2-3] Library QUIRC is not linked. No decoding is performed. Take it to the OpenCV repository.
[target_vision_2-3] Library QUIRC is not linked. No decoding is performed. Take it to the OpenCV repository.
[target_vision_2-3] Library QUIRC is not linked. No decoding is performed. Take it to the OpenCV repository.
[target_vision_2-3] Library QUIRC is not linked. No decoding is performed. Take it to the OpenCV repository.
[target_vision_2-3] Library QUIRC is not linked. No decoding is performed. Take it to the OpenCV repository.
[target_vision_2-3] VISION PERF read=14.2ms detect=236.6ms/detect post=3.6ms display=15.4ms
[target_vision_2-3] VISION FPS=30.0
[target_vision_2-3] Library QUIRC is not linked. No decoding is performed. Take it to the OpenCV repository.
[target_vision_2-3] VISION PERF read=13.8ms detect=230.6ms/detect post=3.9ms display=15.6ms
[target_vision_2-3] VISION FPS=30.1
[target_vision_2-3] Library QUIRC is not linked. No decoding is performed. Take it to the OpenCV repository.
[target_vision_2-3] VISION PERF read=13.8ms detect=231.5ms/detect post=3.8ms display=15.6ms
[target_vision_2-3] VISION FPS=30.0
[target_vision_2-3] VISION PERF read=13.6ms detect=229.6ms/detect post=3.7ms display=15.9ms
[target_vision_2-3] VISION FPS=29.6
[target_vision_2-3] Library QUIRC is not linked. No decoding is performed. Take it to the OpenCV repository.
[target_vision_2-3] Library QUIRC is not linked. No decoding is performed. Take it to the OpenCV repository.
[target_vision_2-3] Library QUIRC is not linked. No decoding is performed. Take it to the OpenCV repository.
[target_vision_2-3] VISION PERF read=14.3ms detect=228.7ms/detect post=3.6ms display=15.3ms
[target_vision_2-3] VISION FPS=29.9
[target_vision_2-3] Library QUIRC is not linked. No decoding is performed. Take it to the OpenCV repository.
[target_vision_2-3] Library QUIRC is not linked. No decoding is performed. Take it to the OpenCV repository.
[target_vision_2-3] VISION PERF read=14.1ms detect=227.0ms/detect post=3.6ms display=15.6ms
[target_vision_2-3] VISION FPS=29.8
[target_vision_2-3] VISION PERF read=14.7ms detect=221.5ms/detect post=3.5ms display=14.9ms
[target_vision_2-3] VISION FPS=30.1
[target_vision_2-3] Library QUIRC is not linked. No decoding is performed. Take it to the OpenCV repository.
[target_vision_2-3] Library QUIRC is not linked. No decoding is performed. Take it to the OpenCV repository.
[target_vision_2-3] Library QUIRC is not linked. No decoding is performed. Take it to the OpenCV repository.
[target_vision_2-3] Library QUIRC is not linked. No decoding is performed. Take it to the OpenCV repository.
[target_vision_2-3] Library QUIRC is not linked. No decoding is performed. Take it to the OpenCV repository.
[target_vision_2-3] VISION PERF read=14.4ms detect=226.9ms/detect post=3.4ms display=15.4ms
[target_vision_2-3] VISION FPS=30.0
[target_vision_2-3] Library QUIRC is not linked. No decoding is performed. Take it to the OpenCV repository.
[target_vision_2-3] Library QUIRC is not linked. No decoding is performed. Take it to the OpenCV repository.
[target_vision_2-3] Library QUIRC is not linked. No decoding is performed. Take it to the OpenCV repository.
[target_vision_2-3] VISION PERF read=14.4ms detect=235.9ms/detect post=3.7ms display=15.1ms
[target_vision_2-3] VISION FPS=30.0
[target_vision_2-3] VISION PERF read=14.2ms detect=231.8ms/detect post=3.5ms display=15.4ms
[target_vision_2-3] VISION FPS=30.0
[target_vision_2-3] Library QUIRC is not linked. No decoding is performed. Take it to the OpenCV repository.
[target_vision_2-3] Library QUIRC is not linked. No decoding is performed. Take it to the OpenCV repository.
[target_vision_2-3] Library QUIRC is not linked. No decoding is performed. Take it to the OpenCV repository.
[target_vision_2-3] Library QUIRC is not linked. No decoding is performed. Take it to the OpenCV repository.
[target_vision_2-3] VISION PERF read=14.2ms detect=228.8ms/detect post=3.4ms display=15.6ms
[target_vision_2-3] Library QUIRC is not linked. No decoding is performed. Take it to the OpenCV repository.
[target_vision_2-3] VISION FPS=30.1
[target_vision_2-3] Library QUIRC is not linked. No decoding is performed. Take it to the OpenCV repository.
[target_vision_2-3] VISION PERF read=14.2ms detect=226.2ms/detect post=3.7ms display=15.3ms
[target_vision_2-3] VISION FPS=30.0
[target_vision_2-3] Library QUIRC is not linked. No decoding is performed. Take it to the OpenCV repository.
[target_vision_2-3] VISION PERF read=13.9ms detect=228.2ms/detect post=3.6ms display=15.9ms
[target_vision_2-3] VISION FPS=30.1
[target_vision_2-3] Library QUIRC is not linked. No decoding is performed. Take it to the OpenCV repository.
[target_vision_2-3] VISION PERF read=14.0ms detect=227.5ms/detect post=3.5ms display=15.7ms
[target_vision_2-3] VISION FPS=30.0
[target_vision_2-3] VISION PERF read=14.0ms detect=227.3ms/detect post=3.7ms display=15.4ms
[target_vision_2-3] VISION FPS=30.0
[target_vision_2-3] Library QUIRC is not linked. No decoding is performed. Take it to the OpenCV repository.
[target_vision_2-3] Library QUIRC is not linked. No decoding is performed. Take it to the OpenCV repository.
[target_vision_2-3] VISION PERF read=13.9ms detect=228.0ms/detect post=3.7ms display=15.7ms
[target_vision_2-3] VISION FPS=29.9
[target_vision_2-3] VISION PERF read=13.7ms detect=227.6ms/detect post=3.5ms display=15.9ms
[target_vision_2-3] VISION FPS=30.1
[target_vision_2-3] VISION PERF read=14.2ms detect=229.2ms/detect post=3.6ms display=15.5ms
[target_vision_2-3] VISION FPS=30.1
[target_vision_2-3] VISION PERF read=14.2ms detect=225.7ms/detect post=3.5ms display=15.5ms
[target_vision_2-3] VISION FPS=30.0
[target_vision_2-3] VISION PERF read=13.3ms detect=227.0ms/detect post=3.9ms display=16.0ms
[target_vision_2-3] VISION FPS=29.9
[target_vision_2-3] Library QUIRC is not linked. No decoding is performed. Take it to the OpenCV repository.
[target_vision_2-3] VISION PERF read=14.2ms detect=226.9ms/detect post=3.7ms display=15.4ms
[target_vision_2-3] VISION FPS=30.1
[target_vision_2-3] VISION PERF read=13.8ms detect=225.6ms/detect post=3.6ms display=15.8ms
[target_vision_2-3] VISION FPS=29.8
[target_vision_2-3] VISION PERF read=14.4ms detect=230.7ms/detect post=3.5ms display=15.2ms
[target_vision_2-3] VISION FPS=30.0
[target_vision_2-3] VISION PERF read=14.3ms detect=240.7ms/detect post=3.3ms display=15.6ms
[target_vision_2-3] VISION FPS=30.2
[target_vision_2-3] Library QUIRC is not linked. No decoding is performed. Take it to the OpenCV repository.
[target_vision_2-3] Library QUIRC is not linked. No decoding is performed. Take it to the OpenCV repository.
[target_vision_2-3] VISION PERF read=13.9ms detect=227.7ms/detect post=3.6ms display=15.7ms
[target_vision_2-3] VISION FPS=29.9
[target_vision_2-3] Library QUIRC is not linked. No decoding is performed. Take it to the OpenCV repository.
[target_vision_2-3] Library QUIRC is not linked. No decoding is performed. Take it to the OpenCV repository.
[target_vision_2-3] VISION PERF read=14.3ms detect=236.4ms/detect post=3.3ms display=15.6ms
[target_vision_2-3] VISION FPS=30.0
[target_vision_2-3] VISION PERF read=14.0ms detect=235.1ms/detect post=3.6ms display=15.8ms
[target_vision_2-3] Library QUIRC is not linked. No decoding is performed. Take it to the OpenCV repository.
[target_vision_2-3] VISION FPS=30.0
[target_vision_2-3] Library QUIRC is not linked. No decoding is performed. Take it to the OpenCV repository.
[target_vision_2-3] VISION PERF read=14.0ms detect=234.6ms/detect post=3.6ms display=15.6ms
[target_vision_2-3] VISION FPS=29.9
[target_vision_2-3] VISION PERF read=13.9ms detect=229.5ms/detect post=3.6ms display=15.7ms
[target_vision_2-3] VISION FPS=29.9
[target_vision_2-3] Library QUIRC is not linked. No decoding is performed. Take it to the OpenCV repository.
[target_vision_2-3] VISION PERF read=13.9ms detect=239.0ms/detect post=3.6ms display=15.7ms
[target_vision_2-3] VISION FPS=29.9
[target_vision_2-3] Library QUIRC is not linked. No decoding is performed. Take it to the OpenCV repository.
[target_vision_2-3] VISION PERF read=13.6ms detect=232.0ms/detect post=3.8ms display=15.9ms
[target_vision_2-3] VISION FPS=29.9
[target_vision_2-3] Library QUIRC is not linked. No decoding is performed. Take it to the OpenCV repository.
[target_vision_2-3] VISION PERF read=13.3ms detect=237.2ms/detect post=3.9ms display=16.0ms
[target_vision_2-3] VISION FPS=30.0
[target_vision_2-3] VISION PERF read=13.4ms detect=237.2ms/detect post=3.8ms display=16.0ms
[target_vision_2-3] VISION FPS=30.2
[target_vision_2-3] Library QUIRC is not linked. No decoding is performed. Take it to the OpenCV repository.
[target_vision_2-3] VISION PERF read=14.3ms detect=227.9ms/detect post=3.8ms display=15.2ms
[target_vision_2-3] VISION FPS=30.2
[target_vision_2-3] VISION PERF read=13.6ms detect=233.1ms/detect post=3.8ms display=15.8ms
[target_vision_2-3] VISION FPS=30.0
[target_vision_2-3] Library QUIRC is not linked. No decoding is performed. Take it to the OpenCV repository.
[target_vision_2-3] Library QUIRC is not linked. No decoding is performed. Take it to the OpenCV repository.
[target_vision_2-3] VISION PERF read=14.3ms detect=231.3ms/detect post=3.5ms display=15.4ms
[target_vision_2-3] VISION FPS=30.1
[target_vision_2-3] VISION PERF read=13.9ms detect=235.9ms/detect post=3.6ms display=15.7ms
[target_vision_2-3] VISION FPS=30.0
[target_vision_2-3] Library QUIRC is not linked. No decoding is performed. Take it to the OpenCV repository.
[target_vision_2-3] VISION PERF read=14.2ms detect=230.6ms/detect post=3.6ms display=15.4ms
[target_vision_2-3] VISION FPS=30.0
[target_vision_2-3] VISION PERF read=13.5ms detect=231.4ms/detect post=3.4ms display=16.2ms
[target_vision_2-3] VISION FPS=30.0
[target_vision_2-3] VISION PERF read=14.0ms detect=232.9ms/detect post=3.8ms display=15.5ms
[target_vision_2-3] VISION FPS=30.0
[target_vision_2-3] VISION PERF read=13.1ms detect=249.0ms/detect post=4.0ms display=16.0ms
[target_vision_2-3] VISION FPS=30.0
[target_vision_2-3] VISION PERF read=13.2ms detect=236.9ms/detect post=4.2ms display=15.8ms
[target_vision_2-3] VISION FPS=30.0
[target_vision_2-3] Library QUIRC is not linked. No decoding is performed. Take it to the OpenCV repository.
[target_vision_2-3] VISION PERF read=13.4ms detect=249.4ms/detect post=3.8ms display=16.0ms
[target_vision_2-3] VISION FPS=29.9
[target_vision_2-3] VISION PERF read=12.7ms detect=239.5ms/detect post=4.1ms display=16.5ms
[target_vision_2-3] VISION FPS=29.9
[target_vision_2-3] VISION PERF read=13.4ms detect=234.0ms/detect post=3.5ms display=16.4ms
[target_vision_2-3] VISION FPS=30.2
[target_vision_2-3] Library QUIRC is not linked. No decoding is performed. Take it to the OpenCV repository.
[target_vision_2-3] Library QUIRC is not linked. No decoding is performed. Take it to the OpenCV repository.
[target_vision_2-3] VISION PERF read=13.6ms detect=241.0ms/detect post=3.8ms display=15.8ms
[target_vision_2-3] VISION FPS=30.0
[target_vision_2-3] VISION PERF read=13.4ms detect=257.2ms/detect post=3.6ms display=16.4ms
[target_vision_2-3] VISION FPS=29.9
[target_vision_2-3] VISION PERF read=13.2ms detect=232.4ms/detect post=3.7ms display=16.2ms
[target_vision_2-3] VISION FPS=30.0
[target_vision_2-3] Library QUIRC is not linked. No decoding is performed. Take it to the OpenCV repository.
[target_vision_2-3] VISION PERF read=14.0ms detect=234.8ms/detect post=3.5ms display=15.7ms
[target_vision_2-3] VISION FPS=30.0
[target_vision_2-3] VISION PERF read=14.1ms detect=232.9ms/detect post=3.6ms display=15.6ms
[target_vision_2-3] VISION FPS=30.0
[target_vision_2-3] Library QUIRC is not linked. No decoding is performed. Take it to the OpenCV repository.
[target_vision_2-3] VISION PERF read=14.4ms detect=254.4ms/detect post=3.3ms display=15.4ms
[target_vision_2-3] VISION FPS=30.0
[target_vision_2-3] Library QUIRC is not linked. No decoding is performed. Take it to the OpenCV repository.
[target_vision_2-3] VISION PERF read=13.8ms detect=245.0ms/detect post=3.9ms display=15.6ms
[target_vision_2-3] Library QUIRC is not linked. No decoding is performed. Take it to the OpenCV repository.
[target_vision_2-3] VISION FPS=30.1
[target_vision_2-3] Library QUIRC is not linked. No decoding is performed. Take it to the OpenCV repository.
[target_vision_2-3] VISION PERF read=13.8ms detect=231.9ms/detect post=3.5ms display=15.9ms
[target_vision_2-3] VISION FPS=30.1
[target_vision_2-3] VISION PERF read=13.9ms detect=230.5ms/detect post=3.6ms display=15.7ms
[target_vision_2-3] VISION FPS=30.1
[target_vision_2-3] Library QUIRC is not linked. No decoding is performed. Take it to the OpenCV repository.
[target_vision_2-3] VISION PERF read=13.7ms detect=232.3ms/detect post=3.7ms display=15.9ms
[target_vision_2-3] VISION FPS=30.0
[target_vision_2-3] Library QUIRC is not linked. No decoding is performed. Take it to the OpenCV repository.
[target_vision_2-3] VISION PERF read=13.0ms detect=237.7ms/detect post=3.8ms display=16.4ms
[target_vision_2-3] VISION FPS=29.8
[target_vision_2-3] VISION PERF read=14.0ms detect=235.0ms/detect post=3.7ms display=15.5ms
[target_vision_2-3] VISION FPS=30.0
[target_vision_2-3] Library QUIRC is not linked. No decoding is performed. Take it to the OpenCV repository.
[target_vision_2-3] Library QUIRC is not linked. No decoding is performed. Take it to the OpenCV repository.
[target_vision_2-3] VISION PERF read=14.0ms detect=246.2ms/detect post=3.7ms display=15.4ms
[target_vision_2-3] VISION FPS=30.2
[target_vision_2-3] VISION PERF read=13.4ms detect=230.1ms/detect post=3.6ms display=16.2ms
[target_vision_2-3] VISION FPS=30.1
[target_vision_2-3] VISION PERF read=13.8ms detect=228.6ms/detect post=4.0ms display=15.6ms
[target_vision_2-3] VISION FPS=29.9
[target_vision_2-3] Library QUIRC is not linked. No decoding is performed. Take it to the OpenCV repository.
[target_vision_2-3] Library QUIRC is not linked. No decoding is performed. Take it to the OpenCV repository.
[target_vision_2-3] VISION PERF read=13.5ms detect=232.2ms/detect post=3.4ms display=16.2ms
[target_vision_2-3] VISION FPS=30.0
[target_vision_2-3] VISION PERF read=13.9ms detect=250.5ms/detect post=3.7ms display=15.7ms
[target_vision_2-3] VISION FPS=30.3
[target_vision_2-3] VISION PERF read=14.3ms detect=257.9ms/detect post=3.5ms display=15.5ms
[target_vision_2-3] VISION FPS=30.2
[target_vision_2-3] Library QUIRC is not linked. No decoding is performed. Take it to the OpenCV repository.
[target_vision_2-3] VISION PERF read=13.4ms detect=240.2ms/detect post=3.4ms display=16.4ms
[target_vision_2-3] VISION FPS=29.8
[target_vision_2-3] Library QUIRC is not linked. No decoding is performed. Take it to the OpenCV repository.
[target_vision_2-3] VISION PERF read=13.7ms detect=238.3ms/detect post=3.5ms display=16.1ms
[target_vision_2-3] VISION FPS=29.6
[target_vision_2-3] VISION PERF read=13.2ms detect=266.9ms/detect post=3.7ms display=16.3ms
[target_vision_2-3] VISION FPS=30.3
[target_vision_2-3] VISION PERF read=13.2ms detect=256.3ms/detect post=3.5ms display=16.5ms
[target_vision_2-3] VISION FPS=30.1
[target_vision_2-3] VISION PERF read=13.8ms detect=243.8ms/detect post=3.8ms display=15.6ms
[target_vision_2-3] VISION FPS=30.1
[target_vision_2-3] VISION PERF read=14.0ms detect=249.6ms/detect post=3.5ms display=15.8ms
[target_vision_2-3] VISION FPS=29.9
[target_vision_2-3] VISION PERF read=13.7ms detect=243.7ms/detect post=3.6ms display=15.8ms
[target_vision_2-3] VISION FPS=29.6
[target_vision_2-3] Library QUIRC is not linked. No decoding is performed. Take it to the OpenCV repository.
[target_vision_2-3] Library QUIRC is not linked. No decoding is performed. Take it to the OpenCV repository.
[target_vision_2-3] Library QUIRC is not linked. No decoding is performed. Take it to the OpenCV repository.
[target_vision_2-3] VISION PERF read=14.3ms detect=240.2ms/detect post=3.5ms display=15.5ms
[target_vision_2-3] VISION FPS=29.9
[target_vision_2-3] Library QUIRC is not linked. No decoding is performed. Take it to the OpenCV repository.
[target_vision_2-3] VISION PERF read=13.8ms detect=239.3ms/detect post=3.7ms display=15.8ms
[target_vision_2-3] VISION FPS=29.9
[target_vision_2-3] Library QUIRC is not linked. No decoding is performed. Take it to the OpenCV repository.
[target_vision_2-3] Library QUIRC is not linked. No decoding is performed. Take it to the OpenCV repository.
[target_vision_2-3] VISION PERF read=13.3ms detect=240.4ms/detect post=3.9ms display=16.1ms
[target_vision_2-3] VISION FPS=30.1
[target_vision_2-3] VISION PERF read=13.6ms detect=236.8ms/detect post=3.5ms display=16.1ms
[target_vision_2-3] VISION FPS=29.9
[target_vision_2-3] Library QUIRC is not linked. No decoding is performed. Take it to the OpenCV repository.
[target_vision_2-3] VISION PERF read=13.4ms detect=238.0ms/detect post=3.7ms display=16.1ms
[target_vision_2-3] VISION FPS=30.1
[target_vision_2-3] VISION PERF read=13.1ms detect=240.8ms/detect post=4.1ms display=16.1ms
[target_vision_2-3] VISION FPS=29.9
[target_vision_2-3] Library QUIRC is not linked. No decoding is performed. Take it to the OpenCV repository.
[target_vision_2-3] VISION PERF read=13.9ms detect=240.4ms/detect post=3.6ms display=15.7ms
[target_vision_2-3] Library QUIRC is not linked. No decoding is performed. Take it to the OpenCV repository.
[target_vision_2-3] VISION FPS=29.9
[target_vision_2-3] Library QUIRC is not linked. No decoding is performed. Take it to the OpenCV repository.
[target_vision_2-3] VISION PERF read=13.3ms detect=242.7ms/detect post=3.6ms display=16.3ms
[target_vision_2-3] VISION FPS=29.9
[target_vision_2-3] VISION PERF read=13.6ms detect=236.0ms/detect post=3.8ms display=15.9ms
[target_vision_2-3] VISION FPS=30.0
[target_vision_2-3] VISION PERF read=14.1ms detect=257.4ms/detect post=3.3ms display=15.7ms
[target_vision_2-3] VISION FPS=29.9
[target_vision_2-3] VISION PERF read=13.6ms detect=236.4ms/detect post=3.7ms display=16.0ms
[target_vision_2-3] VISION FPS=29.9
[target_vision_2-3] VISION PERF read=13.6ms detect=244.2ms/detect post=3.9ms display=15.8ms
[target_vision_2-3] VISION FPS=29.9
[target_vision_2-3] VISION PERF read=13.4ms detect=242.0ms/detect post=3.8ms display=16.0ms
[target_vision_2-3] VISION FPS=30.0
[target_vision_2-3] Library QUIRC is not linked. No decoding is performed. Take it to the OpenCV repository.
[target_vision_2-3] VISION PERF read=13.1ms detect=242.5ms/detect post=4.0ms display=16.2ms
[target_vision_2-3] VISION FPS=30.0
[target_vision_2-3] Library QUIRC is not linked. No decoding is performed. Take it to the OpenCV repository.
[target_vision_2-3] VISION PERF read=13.6ms detect=243.1ms/detect post=3.8ms display=15.8ms
[target_vision_2-3] VISION FPS=30.0
[target_vision_2-3] VISION PERF read=13.4ms detect=239.9ms/detect post=3.8ms display=16.1ms
[target_vision_2-3] VISION FPS=29.8
[target_vision_2-3] VISION PERF read=13.7ms detect=239.4ms/detect post=3.9ms display=15.7ms
[target_vision_2-3] Library QUIRC is not linked. No decoding is performed. Take it to the OpenCV repository.
[target_vision_2-3] VISION FPS=30.0
[target_vision_2-3] VISION PERF read=13.0ms detect=242.6ms/detect post=4.0ms display=16.2ms
[target_vision_2-3] VISION FPS=30.0
[target_vision_2-3] Library QUIRC is not linked. No decoding is performed. Take it to the OpenCV repository.
[target_vision_2-3] VISION PERF read=13.7ms detect=246.8ms/detect post=3.9ms display=15.5ms
[target_vision_2-3] VISION FPS=30.1
[target_vision_2-3] Library QUIRC is not linked. No decoding is performed. Take it to the OpenCV repository.
[target_vision_2-3] VISION PERF read=14.0ms detect=241.6ms/detect post=3.6ms display=15.6ms
[target_vision_2-3] VISION FPS=30.0
[target_vision_2-3] VISION PERF read=13.2ms detect=248.7ms/detect post=3.3ms display=16.7ms
[target_vision_2-3] VISION FPS=29.7
[target_vision_2-3] VISION PERF read=12.5ms detect=256.1ms/detect post=3.7ms display=17.1ms
[target_vision_2-3] VISION FPS=29.8
[target_vision_2-3] Library QUIRC is not linked. No decoding is performed. Take it to the OpenCV repository.
[target_vision_2-3] VISION PERF read=13.1ms detect=258.2ms/detect post=3.5ms display=16.6ms
[target_vision_2-3] Library QUIRC is not linked. No decoding is performed. Take it to the OpenCV repository.
[target_vision_2-3] VISION FPS=30.2
[target_vision_2-3] VISION PERF read=12.9ms detect=250.5ms/detect post=3.6ms display=16.7ms
[target_vision_2-3] VISION FPS=30.0
[target_vision_2-3] Library QUIRC is not linked. No decoding is performed. Take it to the OpenCV repository.
[target_vision_2-3] VISION PERF read=13.3ms detect=276.4ms/detect post=3.5ms display=16.4ms
[target_vision_2-3] VISION FPS=30.1
[target_vision_2-3] VISION PERF read=13.8ms detect=251.6ms/detect post=3.3ms display=16.2ms
[target_vision_2-3] VISION FPS=30.1
[target_vision_2-3] VISION PERF read=13.8ms detect=252.7ms/detect post=3.2ms display=16.2ms
[target_vision_2-3] VISION FPS=29.9
[target_vision_2-3] Library QUIRC is not linked. No decoding is performed. Take it to the OpenCV repository.
[target_vision_2-3] VISION PERF read=13.6ms detect=259.2ms/detect post=3.5ms display=16.0ms
[target_vision_2-3] VISION FPS=29.8
[target_vision_2-3] Library QUIRC is not linked. No decoding is performed. Take it to the OpenCV repository.
[target_vision_2-3] Library QUIRC is not linked. No decoding is performed. Take it to the OpenCV repository.
[target_vision_2-3] Library QUIRC is not linked. No decoding is performed. Take it to the OpenCV repository.
[target_vision_2-3] Library QUIRC is not linked. No decoding is performed. Take it to the OpenCV repository.
[target_vision_2-3] VISION PERF read=12.7ms detect=258.7ms/detect post=3.6ms display=17.1ms
[target_vision_2-3] VISION FPS=29.8
[target_vision_2-3] Library QUIRC is not linked. No decoding is performed. Take it to the OpenCV repository.
[target_vision_2-3] Library QUIRC is not linked. No decoding is performed. Take it to the OpenCV repository.
[target_vision_2-3] Library QUIRC is not linked. No decoding is performed. Take it to the OpenCV repository.
[target_vision_2-3] VISION PERF read=13.5ms detect=256.8ms/detect post=3.2ms display=16.5ms
[target_vision_2-3] VISION FPS=29.9
[target_vision_2-3] Library QUIRC is not linked. No decoding is performed. Take it to the OpenCV repository.
[target_vision_2-3] VISION PERF read=13.0ms detect=256.3ms/detect post=3.2ms display=17.0ms
[target_vision_2-3] VISION FPS=30.0
[target_vision_2-3] VISION PERF read=13.4ms detect=253.8ms/detect post=3.6ms display=16.3ms
[target_vision_2-3] VISION FPS=30.1
[target_vision_2-3] Library QUIRC is not linked. No decoding is performed. Take it to the OpenCV repository.
[target_vision_2-3] VISION PERF read=12.9ms detect=252.4ms/detect post=3.4ms display=16.9ms
[target_vision_2-3] VISION FPS=30.0
[target_vision_2-3] Library QUIRC is not linked. No decoding is performed. Take it to the OpenCV repository.
[target_vision_2-3] Library QUIRC is not linked. No decoding is performed. Take it to the OpenCV repository.
[target_vision_2-3] Library QUIRC is not linked. No decoding is performed. Take it to the OpenCV repository.
[target_vision_2-3] VISION PERF read=13.2ms detect=255.7ms/detect post=3.7ms display=16.3ms
[target_vision_2-3] VISION FPS=30.0
[target_vision_2-3] Library QUIRC is not linked. No decoding is performed. Take it to the OpenCV repository.
[target_vision_2-3] Library QUIRC is not linked. No decoding is performed. Take it to the OpenCV repository.
[target_vision_2-3] Library QUIRC is not linked. No decoding is performed. Take it to the OpenCV repository.
[target_vision_2-3] VISION PERF read=13.1ms detect=256.6ms/detect post=3.4ms display=16.7ms
[target_vision_2-3] VISION FPS=30.0
[target_vision_2-3] VISION PERF read=14.0ms detect=256.9ms/detect post=3.5ms display=15.8ms
[target_vision_2-3] VISION FPS=29.8
[target_vision_2-3] Library QUIRC is not linked. No decoding is performed. Take it to the OpenCV repository.
[target_vision_2-3] VISION PERF read=13.2ms detect=253.2ms/detect post=3.5ms display=16.5ms
[target_vision_2-3] Library QUIRC is not linked. No decoding is performed. Take it to the OpenCV repository.
[target_vision_2-3] VISION FPS=30.0
[target_vision_2-3] VISION PERF read=13.5ms detect=257.6ms/detect post=3.3ms display=16.3ms
[target_vision_2-3] VISION FPS=29.9
[target_vision_2-3] Library QUIRC is not linked. No decoding is performed. Take it to the OpenCV repository.
[target_vision_2-3] VISION PERF read=13.7ms detect=258.9ms/detect post=3.4ms display=16.2ms
[target_vision_2-3] VISION FPS=30.0
[target_vision_2-3] Library QUIRC is not linked. No decoding is performed. Take it to the OpenCV repository.
[target_vision_2-3] Library QUIRC is not linked. No decoding is performed. Take it to the OpenCV repository.
[target_vision_2-3] Library QUIRC is not linked. No decoding is performed. Take it to the OpenCV repository.
[target_vision_2-3] VISION PERF read=12.8ms detect=257.3ms/detect post=3.8ms display=16.6ms
[target_vision_2-3] VISION FPS=30.0
[target_vision_2-3] Library QUIRC is not linked. No decoding is performed. Take it to the OpenCV repository.
[target_vision_2-3] VISION PERF read=13.1ms detect=258.9ms/detect post=3.3ms display=16.8ms
[target_vision_2-3] VISION FPS=29.7
[target_vision_2-3] VISION PERF read=13.7ms detect=252.0ms/detect post=3.5ms display=16.1ms
[target_vision_2-3] VISION FPS=29.9
[target_vision_2-3] VISION PERF read=12.9ms detect=252.8ms/detect post=3.8ms display=16.7ms
[target_vision_2-3] VISION FPS=29.7
[target_vision_2-3] Library QUIRC is not linked. No decoding is performed. Take it to the OpenCV repository.
[target_vision_2-3] VISION PERF read=12.9ms detect=256.8ms/detect post=3.6ms display=16.8ms
[target_vision_2-3] VISION FPS=29.8
[target_vision_2-3] Library QUIRC is not linked. No decoding is performed. Take it to the OpenCV repository.
[target_vision_2-3] VISION PERF read=13.8ms detect=256.7ms/detect post=3.5ms display=15.8ms
[target_vision_2-3] VISION FPS=30.0
[target_vision_2-3] VISION PERF read=13.4ms detect=259.5ms/detect post=3.5ms display=16.4ms
[target_vision_2-3] VISION FPS=30.2
[target_vision_2-3] Library QUIRC is not linked. No decoding is performed. Take it to the OpenCV repository.
[target_vision_2-3] VISION PERF read=13.3ms detect=255.0ms/detect post=3.4ms display=16.6ms
[target_vision_2-3] VISION FPS=29.6
[target_vision_2-3] Library QUIRC is not linked. No decoding is performed. Take it to the OpenCV repository.
[target_vision_2-3] VISION PERF read=13.0ms detect=284.8ms/detect post=3.5ms display=16.7ms
[target_vision_2-3] VISION FPS=30.2
[target_vision_2-3] Library QUIRC is not linked. No decoding is performed. Take it to the OpenCV repository.
[target_vision_2-3] VISION PERF read=13.9ms detect=263.5ms/detect post=3.4ms display=16.1ms
[target_vision_2-3] VISION FPS=30.1
[target_vision_2-3] VISION PERF read=13.1ms detect=252.3ms/detect post=3.7ms display=16.5ms
[target_vision_2-3] VISION FPS=30.0
[target_vision_2-3] VISION PERF read=13.4ms detect=245.1ms/detect post=3.6ms display=16.1ms
[target_vision_2-3] VISION FPS=30.8
[target_vision_2-3] VISION PERF read=13.4ms detect=249.2ms/detect post=3.5ms display=16.4ms
[target_vision_2-3] VISION FPS=30.4
[target_vision_2-3] VISION PERF read=12.9ms detect=250.3ms/detect post=3.9ms display=16.5ms
[target_vision_2-3] VISION FPS=29.8
[target_vision_2-3] VISION PERF read=13.8ms detect=246.7ms/detect post=3.7ms display=15.6ms
[target_vision_2-3] VISION FPS=30.0
[target_vision_2-3] VISION PERF read=13.7ms detect=257.7ms/detect post=3.6ms display=16.0ms
[target_vision_2-3] VISION FPS=30.2
[target_vision_2-3] VISION PERF read=13.7ms detect=253.7ms/detect post=3.7ms display=15.9ms
[target_vision_2-3] VISION FPS=29.8
[target_vision_2-3] VISION PERF read=14.5ms detect=255.0ms/detect post=3.1ms display=15.8ms
[target_vision_2-3] VISION FPS=30.0
[target_vision_2-3] Library QUIRC is not linked. No decoding is performed. Take it to the OpenCV repository.
[target_vision_2-3] VISION PERF read=14.6ms detect=252.8ms/detect post=2.9ms display=15.7ms
[target_vision_2-3] VISION FPS=30.9
[target_vision_2-3] VISION PERF read=13.9ms detect=238.5ms/detect post=3.1ms display=16.2ms
[target_vision_2-3] VISION FPS=30.4
[target_vision_2-3] Library QUIRC is not linked. No decoding is performed. Take it to the OpenCV repository.
[target_vision_2-3] VISION PERF read=14.3ms detect=236.8ms/detect post=3.7ms display=15.4ms
[target_vision_2-3] VISION FPS=29.6
[target_vision_2-3] Library QUIRC is not linked. No decoding is performed. Take it to the OpenCV repository.
[target_vision_2-3] VISION PERF read=13.1ms detect=243.6ms/detect post=3.8ms display=16.2ms
[target_vision_2-3] VISION FPS=29.7
[target_vision_2-3] VISION PERF read=13.3ms detect=239.5ms/detect post=4.1ms display=15.8ms
[target_vision_2-3] VISION FPS=29.9
[target_vision_2-3] VISION PERF read=13.9ms detect=244.1ms/detect post=3.6ms display=15.8ms
[target_vision_2-3] VISION FPS=30.0
[target_vision_2-3] VISION PERF read=14.3ms detect=244.0ms/detect post=3.2ms display=15.7ms
[target_vision_2-3] VISION FPS=29.8
[target_vision_2-3] VISION PERF read=14.0ms detect=239.8ms/detect post=3.3ms display=15.9ms
[target_vision_2-3] Library QUIRC is not linked. No decoding is performed. Take it to the OpenCV repository.
[target_vision_2-3] VISION FPS=30.1
[target_vision_2-3] VISION PERF read=13.7ms detect=242.0ms/detect post=3.7ms display=15.9ms
[target_vision_2-3] VISION FPS=30.0
[target_vision_2-3] VISION PERF read=14.4ms detect=230.4ms/detect post=3.1ms display=15.7ms
[target_vision_2-3] VISION FPS=30.1
[target_vision_2-3] VISION PERF read=14.4ms detect=227.8ms/detect post=3.3ms display=15.5ms
[target_vision_2-3] VISION FPS=30.4
[target_vision_2-3] VISION PERF read=13.8ms detect=227.4ms/detect post=3.6ms display=15.7ms
[target_vision_2-3] VISION FPS=29.9
[target_vision_2-3] VISION PERF read=13.9ms detect=227.9ms/detect post=3.6ms display=15.7ms
[target_vision_2-3] VISION FPS=30.0
[target_vision_2-3] VISION PERF read=13.6ms detect=227.1ms/detect post=3.8ms display=15.9ms
[target_vision_2-3] VISION FPS=30.0
[target_vision_2-3] VISION PERF read=13.9ms detect=225.4ms/detect post=3.5ms display=15.8ms
[target_vision_2-3] VISION FPS=29.9
[target_vision_2-3] VISION PERF read=14.3ms detect=222.6ms/detect post=3.6ms display=15.4ms
[target_vision_2-3] Library QUIRC is not linked. No decoding is performed. Take it to the OpenCV repository.
[target_vision_2-3] VISION FPS=30.0
[target_vision_2-3] Library QUIRC is not linked. No decoding is performed. Take it to the OpenCV repository.
[target_vision_2-3] VISION PERF read=13.6ms detect=230.5ms/detect post=4.1ms display=15.6ms
[target_vision_2-3] VISION FPS=30.2
[target_vision_2-3] VISION PERF read=13.8ms detect=225.3ms/detect post=3.6ms display=15.8ms
[target_vision_2-3] VISION FPS=30.1
[target_vision_2-3] VISION PERF read=13.7ms detect=227.0ms/detect post=3.8ms display=15.8ms
[target_vision_2-3] VISION FPS=29.9
[target_vision_2-3] VISION PERF read=14.0ms detect=229.2ms/detect post=3.8ms display=15.5ms
[target_vision_2-3] VISION FPS=30.1
[target_vision_2-3] VISION PERF read=14.0ms detect=227.6ms/detect post=3.8ms display=15.4ms
[target_vision_2-3] VISION FPS=30.0
[target_vision_2-3] VISION PERF read=14.3ms detect=226.5ms/detect post=3.5ms display=15.5ms
[target_vision_2-3] VISION FPS=30.0
[target_vision_2-3] VISION PERF read=13.6ms detect=227.2ms/detect post=3.8ms display=16.0ms
[target_vision_2-3] VISION FPS=30.1
[target_vision_2-3] VISION PERF read=13.9ms detect=224.8ms/detect post=3.9ms display=15.3ms
[target_vision_2-3] VISION FPS=30.0
[target_vision_2-3] VISION PERF read=13.9ms detect=228.5ms/detect post=3.7ms display=15.6ms
[target_vision_2-3] VISION FPS=30.0
[target_vision_2-3] VISION PERF read=14.1ms detect=222.7ms/detect post=3.7ms display=15.4ms
[target_vision_2-3] VISION FPS=30.1
[target_vision_2-3] VISION PERF read=14.3ms detect=230.7ms/detect post=3.4ms display=15.4ms
[target_vision_2-3] VISION FPS=30.1
[target_vision_2-3] VISION PERF read=14.2ms detect=256.1ms/detect post=3.6ms display=15.5ms
[target_vision_2-3] VISION FPS=30.0
[target_vision_2-3] VISION PERF read=13.7ms detect=225.1ms/detect post=3.9ms display=15.7ms
[target_vision_2-3] VISION FPS=30.0
[target_vision_2-3] VISION PERF read=13.5ms detect=228.9ms/detect post=3.8ms display=15.9ms
[target_vision_2-3] VISION FPS=30.2
[target_vision_2-3] Library QUIRC is not linked. No decoding is performed. Take it to the OpenCV repository.
[target_vision_2-3] VISION PERF read=14.3ms detect=242.4ms/detect post=3.7ms display=15.2ms
[target_vision_2-3] VISION FPS=30.2
[target_vision_2-3] Library QUIRC is not linked. No decoding is performed. Take it to the OpenCV repository.
[target_vision_2-3] VISION PERF read=13.9ms detect=227.2ms/detect post=3.8ms display=15.5ms
[target_vision_2-3] VISION FPS=30.2
[target_vision_2-3] VISION PERF read=13.7ms detect=227.0ms/detect post=3.7ms display=15.9ms
[target_vision_2-3] VISION FPS=30.2
[target_vision_2-3] VISION PERF read=13.4ms detect=225.0ms/detect post=3.6ms display=16.2ms
[target_vision_2-3] VISION FPS=29.9
[target_vision_2-3] VISION PERF read=14.3ms detect=226.4ms/detect post=3.5ms display=15.4ms
[target_vision_2-3] VISION FPS=30.1
[target_vision_2-3] Library QUIRC is not linked. No decoding is performed. Take it to the OpenCV repository.
[target_vision_2-3] VISION PERF read=14.2ms detect=226.2ms/detect post=3.6ms display=15.5ms
[target_vision_2-3] VISION FPS=29.6
[target_vision_2-3] VISION PERF read=13.9ms detect=222.1ms/detect post=3.4ms display=15.9ms
[target_vision_2-3] Library QUIRC is not linked. No decoding is performed. Take it to the OpenCV repository.
[target_vision_2-3] VISION FPS=30.0
[target_vision_2-3] Library QUIRC is not linked. No decoding is performed. Take it to the OpenCV repository.
[target_vision_2-3] Library QUIRC is not linked. No decoding is performed. Take it to the OpenCV repository.
[target_vision_2-3] VISION PERF read=13.6ms detect=229.4ms/detect post=3.6ms display=16.0ms
[target_vision_2-3] VISION FPS=30.1
[target_vision_2-3] VISION PERF read=13.9ms detect=224.0ms/detect post=3.7ms display=15.7ms
[target_vision_2-3] VISION FPS=30.0
[target_vision_2-3] VISION PERF read=14.5ms detect=221.8ms/detect post=3.6ms display=15.1ms
[target_vision_2-3] VISION FPS=30.2
[target_vision_2-3] VISION PERF read=14.1ms detect=227.3ms/detect post=3.6ms display=15.6ms
[target_vision_2-3] VISION FPS=30.5
[target_vision_2-3] VISION PERF read=13.6ms detect=225.4ms/detect post=3.6ms display=16.0ms
[target_vision_2-3] VISION FPS=30.0
[target_vision_2-3] Library QUIRC is not linked. No decoding is performed. Take it to the OpenCV repository.
[target_vision_2-3] VISION PERF read=14.7ms detect=225.9ms/detect post=3.3ms display=15.2ms
[target_vision_2-3] VISION FPS=30.0
[target_vision_2-3] Library QUIRC is not linked. No decoding is performed. Take it to the OpenCV repository.
[target_vision_2-3] VISION PERF read=14.1ms detect=227.9ms/detect post=3.7ms display=15.4ms
[target_vision_2-3] VISION FPS=30.1
[target_vision_2-3] VISION PERF read=13.3ms detect=246.7ms/detect post=3.8ms display=16.3ms
[target_vision_2-3] Library QUIRC is not linked. No decoding is performed. Take it to the OpenCV repository.
[target_vision_2-3] VISION FPS=30.2
[target_vision_2-3] VISION PERF read=12.8ms detect=256.0ms/detect post=4.2ms display=16.1ms
[target_vision_2-3] Library QUIRC is not linked. No decoding is performed. Take it to the OpenCV repository.
[target_vision_2-3] VISION FPS=29.9
[target_vision_2-3] VISION PERF read=14.1ms detect=226.8ms/detect post=3.6ms display=15.4ms
[target_vision_2-3] VISION FPS=30.3
[target_vision_2-3] VISION PERF read=14.2ms detect=227.8ms/detect post=3.7ms display=15.4ms
[target_vision_2-3] VISION FPS=30.0
[target_vision_2-3] VISION PERF read=13.5ms detect=229.2ms/detect post=4.0ms display=15.7ms
[target_vision_2-3] VISION FPS=30.1
[target_vision_2-3] VISION PERF read=13.0ms detect=229.9ms/detect post=4.1ms display=16.2ms
[target_vision_2-3] VISION FPS=30.1
[target_vision_2-3] VISION PERF read=13.4ms detect=232.4ms/detect post=4.1ms display=15.7ms
[target_vision_2-3] VISION FPS=30.0
[target_vision_2-3] VISION PERF read=13.6ms detect=228.3ms/detect post=4.3ms display=15.3ms
[target_vision_2-3] VISION FPS=30.1
[target_vision_2-3] VISION PERF read=14.2ms detect=222.9ms/detect post=3.7ms display=15.4ms
[target_vision_2-3] VISION FPS=29.8
[target_vision_2-3] VISION PERF read=13.3ms detect=229.5ms/detect post=4.1ms display=15.7ms
[target_vision_2-3] VISION FPS=30.0
[target_vision_2-3] Library QUIRC is not linked. No decoding is performed. Take it to the OpenCV repository.
[target_vision_2-3] VISION PERF read=13.1ms detect=230.9ms/detect post=4.0ms display=16.1ms
[target_vision_2-3] VISION FPS=30.0
[target_vision_2-3] VISION PERF read=13.5ms detect=229.3ms/detect post=4.2ms display=15.5ms
[target_vision_2-3] VISION FPS=30.0
[target_vision_2-3] VISION PERF read=14.0ms detect=226.2ms/detect post=4.2ms display=15.1ms
[target_vision_2-3] VISION FPS=30.1
[target_vision_2-3] Library QUIRC is not linked. No decoding is performed. Take it to the OpenCV repository.
[target_vision_2-3] VISION PERF read=13.1ms detect=229.6ms/detect post=4.2ms display=15.9ms
[target_vision_2-3] VISION FPS=30.1
[target_vision_2-3] VISION PERF read=13.6ms detect=227.8ms/detect post=4.2ms display=15.5ms
[target_vision_2-3] VISION FPS=30.0
[target_vision_2-3] VISION PERF read=13.5ms detect=231.4ms/detect post=3.7ms display=16.0ms
[target_vision_2-3] VISION FPS=30.0
[target_vision_2-3] VISION PERF read=13.9ms detect=231.9ms/detect post=4.1ms display=15.3ms
[target_vision_2-3] VISION FPS=29.9
[target_vision_2-3] VISION PERF read=13.4ms detect=236.5ms/detect post=4.1ms display=15.7ms
[target_vision_2-3] VISION FPS=30.1
[target_vision_2-3] VISION PERF read=13.4ms detect=231.6ms/detect post=4.0ms display=15.8ms
[target_vision_2-3] VISION FPS=30.0
[target_vision_2-3] VISION PERF read=13.4ms detect=234.0ms/detect post=4.1ms display=15.8ms
[target_vision_2-3] VISION FPS=30.1
[target_vision_2-3] VISION PERF read=13.9ms detect=227.2ms/detect post=3.9ms display=15.3ms
[target_vision_2-3] VISION FPS=30.1
[target_vision_2-3] VISION PERF read=13.4ms detect=233.4ms/detect post=3.8ms display=16.1ms
[target_vision_2-3] VISION FPS=30.1
[target_vision_2-3] VISION PERF read=13.7ms detect=227.4ms/detect post=3.8ms display=15.8ms
[target_vision_2-3] VISION FPS=30.1
[target_vision_2-3] VISION PERF read=13.3ms detect=230.8ms/detect post=3.9ms display=16.0ms
[target_vision_2-3] VISION FPS=30.0
[target_vision_2-3] VISION PERF read=12.9ms detect=232.8ms/detect post=4.5ms display=15.9ms
[target_vision_2-3] VISION FPS=30.0
[target_vision_2-3] VISION PERF read=13.1ms detect=231.7ms/detect post=4.3ms display=15.8ms
[target_vision_2-3] VISION FPS=30.0
[target_vision_2-3] VISION PERF read=13.4ms detect=228.7ms/detect post=4.3ms display=15.6ms
[target_vision_2-3] VISION FPS=30.2
[target_vision_2-3] VISION PERF read=13.1ms detect=233.7ms/detect post=3.8ms display=16.3ms
[target_vision_2-3] VISION FPS=30.1
[target_vision_2-3] VISION PERF read=13.4ms detect=233.2ms/detect post=4.0ms display=15.9ms
[target_vision_2-3] VISION FPS=30.0
[target_vision_2-3] VISION PERF read=13.6ms detect=233.8ms/detect post=3.7ms display=15.8ms
[target_vision_2-3] VISION FPS=30.1
[target_vision_2-3] VISION PERF read=13.7ms detect=231.3ms/detect post=4.2ms display=15.4ms
[target_vision_2-3] VISION FPS=29.7
[target_vision_2-3] VISION PERF read=13.1ms detect=231.3ms/detect post=4.2ms display=16.0ms
[target_vision_2-3] VISION FPS=30.0
[target_vision_2-3] VISION PERF read=13.3ms detect=231.3ms/detect post=4.4ms display=15.6ms
[target_vision_2-3] VISION FPS=30.0
[target_vision_2-3] VISION PERF read=13.5ms detect=228.1ms/detect post=4.2ms display=15.5ms
[target_vision_2-3] VISION FPS=30.1
[target_vision_2-3] Library QUIRC is not linked. No decoding is performed. Take it to the OpenCV repository.
[target_vision_2-3] VISION PERF read=13.5ms detect=235.8ms/detect post=3.9ms display=15.8ms
[target_vision_2-3] VISION FPS=29.8
[target_vision_2-3] VISION PERF read=13.1ms detect=233.1ms/detect post=4.5ms display=15.7ms
[target_vision_2-3] VISION FPS=30.0
[target_vision_2-3] VISION PERF read=14.3ms detect=218.3ms/detect post=3.1ms display=15.7ms
[target_vision_2-3] VISION FPS=29.7
[target_vision_2-3] Library QUIRC is not linked. No decoding is performed. Take it to the OpenCV repository.
[target_vision_2-3] VISION PERF read=14.5ms detect=222.3ms/detect post=3.2ms display=15.6ms
[target_vision_2-3] VISION FPS=30.0
[target_vision_2-3] Library QUIRC is not linked. No decoding is performed. Take it to the OpenCV repository.
[target_vision_2-3] VISION PERF read=13.8ms detect=227.6ms/detect post=4.0ms display=15.5ms
[target_vision_2-3] VISION FPS=30.1
[target_vision_2-3] VISION PERF read=13.5ms detect=230.8ms/detect post=3.9ms display=16.0ms
[target_vision_2-3] VISION FPS=30.4
[target_vision_2-3] Library QUIRC is not linked. No decoding is performed. Take it to the OpenCV repository.
[target_vision_2-3] VISION PERF read=12.5ms detect=232.1ms/detect post=4.4ms display=16.2ms
[target_vision_2-3] VISION FPS=30.0
[target_vision_2-3] VISION PERF read=13.4ms detect=229.1ms/detect post=3.9ms display=16.0ms
[target_vision_2-3] VISION FPS=30.1
[target_vision_2-3] VISION PERF read=12.9ms detect=230.9ms/detect post=4.4ms display=16.1ms
[target_vision_2-3] VISION FPS=29.9
[target_vision_2-3] Library QUIRC is not linked. No decoding is performed. Take it to the OpenCV repository.
[target_vision_2-3] VISION PERF read=12.7ms detect=233.1ms/detect post=4.3ms display=16.2ms
[target_vision_2-3] VISION FPS=29.7
[target_vision_2-3] Library QUIRC is not linked. No decoding is performed. Take it to the OpenCV repository.
[target_vision_2-3] VISION PERF read=13.4ms detect=226.1ms/detect post=3.8ms display=16.2ms
[target_vision_2-3] VISION FPS=30.0
[target_vision_2-3] VISION PERF read=13.2ms detect=228.4ms/detect post=4.1ms display=15.8ms
[target_vision_2-3] VISION FPS=30.0
[target_vision_2-3] Library QUIRC is not linked. No decoding is performed. Take it to the OpenCV repository.
[target_vision_2-3] VISION PERF read=13.7ms detect=231.9ms/detect post=4.1ms display=15.5ms
[target_vision_2-3] VISION FPS=30.0
[target_vision_2-3] VISION PERF read=13.0ms detect=228.4ms/detect post=4.5ms display=15.8ms
[target_vision_2-3] VISION FPS=30.2
[target_vision_2-3] VISION PERF read=13.0ms detect=228.3ms/detect post=4.1ms display=16.1ms
[target_vision_2-3] VISION FPS=29.8
[target_vision_2-3] VISION PERF read=13.1ms detect=228.2ms/detect post=4.0ms display=16.2ms
[target_vision_2-3] VISION FPS=30.0
[target_vision_2-3] VISION PERF read=13.6ms detect=229.6ms/detect post=4.0ms display=15.6ms
[target_vision_2-3] VISION FPS=30.3
[target_vision_2-3] Library QUIRC is not linked. No decoding is performed. Take it to the OpenCV repository.
[target_vision_2-3] Library QUIRC is not linked. No decoding is performed. Take it to the OpenCV repository.
[target_vision_2-3] VISION PERF read=14.3ms detect=225.6ms/detect post=3.8ms display=15.1ms
[target_vision_2-3] VISION FPS=30.6
[target_vision_2-3] VISION PERF read=13.3ms detect=235.2ms/detect post=4.1ms display=15.8ms
[target_vision_2-3] VISION FPS=30.0
[target_vision_2-3] VISION PERF read=13.4ms detect=229.4ms/detect post=4.2ms display=15.6ms
[target_vision_2-3] VISION FPS=30.1
[target_vision_2-3] VISION PERF read=13.8ms detect=228.9ms/detect post=3.8ms display=15.7ms
[target_vision_2-3] VISION FPS=30.1
[target_vision_2-3] Library QUIRC is not linked. No decoding is performed. Take it to the OpenCV repository.
[target_vision_2-3] VISION PERF read=13.6ms detect=229.6ms/detect post=4.2ms display=15.4ms
[target_vision_2-3] VISION FPS=30.3
[target_vision_2-3] VISION PERF read=13.0ms detect=230.9ms/detect post=4.1ms display=16.2ms
[target_vision_2-3] VISION FPS=29.9
[target_vision_2-3] VISION PERF read=13.1ms detect=227.1ms/detect post=4.0ms display=16.1ms
[target_vision_2-3] VISION FPS=30.0
[target_vision_2-3] VISION PERF read=12.9ms detect=229.0ms/detect post=4.2ms display=16.0ms
[target_vision_2-3] VISION FPS=29.9
[target_vision_2-3] VISION PERF read=13.5ms detect=229.1ms/detect post=3.9ms display=15.9ms
[target_vision_2-3] VISION FPS=30.0
[target_vision_2-3] VISION PERF read=13.6ms detect=226.2ms/detect post=4.0ms display=15.6ms
[target_vision_2-3] VISION FPS=29.9
[target_vision_2-3] VISION PERF read=12.4ms detect=232.3ms/detect post=4.2ms display=16.6ms
[target_vision_2-3] VISION FPS=30.0
[target_vision_2-3] VISION PERF read=13.4ms detect=227.9ms/detect post=3.9ms display=16.0ms
[target_vision_2-3] VISION FPS=29.9
[target_vision_2-3] Library QUIRC is not linked. No decoding is performed. Take it to the OpenCV repository.
[target_vision_2-3] VISION PERF read=13.1ms detect=228.8ms/detect post=4.1ms display=16.0ms
[target_vision_2-3] VISION FPS=30.0
[target_vision_2-3] VISION PERF read=13.6ms detect=229.1ms/detect post=4.0ms display=15.7ms
[target_vision_2-3] VISION FPS=30.0
[target_vision_2-3] VISION PERF read=13.6ms detect=224.4ms/detect post=3.7ms display=15.9ms
[target_vision_2-3] VISION FPS=29.7
[target_vision_2-3] VISION PERF read=13.7ms detect=225.4ms/detect post=4.0ms display=15.6ms
[target_vision_2-3] VISION FPS=29.9
[target_vision_2-3] VISION PERF read=13.9ms detect=229.1ms/detect post=3.8ms display=15.5ms
[target_vision_2-3] VISION FPS=30.0
[target_vision_2-3] Library QUIRC is not linked. No decoding is performed. Take it to the OpenCV repository.
[target_vision_2-3] VISION PERF read=12.7ms detect=229.8ms/detect post=4.1ms display=16.4ms
[target_vision_2-3] VISION FPS=30.4
[target_vision_2-3] VISION PERF read=12.8ms detect=231.6ms/detect post=4.1ms display=16.2ms
[target_vision_2-3] VISION FPS=30.2
[target_vision_2-3] VISION PERF read=13.2ms detect=231.7ms/detect post=4.1ms display=16.0ms
[target_vision_2-3] VISION FPS=30.0
[target_vision_2-3] Library QUIRC is not linked. No decoding is performed. Take it to the OpenCV repository.
[target_vision_2-3] VISION PERF read=13.4ms detect=230.5ms/detect post=4.1ms display=15.9ms
[target_vision_2-3] Library QUIRC is not linked. No decoding is performed. Take it to the OpenCV repository.
[target_vision_2-3] VISION FPS=30.2
[target_vision_2-3] VISION PERF read=13.1ms detect=228.4ms/detect post=4.4ms display=15.7ms
[target_vision_2-3] VISION FPS=29.9
[target_vision_2-3] VISION PERF read=13.4ms detect=228.7ms/detect post=4.0ms display=15.8ms
[target_vision_2-3] VISION FPS=29.7
[target_vision_2-3] VISION PERF read=13.0ms detect=229.9ms/detect post=4.2ms display=16.2ms
[target_vision_2-3] VISION FPS=29.8
[target_vision_2-3] VISION PERF read=14.0ms detect=221.7ms/detect post=3.5ms display=15.8ms
[target_vision_2-3] VISION FPS=30.0
[target_vision_2-3] VISION PERF read=14.4ms detect=220.3ms/detect post=3.0ms display=15.7ms
[target_vision_2-3] VISION FPS=30.0
[target_vision_2-3] VISION PERF read=14.2ms detect=227.8ms/detect post=3.5ms display=15.6ms
[target_vision_2-3] VISION FPS=30.0
[target_vision_2-3] VISION PERF read=14.1ms detect=226.4ms/detect post=3.9ms display=15.3ms
[target_vision_2-3] VISION FPS=30.0
[target_vision_2-3] VISION PERF read=13.8ms detect=220.2ms/detect post=3.7ms display=15.7ms
[target_vision_2-3] VISION FPS=29.9
[target_vision_2-3] VISION PERF read=14.5ms detect=228.8ms/detect post=3.3ms display=15.4ms
[target_vision_2-3] VISION FPS=29.8
[target_vision_2-3] Library QUIRC is not linked. No decoding is performed. Take it to the OpenCV repository.
[target_vision_2-3] VISION PERF read=14.1ms detect=225.3ms/detect post=3.4ms display=15.8ms
[target_vision_2-3] VISION FPS=30.2
[target_vision_2-3] VISION PERF read=13.9ms detect=229.3ms/detect post=3.6ms display=15.7ms
[target_vision_2-3] VISION FPS=30.2
[target_vision_2-3] VISION PERF read=14.0ms detect=221.2ms/detect post=3.6ms display=15.6ms
[target_vision_2-3] VISION FPS=30.0
[target_vision_2-3] VISION PERF read=13.5ms detect=221.3ms/detect post=3.6ms display=16.1ms
[target_vision_2-3] VISION FPS=30.0
[target_vision_2-3] VISION PERF read=14.3ms detect=223.1ms/detect post=3.5ms display=15.4ms
[target_vision_2-3] VISION FPS=30.2
[target_vision_2-3] VISION PERF read=14.1ms detect=220.5ms/detect post=3.6ms display=15.6ms
[target_vision_2-3] VISION FPS=30.1
[target_vision_2-3] VISION PERF read=14.3ms detect=221.7ms/detect post=3.6ms display=15.3ms
[target_vision_2-3] VISION FPS=30.1
[target_vision_2-3] VISION PERF read=14.2ms detect=218.5ms/detect post=3.6ms display=15.5ms
[target_vision_2-3] VISION FPS=29.9
[target_vision_2-3] VISION PERF read=13.9ms detect=222.4ms/detect post=3.5ms display=15.7ms
[target_vision_2-3] VISION FPS=30.1
[target_vision_2-3] VISION PERF read=14.1ms detect=221.1ms/detect post=3.5ms display=15.8ms
[target_vision_2-3] Library QUIRC is not linked. No decoding is performed. Take it to the OpenCV repository.
[target_vision_2-3] VISION FPS=30.3
[target_vision_2-3] VISION PERF read=13.6ms detect=225.9ms/detect post=3.4ms display=16.2ms
[target_vision_2-3] VISION FPS=29.9
[target_vision_2-3] VISION PERF read=14.2ms detect=225.1ms/detect post=3.6ms display=15.4ms
[target_vision_2-3] VISION FPS=30.0
[target_vision_2-3] VISION PERF read=13.8ms detect=224.9ms/detect post=3.6ms display=15.7ms
[target_vision_2-3] VISION FPS=30.1
[target_vision_2-3] Library QUIRC is not linked. No decoding is performed. Take it to the OpenCV repository.
[target_vision_2-3] VISION PERF read=14.1ms detect=223.5ms/detect post=3.7ms display=15.5ms
[target_vision_2-3] VISION FPS=30.0
[target_vision_2-3] VISION PERF read=13.8ms detect=221.5ms/detect post=3.5ms display=16.0ms
[target_vision_2-3] VISION FPS=30.0
[target_vision_2-3] VISION PERF read=14.1ms detect=227.9ms/detect post=3.5ms display=15.7ms
[target_vision_2-3] VISION FPS=30.0
[target_vision_2-3] VISION PERF read=13.4ms detect=225.9ms/detect post=3.5ms display=16.2ms
[target_vision_2-3] VISION FPS=30.1
[target_vision_2-3] VISION PERF read=14.5ms detect=228.0ms/detect post=3.6ms display=15.2ms
[target_vision_2-3] VISION FPS=30.0
[target_vision_2-3] VISION PERF read=13.9ms detect=224.3ms/detect post=3.4ms display=15.8ms
[target_vision_2-3] VISION FPS=30.0
[target_vision_2-3] VISION PERF read=14.0ms detect=222.9ms/detect post=3.8ms display=15.4ms
[target_vision_2-3] VISION FPS=29.9
[target_vision_2-3] VISION PERF read=13.8ms detect=224.8ms/detect post=3.7ms display=15.8ms
[target_vision_2-3] VISION FPS=30.1
[target_vision_2-3] VISION PERF read=13.9ms detect=220.7ms/detect post=3.7ms display=15.6ms
[target_vision_2-3] VISION FPS=30.0
[target_vision_2-3] VISION PERF read=13.5ms detect=226.9ms/detect post=3.7ms display=16.0ms
[target_vision_2-3] VISION FPS=30.0
[target_vision_2-3] VISION PERF read=14.6ms detect=211.0ms/detect post=2.8ms display=15.7ms
[target_vision_2-3] VISION FPS=30.1
[target_vision_2-3] Library QUIRC is not linked. No decoding is performed. Take it to the OpenCV repository.
[target_vision_2-3] VISION PERF read=14.6ms detect=230.2ms/detect post=3.3ms display=15.3ms
[target_vision_2-3] VISION FPS=30.1
[target_vision_2-3] VISION PERF read=14.6ms detect=211.0ms/detect post=3.8ms display=14.9ms
[target_vision_2-3] VISION FPS=30.0
[target_vision_2-3] Library QUIRC is not linked. No decoding is performed. Take it to the OpenCV repository.
[target_vision_2-3] VISION PERF read=14.1ms detect=221.5ms/detect post=3.8ms display=15.3ms
[target_vision_2-3] Library QUIRC is not linked. No decoding is performed. Take it to the OpenCV repository.
[target_vision_2-3] VISION FPS=30.1
[target_vision_2-3] VISION PERF read=14.0ms detect=219.8ms/detect post=3.7ms display=15.6ms
[target_vision_2-3] VISION FPS=30.3
[target_vision_2-3] VISION PERF read=13.6ms detect=220.1ms/detect post=3.6ms display=15.9ms
[target_vision_2-3] VISION FPS=30.1
[target_vision_2-3] Library QUIRC is not linked. No decoding is performed. Take it to the OpenCV repository.
[target_vision_2-3] VISION PERF read=14.2ms detect=222.0ms/detect post=3.6ms display=15.4ms
[target_vision_2-3] VISION FPS=29.8
[target_vision_2-3] VISION PERF read=13.6ms detect=219.1ms/detect post=3.6ms display=16.0ms
[target_vision_2-3] Library QUIRC is not linked. No decoding is performed. Take it to the OpenCV repository.
[target_vision_2-3] VISION FPS=30.2
[target_vision_2-3] VISION PERF read=14.2ms detect=222.2ms/detect post=3.5ms display=15.5ms
[target_vision_2-3] VISION FPS=30.2
[target_vision_2-3] VISION PERF read=13.7ms detect=221.0ms/detect post=3.5ms display=16.0ms
[target_vision_2-3] VISION FPS=30.0
[target_vision_2-3] VISION PERF read=13.3ms detect=219.7ms/detect post=3.6ms display=16.3ms
[target_vision_2-3] VISION FPS=30.0
[target_vision_2-3] VISION PERF read=13.8ms detect=221.0ms/detect post=3.7ms display=15.6ms
[target_vision_2-3] VISION FPS=29.9
[target_vision_2-3] VISION PERF read=13.8ms detect=219.6ms/detect post=3.6ms display=15.9ms
[target_vision_2-3] VISION FPS=30.0
[target_vision_2-3] VISION PERF read=13.9ms detect=224.5ms/detect post=3.5ms display=15.8ms
[target_vision_2-3] VISION FPS=30.1
[target_vision_2-3] Library QUIRC is not linked. No decoding is performed. Take it to the OpenCV repository.
[target_vision_2-3] VISION PERF read=14.0ms detect=222.1ms/detect post=3.7ms display=15.6ms
[target_vision_2-3] VISION FPS=30.4
[target_vision_2-3] Library QUIRC is not linked. No decoding is performed. Take it to the OpenCV repository.
[target_vision_2-3] VISION PERF read=14.3ms detect=222.2ms/detect post=3.6ms display=15.3ms
[target_vision_2-3] VISION FPS=29.8
[target_vision_2-3] VISION PERF read=14.1ms detect=220.6ms/detect post=3.9ms display=15.4ms
[target_vision_2-3] VISION FPS=29.9
[target_vision_2-3] VISION PERF read=13.5ms detect=221.0ms/detect post=3.8ms display=15.8ms
[target_vision_2-3] VISION FPS=30.1
[target_vision_2-3] VISION PERF read=13.9ms detect=220.3ms/detect post=3.7ms display=15.7ms
[target_vision_2-3] VISION FPS=30.1
[target_vision_2-3] VISION PERF read=14.2ms detect=221.3ms/detect post=3.4ms display=15.6ms
[target_vision_2-3] VISION FPS=30.2
[target_vision_2-3] VISION PERF read=13.8ms detect=221.2ms/detect post=3.9ms display=15.5ms
[target_vision_2-3] VISION FPS=30.1
[target_vision_2-3] VISION PERF read=14.0ms detect=221.0ms/detect post=3.9ms display=15.4ms
[target_vision_2-3] VISION FPS=30.0
[target_vision_2-3] VISION PERF read=13.8ms detect=222.6ms/detect post=3.5ms display=15.8ms
[target_vision_2-3] VISION FPS=30.1
[target_vision_2-3] VISION PERF read=13.4ms detect=220.6ms/detect post=3.8ms display=16.1ms
[target_vision_2-3] Library QUIRC is not linked. No decoding is performed. Take it to the OpenCV repository.
[target_vision_2-3] VISION FPS=29.9
[target_vision_2-3] VISION PERF read=14.2ms detect=222.0ms/detect post=3.6ms display=15.3ms
[target_vision_2-3] VISION FPS=29.8
[target_vision_2-3] Library QUIRC is not linked. No decoding is performed. Take it to the OpenCV repository.
[target_vision_2-3] VISION PERF read=13.9ms detect=214.8ms/detect post=3.3ms display=16.0ms
[target_vision_2-3] VISION FPS=30.3
[target_vision_2-3] VISION PERF read=14.2ms detect=222.1ms/detect post=3.5ms display=15.6ms
[target_vision_2-3] VISION FPS=30.0
[target_vision_2-3] VISION PERF read=13.6ms detect=220.5ms/detect post=3.7ms display=15.9ms
[target_vision_2-3] Library QUIRC is not linked. No decoding is performed. Take it to the OpenCV repository.
[target_vision_2-3] VISION FPS=30.0
[target_vision_2-3] VISION PERF read=14.1ms detect=224.2ms/detect post=3.7ms display=15.5ms
[target_vision_2-3] VISION FPS=30.2
[target_vision_2-3] Library QUIRC is not linked. No decoding is performed. Take it to the OpenCV repository.
[target_vision_2-3] VISION PERF read=14.1ms detect=220.2ms/detect post=3.7ms display=15.4ms
[target_vision_2-3] VISION FPS=30.0
[target_vision_2-3] VISION PERF read=14.3ms detect=223.5ms/detect post=3.7ms display=15.3ms
[target_vision_2-3] VISION FPS=30.0
[target_vision_2-3] VISION PERF read=13.6ms detect=222.0ms/detect post=3.7ms display=16.0ms
[target_vision_2-3] VISION FPS=30.1
[target_vision_2-3] VISION PERF read=13.5ms detect=220.0ms/detect post=3.6ms display=16.1ms
[target_vision_2-3] VISION FPS=30.0
[target_vision_2-3] VISION PERF read=13.7ms detect=222.6ms/detect post=3.8ms display=15.8ms
[target_vision_2-3] VISION FPS=29.9
[target_vision_2-3] VISION PERF read=13.6ms detect=228.4ms/detect post=3.7ms display=15.9ms
[target_vision_2-3] VISION FPS=30.1
[target_vision_2-3] VISION PERF read=13.8ms detect=220.1ms/detect post=3.8ms display=15.8ms
[target_vision_2-3] VISION FPS=30.2
[target_vision_2-3] VISION PERF read=14.1ms detect=217.3ms/detect post=3.6ms display=15.5ms
[target_vision_2-3] VISION FPS=30.1
[target_vision_2-3] VISION PERF read=13.9ms detect=219.2ms/detect post=3.8ms display=15.5ms
[target_vision_2-3] VISION FPS=30.4
[target_vision_2-3] VISION PERF read=14.3ms detect=218.6ms/detect post=3.4ms display=15.7ms
[target_vision_2-3] VISION FPS=30.3
[target_vision_2-3] Library QUIRC is not linked. No decoding is performed. Take it to the OpenCV repository.
[target_vision_2-3] VISION PERF read=14.0ms detect=221.5ms/detect post=3.5ms display=15.7ms
[target_vision_2-3] VISION FPS=29.9
[target_vision_2-3] VISION PERF read=14.2ms detect=219.2ms/detect post=3.2ms display=15.8ms
[target_vision_2-3] VISION FPS=30.3
[target_vision_2-3] Library QUIRC is not linked. No decoding is performed. Take it to the OpenCV repository.
[target_vision_2-3] VISION PERF read=14.1ms detect=227.4ms/detect post=3.5ms display=15.7ms
[target_vision_2-3] VISION FPS=30.2
[target_vision_2-3] VISION PERF read=14.1ms detect=218.2ms/detect post=3.7ms display=15.5ms
[target_vision_2-3] VISION FPS=30.2
[target_vision_2-3] VISION PERF read=13.9ms detect=220.7ms/detect post=3.5ms display=15.9ms
[target_vision_2-3] VISION FPS=30.2
[target_vision_2-3] VISION PERF read=14.0ms detect=219.0ms/detect post=3.6ms display=15.7ms
[target_vision_2-3] VISION FPS=30.1
[target_vision_2-3] VISION PERF read=14.4ms detect=221.8ms/detect post=3.2ms display=15.6ms
[target_vision_2-3] VISION FPS=30.0
[target_vision_2-3] VISION PERF read=14.1ms detect=219.6ms/detect post=3.4ms display=15.8ms
[target_vision_2-3] VISION FPS=29.9
[target_vision_2-3] Library QUIRC is not linked. No decoding is performed. Take it to the OpenCV repository.
[target_vision_2-3] VISION PERF read=14.1ms detect=217.4ms/detect post=3.4ms display=15.7ms
[target_vision_2-3] VISION FPS=30.0
[target_vision_2-3] VISION PERF read=14.3ms detect=217.6ms/detect post=3.4ms display=15.6ms
[target_vision_2-3] VISION FPS=30.0
[target_vision_2-3] VISION PERF read=14.2ms detect=218.3ms/detect post=3.2ms display=16.0ms
[target_vision_2-3] VISION FPS=30.0
[target_vision_2-3] VISION PERF read=14.0ms detect=215.9ms/detect post=3.2ms display=15.9ms
[target_vision_2-3] VISION FPS=30.0
[target_vision_2-3] VISION PERF read=14.7ms detect=218.8ms/detect post=3.5ms display=15.1ms
[target_vision_2-3] Library QUIRC is not linked. No decoding is performed. Take it to the OpenCV repository.
[target_vision_2-3] VISION FPS=29.8
[target_vision_2-3] VISION PERF read=14.8ms detect=216.5ms/detect post=3.1ms display=15.3ms
[target_vision_2-3] VISION FPS=29.7
[target_vision_2-3] VISION PERF read=14.4ms detect=218.4ms/detect post=3.6ms display=15.4ms
[target_vision_2-3] VISION FPS=30.0
[target_vision_2-3] VISION PERF read=13.8ms detect=219.3ms/detect post=3.4ms display=16.0ms
[target_vision_2-3] VISION FPS=30.2
[target_vision_2-3] VISION PERF read=14.4ms detect=219.3ms/detect post=3.3ms display=15.5ms
[target_vision_2-3] VISION FPS=30.0
[target_vision_2-3] Library QUIRC is not linked. No decoding is performed. Take it to the OpenCV repository.
[target_vision_2-3] VISION PERF read=14.5ms detect=219.5ms/detect post=3.4ms display=15.3ms
[target_vision_2-3] VISION FPS=30.0
[target_vision_2-3] VISION PERF read=14.6ms detect=215.2ms/detect post=3.4ms display=15.2ms
[target_vision_2-3] VISION FPS=30.0
[target_vision_2-3] VISION PERF read=14.6ms detect=220.3ms/detect post=3.2ms display=15.4ms
[target_vision_2-3] VISION FPS=30.0
[target_vision_2-3] VISION PERF read=14.3ms detect=219.3ms/detect post=3.5ms display=15.3ms
[target_vision_2-3] VISION FPS=30.1
[target_vision_2-3] VISION PERF read=14.3ms detect=220.5ms/detect post=3.2ms display=15.7ms
[target_vision_2-3] VISION FPS=30.0
[target_vision_2-3] VISION PERF read=14.3ms detect=218.7ms/detect post=3.5ms display=15.4ms
[target_vision_2-3] VISION FPS=30.0
[target_vision_2-3] VISION PERF read=15.3ms detect=210.0ms/detect post=3.1ms display=15.0ms
[target_vision_2-3] VISION FPS=30.2
[target_vision_2-3] VISION PERF read=14.1ms detect=218.8ms/detect post=3.5ms display=15.5ms
[target_vision_2-3] VISION FPS=30.3
[target_vision_2-3] VISION PERF read=14.6ms detect=217.7ms/detect post=3.3ms display=15.3ms
[target_vision_2-3] VISION FPS=30.0
[target_vision_2-3] VISION PERF read=14.1ms detect=218.1ms/detect post=3.4ms display=15.7ms
[target_vision_2-3] VISION FPS=29.8
[target_vision_2-3] VISION PERF read=14.5ms detect=216.7ms/detect post=3.5ms display=15.3ms
[target_vision_2-3] VISION FPS=30.0
[target_vision_2-3] VISION PERF read=14.4ms detect=224.3ms/detect post=3.4ms display=15.4ms
[target_vision_2-3] Library QUIRC is not linked. No decoding is performed. Take it to the OpenCV repository.
[target_vision_2-3] VISION FPS=30.1
[target_vision_2-3] Library QUIRC is not linked. No decoding is performed. Take it to the OpenCV repository.
[target_vision_2-3] VISION PERF read=14.0ms detect=216.7ms/detect post=3.2ms display=16.0ms
[target_vision_2-3] VISION FPS=30.2
[target_vision_2-3] VISION PERF read=15.0ms detect=219.2ms/detect post=3.2ms display=15.0ms
[target_vision_2-3] VISION FPS=30.0
[target_vision_2-3] VISION PERF read=15.1ms detect=223.4ms/detect post=3.2ms display=15.1ms
[target_vision_2-3] VISION FPS=30.0
[target_vision_2-3] VISION PERF read=13.6ms detect=221.7ms/detect post=3.5ms display=16.1ms
[target_vision_2-3] VISION FPS=29.8
[target_vision_2-3] VISION PERF read=13.9ms detect=220.8ms/detect post=3.5ms display=15.9ms
[target_vision_2-3] VISION FPS=30.0
[target_vision_2-3] VISION PERF read=14.0ms detect=218.9ms/detect post=3.5ms display=15.6ms
[target_vision_2-3] VISION FPS=29.7
[target_vision_2-3] VISION PERF read=14.2ms detect=225.0ms/detect post=3.4ms display=15.7ms
[target_vision_2-3] VISION FPS=30.0
[target_vision_2-3] Library QUIRC is not linked. No decoding is performed. Take it to the OpenCV repository.
[target_vision_2-3] VISION PERF read=13.9ms detect=224.5ms/detect post=3.3ms display=16.0ms
[target_vision_2-3] Library QUIRC is not linked. No decoding is performed. Take it to the OpenCV repository.
[target_vision_2-3] Library QUIRC is not linked. No decoding is performed. Take it to the OpenCV repository.
[target_vision_2-3] VISION FPS=30.2
[target_vision_2-3] Library QUIRC is not linked. No decoding is performed. Take it to the OpenCV repository.
[target_vision_2-3] VISION PERF read=15.8ms detect=197.7ms/detect post=3.0ms display=14.4ms
[target_vision_2-3] VISION FPS=30.0
[target_vision_2-3] Library QUIRC is not linked. No decoding is performed. Take it to the OpenCV repository.
[target_vision_2-3] Library QUIRC is not linked. No decoding is performed. Take it to the OpenCV repository.
[target_vision_2-3] VISION PERF read=14.6ms detect=212.3ms/detect post=3.3ms display=15.4ms
[target_vision_2-3] VISION FPS=30.0
[target_vision_2-3] Library QUIRC is not linked. No decoding is performed. Take it to the OpenCV repository.
[target_vision_2-3] VISION PERF read=14.0ms detect=219.4ms/detect post=3.1ms display=16.1ms
[target_vision_2-3] VISION FPS=30.0
[target_vision_2-3] Library QUIRC is not linked. No decoding is performed. Take it to the OpenCV repository.
[target_vision_2-3] VISION PERF read=14.6ms detect=218.3ms/detect post=3.3ms display=15.3ms
[target_vision_2-3] VISION FPS=30.1
[target_vision_2-3] VISION PERF read=14.4ms detect=219.2ms/detect post=3.2ms display=15.7ms
[target_vision_2-3] VISION FPS=29.8
[target_vision_2-3] VISION PERF read=14.4ms detect=214.1ms/detect post=3.6ms display=15.2ms
[target_vision_2-3] VISION FPS=30.2
[target_vision_2-3] VISION PERF read=14.5ms detect=212.1ms/detect post=3.2ms display=15.5ms
[target_vision_2-3] VISION FPS=30.2
[target_vision_2-3] Library QUIRC is not linked. No decoding is performed. Take it to the OpenCV repository.
[target_vision_2-3] VISION PERF read=14.4ms detect=214.9ms/detect post=3.3ms display=15.6ms
[target_vision_2-3] VISION FPS=30.0
[target_vision_2-3] VISION PERF read=14.7ms detect=211.7ms/detect post=3.4ms display=15.1ms
[target_vision_2-3] VISION FPS=29.9
[target_vision_2-3] VISION PERF read=15.4ms detect=203.7ms/detect post=3.4ms display=14.5ms
[target_vision_2-3] VISION FPS=30.0
[target_vision_2-3] VISION PERF read=14.2ms detect=212.6ms/detect post=3.3ms display=15.7ms
[target_vision_2-3] VISION FPS=30.1
[target_vision_2-3] VISION PERF read=14.4ms detect=211.6ms/detect post=3.4ms display=15.4ms
[target_vision_2-3] VISION FPS=30.0
[target_vision_2-3] VISION PERF read=15.1ms detect=214.1ms/detect post=3.2ms display=14.9ms
[target_vision_2-3] VISION FPS=30.1
[target_vision_2-3] Library QUIRC is not linked. No decoding is performed. Take it to the OpenCV repository.
[target_vision_2-3] VISION PERF read=14.6ms detect=211.5ms/detect post=3.5ms display=15.2ms
[target_vision_2-3] VISION FPS=29.7
[target_vision_2-3] VISION PERF read=13.4ms detect=213.7ms/detect post=3.8ms display=16.0ms
[target_vision_2-3] VISION FPS=30.3
[target_vision_2-3] VISION PERF read=14.6ms detect=218.0ms/detect post=3.3ms display=15.4ms
[target_vision_2-3] VISION FPS=30.1
[target_vision_2-3] VISION PERF read=13.8ms detect=217.3ms/detect post=3.0ms display=16.3ms
[target_vision_2-3] VISION FPS=30.0
[target_vision_2-3] VISION PERF read=14.8ms detect=219.1ms/detect post=3.3ms display=15.2ms
[target_vision_2-3] VISION FPS=29.9
[target_vision_2-3] Library QUIRC is not linked. No decoding is performed. Take it to the OpenCV repository.
[target_vision_2-3] VISION PERF read=14.3ms detect=216.6ms/detect post=3.3ms display=15.7ms
[target_vision_2-3] Library QUIRC is not linked. No decoding is performed. Take it to the OpenCV repository.
[target_vision_2-3] VISION FPS=30.0
[target_vision_2-3] Library QUIRC is not linked. No decoding is performed. Take it to the OpenCV repository.
[target_vision_2-3] VISION PERF read=14.5ms detect=218.2ms/detect post=3.3ms display=15.4ms
[target_vision_2-3] VISION FPS=30.2
[target_vision_2-3] VISION PERF read=14.6ms detect=216.7ms/detect post=3.0ms display=15.6ms
[target_vision_2-3] Library QUIRC is not linked. No decoding is performed. Take it to the OpenCV repository.
[target_vision_2-3] VISION FPS=29.8
[target_vision_2-3] Library QUIRC is not linked. No decoding is performed. Take it to the OpenCV repository.
[target_vision_2-3] VISION PERF read=14.3ms detect=216.8ms/detect post=3.5ms display=15.5ms
[target_vision_2-3] VISION FPS=30.2
[target_vision_2-3] Library QUIRC is not linked. No decoding is performed. Take it to the OpenCV repository.
[target_vision_2-3] Library QUIRC is not linked. No decoding is performed. Take it to the OpenCV repository.
[target_vision_2-3] VISION PERF read=14.7ms detect=215.3ms/detect post=3.3ms display=15.2ms
[target_vision_2-3] VISION FPS=30.0
[target_vision_2-3] Library QUIRC is not linked. No decoding is performed. Take it to the OpenCV repository.
[target_vision_2-3] VISION PERF read=14.5ms detect=216.4ms/detect post=3.5ms display=15.3ms
[target_vision_2-3] VISION FPS=29.9
[target_vision_2-3] VISION PERF read=14.5ms detect=220.9ms/detect post=3.1ms display=15.6ms
[target_vision_2-3] VISION FPS=30.0
[target_vision_2-3] VISION PERF read=14.5ms detect=216.3ms/detect post=3.1ms display=15.7ms
[target_vision_2-3] VISION FPS=29.9
[target_vision_2-3] VISION PERF read=14.5ms detect=217.4ms/detect post=3.2ms display=15.5ms
[target_vision_2-3] VISION FPS=29.9
[target_vision_2-3] VISION PERF read=15.0ms detect=217.7ms/detect post=3.1ms display=15.2ms
[target_vision_2-3] VISION FPS=30.0
[target_vision_2-3] Library QUIRC is not linked. No decoding is performed. Take it to the OpenCV repository.
[target_vision_2-3] Library QUIRC is not linked. No decoding is performed. Take it to the OpenCV repository.
[target_vision_2-3] VISION PERF read=14.2ms detect=220.4ms/detect post=3.1ms display=15.9ms
[target_vision_2-3] Library QUIRC is not linked. No decoding is performed. Take it to the OpenCV repository.
[target_vision_2-3] VISION FPS=30.4
[target_vision_2-3] VISION PERF read=14.5ms detect=222.4ms/detect post=2.9ms display=15.8ms
[target_vision_2-3] VISION FPS=30.2
[target_vision_2-3] VISION PERF read=14.6ms detect=224.5ms/detect post=3.3ms display=15.3ms
[target_vision_2-3] VISION FPS=29.9
[target_vision_2-3] Library QUIRC is not linked. No decoding is performed. Take it to the OpenCV repository.
[target_vision_2-3] Library QUIRC is not linked. No decoding is performed. Take it to the OpenCV repository.
[target_vision_2-3] VISION PERF read=14.2ms detect=220.3ms/detect post=3.4ms display=15.5ms
[target_vision_2-3] Library QUIRC is not linked. No decoding is performed. Take it to the OpenCV repository.
[target_vision_2-3] VISION FPS=29.9
[target_vision_2-3] VISION PERF read=14.2ms detect=216.1ms/detect post=3.2ms display=15.9ms
[target_vision_2-3] Library QUIRC is not linked. No decoding is performed. Take it to the OpenCV repository.
[target_vision_2-3] VISION FPS=29.8
[target_vision_2-3] Library QUIRC is not linked. No decoding is performed. Take it to the OpenCV repository.
[target_vision_2-3] VISION PERF read=15.2ms detect=213.0ms/detect post=2.9ms display=15.1ms
[target_vision_2-3] VISION FPS=30.1
[target_vision_2-3] VISION PERF read=14.8ms detect=213.5ms/detect post=3.1ms display=15.4ms
[target_vision_2-3] VISION FPS=30.1
[target_vision_2-3] VISION PERF read=14.5ms detect=213.2ms/detect post=3.3ms display=15.4ms
[target_vision_2-3] VISION FPS=29.7
[target_vision_2-3] Library QUIRC is not linked. No decoding is performed. Take it to the OpenCV repository.
[target_vision_2-3] VISION PERF read=14.6ms detect=217.8ms/detect post=3.2ms display=15.6ms
[target_vision_2-3] VISION FPS=29.9
[target_vision_2-3] VISION PERF read=14.3ms detect=214.8ms/detect post=3.3ms display=15.7ms
[target_vision_2-3] VISION FPS=29.9
[target_vision_2-3] VISION PERF read=14.6ms detect=218.7ms/detect post=3.2ms display=15.3ms
[target_vision_2-3] VISION FPS=30.1
[target_vision_2-3] VISION PERF read=14.5ms detect=215.1ms/detect post=3.1ms display=15.7ms
[target_vision_2-3] VISION FPS=30.0
[target_vision_2-3] VISION PERF read=14.6ms detect=217.9ms/detect post=3.3ms display=15.2ms
[target_vision_2-3] Library QUIRC is not linked. No decoding is performed. Take it to the OpenCV repository.
[target_vision_2-3] VISION FPS=30.0
[target_vision_2-3] VISION PERF read=14.7ms detect=211.3ms/detect post=2.9ms display=15.7ms
[target_vision_2-3] VISION FPS=30.1
[target_vision_2-3] VISION PERF read=15.2ms detect=206.8ms/detect post=2.9ms display=15.0ms
[target_vision_2-3] VISION FPS=30.0
[target_vision_2-3] VISION PERF read=15.1ms detect=204.0ms/detect post=3.0ms display=15.2ms
[target_vision_2-3] VISION FPS=30.0
[target_vision_2-3] Library QUIRC is not linked. No decoding is performed. Take it to the OpenCV repository.
[target_vision_2-3] VISION PERF read=15.1ms detect=204.9ms/detect post=3.0ms display=15.2ms
[target_vision_2-3] VISION FPS=30.3
[target_vision_2-3] VISION PERF read=14.7ms detect=208.3ms/detect post=2.9ms display=15.7ms
[target_vision_2-3] VISION FPS=30.0
[target_vision_2-3] VISION PERF read=14.7ms detect=209.4ms/detect post=3.1ms display=15.5ms
[target_vision_2-3] VISION FPS=30.1
[target_vision_2-3] VISION PERF read=14.4ms detect=210.4ms/detect post=3.0ms display=15.7ms
[target_vision_2-3] Library QUIRC is not linked. No decoding is performed. Take it to the OpenCV repository.
[target_vision_2-3] VISION FPS=29.9
[target_vision_2-3] VISION PERF read=14.7ms detect=206.4ms/detect post=3.3ms display=15.2ms
[target_vision_2-3] Library QUIRC is not linked. No decoding is performed. Take it to the OpenCV repository.
[target_vision_2-3] VISION FPS=30.0
[target_vision_2-3] VISION PERF read=14.9ms detect=208.5ms/detect post=3.1ms display=15.2ms
[target_vision_2-3] VISION FPS=30.3
[target_vision_2-3] VISION PERF read=15.3ms detect=208.2ms/detect post=3.0ms display=14.9ms
[target_vision_2-3] VISION FPS=30.3
[target_vision_2-3] Library QUIRC is not linked. No decoding is performed. Take it to the OpenCV repository.
[target_vision_2-3] Library QUIRC is not linked. No decoding is performed. Take it to the OpenCV repository.
[target_vision_2-3] VISION PERF read=16.0ms detect=201.0ms/detect post=2.9ms display=14.3ms
[target_vision_2-3] VISION FPS=30.0
[target_vision_2-3] VISION PERF read=14.5ms detect=205.4ms/detect post=3.2ms display=15.6ms
[target_vision_2-3] VISION FPS=30.0
[target_vision_2-3] VISION PERF read=14.7ms detect=205.3ms/detect post=2.9ms display=15.6ms
[target_vision_2-3] VISION FPS=30.1
[target_vision_2-3] Library QUIRC is not linked. No decoding is performed. Take it to the OpenCV repository.
[target_vision_2-3] VISION PERF read=15.2ms detect=206.6ms/detect post=3.1ms display=14.9ms
[target_vision_2-3] VISION FPS=30.1
[target_vision_2-3] VISION PERF read=16.1ms detect=200.3ms/detect post=2.9ms display=14.2ms
[target_vision_2-3] VISION FPS=30.3
[target_vision_2-3] VISION PERF read=14.6ms detect=209.1ms/detect post=3.4ms display=15.3ms
[target_vision_2-3] VISION FPS=29.9
[target_vision_2-3] Library QUIRC is not linked. No decoding is performed. Take it to the OpenCV repository.
[target_vision_2-3] VISION PERF read=14.4ms detect=210.3ms/detect post=3.1ms display=15.7ms
[target_vision_2-3] Library QUIRC is not linked. No decoding is performed. Take it to the OpenCV repository.
[target_vision_2-3] VISION FPS=30.0
[target_vision_2-3] VISION PERF read=14.9ms detect=206.7ms/detect post=3.1ms display=15.2ms
[target_vision_2-3] VISION FPS=30.0
[target_vision_2-3] VISION PERF read=14.7ms detect=206.4ms/detect post=3.2ms display=15.4ms
[target_vision_2-3] VISION FPS=29.9
[target_vision_2-3] VISION PERF read=14.7ms detect=206.7ms/detect post=3.1ms display=15.3ms
[target_vision_2-3] VISION FPS=30.0
[target_vision_2-3] VISION PERF read=15.1ms detect=206.8ms/detect post=3.0ms display=15.2ms
[target_vision_2-3] VISION FPS=30.0
[target_vision_2-3] VISION PERF read=14.8ms detect=204.6ms/detect post=3.3ms display=15.2ms
[target_vision_2-3] VISION FPS=29.9
[target_vision_2-3] VISION PERF read=14.8ms detect=206.6ms/detect post=3.1ms display=15.5ms
[target_vision_2-3] Library QUIRC is not linked. No decoding is performed. Take it to the OpenCV repository.
[target_vision_2-3] Library QUIRC is not linked. No decoding is performed. Take it to the OpenCV repository.
[target_vision_2-3] VISION FPS=30.1
[target_vision_2-3] Library QUIRC is not linked. No decoding is performed. Take it to the OpenCV repository.
[target_vision_2-3] VISION PERF read=14.8ms detect=209.8ms/detect post=3.2ms display=15.2ms
[target_vision_2-3] VISION FPS=29.8
[target_vision_2-3] Library QUIRC is not linked. No decoding is performed. Take it to the OpenCV repository.
[target_vision_2-3] VISION PERF read=14.5ms detect=211.1ms/detect post=3.1ms display=15.6ms
[target_vision_2-3] VISION FPS=30.0
[target_vision_2-3] VISION PERF read=15.2ms detect=205.5ms/detect post=3.0ms display=15.0ms
[target_vision_2-3] VISION FPS=30.3
[target_vision_2-3] Library QUIRC is not linked. No decoding is performed. Take it to the OpenCV repository.
[target_vision_2-3] Library QUIRC is not linked. No decoding is performed. Take it to the OpenCV repository.
[target_vision_2-3] VISION PERF read=15.7ms detect=199.0ms/detect post=3.1ms display=14.4ms
[target_vision_2-3] VISION FPS=30.0
[target_vision_2-3] Library QUIRC is not linked. No decoding is performed. Take it to the OpenCV repository.
[target_vision_2-3] VISION PERF read=15.4ms detect=200.1ms/detect post=3.2ms display=14.7ms
[target_vision_2-3] VISION FPS=30.0
[target_vision_2-3] VISION PERF read=15.9ms detect=199.2ms/detect post=3.1ms display=14.3ms
[target_vision_2-3] VISION FPS=30.0
[target_vision_2-3] VISION PERF read=15.7ms detect=201.3ms/detect post=2.9ms display=14.6ms
[target_vision_2-3] VISION FPS=30.1
[target_vision_2-3] VISION PERF read=14.7ms detect=209.0ms/detect post=2.9ms display=15.6ms
[target_vision_2-3] VISION FPS=30.4
[target_vision_2-3] VISION PERF read=14.7ms detect=210.7ms/detect post=3.2ms display=15.3ms
[target_vision_2-3] Library QUIRC is not linked. No decoding is performed. Take it to the OpenCV repository.
[target_vision_2-3] Library QUIRC is not linked. No decoding is performed. Take it to the OpenCV repository.
[target_vision_2-3] VISION FPS=30.0
[target_vision_2-3] Library QUIRC is not linked. No decoding is performed. Take it to the OpenCV repository.
[target_vision_2-3] Library QUIRC is not linked. No decoding is performed. Take it to the OpenCV repository.
[target_vision_2-3] Library QUIRC is not linked. No decoding is performed. Take it to the OpenCV repository.
[target_vision_2-3] VISION PERF read=14.5ms detect=211.3ms/detect post=3.2ms display=15.5ms
[target_vision_2-3] Library QUIRC is not linked. No decoding is performed. Take it to the OpenCV repository.
[target_vision_2-3] VISION FPS=30.3
[target_vision_2-3] VISION PERF read=15.9ms detect=201.3ms/detect post=2.9ms display=14.4ms
[target_vision_2-3] VISION FPS=29.9
[target_vision_2-3] VISION PERF read=14.8ms detect=208.4ms/detect post=3.3ms display=15.1ms
[target_vision_2-3] VISION FPS=29.8
[target_vision_2-3] VISION PERF read=14.7ms detect=208.5ms/detect post=3.2ms display=15.3ms
[target_vision_2-3] VISION FPS=30.0
[target_vision_2-3] VISION PERF read=14.6ms detect=208.5ms/detect post=3.2ms display=15.4ms
[target_vision_2-3] VISION FPS=30.0
[target_vision_2-3] Library QUIRC is not linked. No decoding is performed. Take it to the OpenCV repository.
[target_vision_2-3] VISION PERF read=14.9ms detect=205.7ms/detect post=3.2ms display=15.1ms
[target_vision_2-3] VISION FPS=30.3
[target_vision_2-3] VISION PERF read=15.8ms detect=202.0ms/detect post=3.0ms display=14.5ms
[target_vision_2-3] VISION FPS=30.2
[target_vision_2-3] Library QUIRC is not linked. No decoding is performed. Take it to the OpenCV repository.
[target_vision_2-3] Library QUIRC is not linked. No decoding is performed. Take it to the OpenCV repository.
[target_vision_2-3] VISION PERF read=14.7ms detect=213.2ms/detect post=2.9ms display=15.6ms
[target_vision_2-3] Library QUIRC is not linked. No decoding is performed. Take it to the OpenCV repository.
[target_vision_2-3] Library QUIRC is not linked. No decoding is performed. Take it to the OpenCV repository.
[target_vision_2-3] VISION FPS=29.9
[target_vision_2-3] Library QUIRC is not linked. No decoding is performed. Take it to the OpenCV repository.
[target_vision_2-3] VISION PERF read=14.8ms detect=209.9ms/detect post=3.1ms display=15.4ms
[target_vision_2-3] Library QUIRC is not linked. No decoding is performed. Take it to the OpenCV repository.
[target_vision_2-3] VISION FPS=30.1
[target_vision_2-3] VISION PERF read=15.0ms detect=210.2ms/detect post=2.9ms display=15.3ms
[target_vision_2-3] VISION FPS=30.1
[target_vision_2-3] VISION PERF read=15.3ms detect=205.2ms/detect post=3.0ms display=15.0ms
[target_vision_2-3] Library QUIRC is not linked. No decoding is performed. Take it to the OpenCV repository.
[target_vision_2-3] VISION FPS=29.8
[target_vision_2-3] Library QUIRC is not linked. No decoding is performed. Take it to the OpenCV repository.
[target_vision_2-3] VISION PERF read=15.1ms detect=213.0ms/detect post=3.2ms display=15.0ms
[target_vision_2-3] VISION FPS=30.0
[target_vision_2-3] VISION PERF read=14.6ms detect=206.2ms/detect post=3.0ms display=15.6ms
[target_vision_2-3] VISION FPS=30.0
[target_vision_2-3] VISION PERF read=15.1ms detect=204.8ms/detect post=3.1ms display=15.0ms
[target_vision_2-3] VISION FPS=30.0
[target_vision_2-3] VISION PERF read=15.3ms detect=201.7ms/detect post=3.1ms display=14.8ms
[target_vision_2-3] VISION FPS=29.9
[target_vision_2-3] VISION PERF read=14.7ms detect=206.5ms/detect post=3.1ms display=15.4ms
[target_vision_2-3] VISION FPS=30.1
[target_vision_2-3] VISION PERF read=15.0ms detect=208.7ms/detect post=3.0ms display=15.3ms
[target_vision_2-3] VISION FPS=30.1
[target_vision_2-3] VISION PERF read=15.0ms detect=206.4ms/detect post=3.1ms display=15.0ms
[target_vision_2-3] VISION FPS=29.8
[target_vision_2-3] VISION PERF read=14.5ms detect=207.2ms/detect post=3.2ms display=15.5ms
[target_vision_2-3] VISION FPS=29.8
[target_vision_2-3] Library QUIRC is not linked. No decoding is performed. Take it to the OpenCV repository.
[target_vision_2-3] VISION PERF read=14.4ms detect=211.1ms/detect post=3.3ms display=15.4ms
[target_vision_2-3] VISION FPS=30.2
[target_vision_2-3] Library QUIRC is not linked. No decoding is performed. Take it to the OpenCV repository.
[target_vision_2-3] VISION PERF read=14.7ms detect=212.4ms/detect post=2.9ms display=15.6ms
[target_vision_2-3] VISION FPS=30.0
[target_vision_2-3] Library QUIRC is not linked. No decoding is performed. Take it to the OpenCV repository.
[target_vision_2-3] Library QUIRC is not linked. No decoding is performed. Take it to the OpenCV repository.
[target_vision_2-3] VISION PERF read=15.0ms detect=209.1ms/detect post=3.0ms display=15.1ms
[target_vision_2-3] VISION FPS=30.0
[target_vision_2-3] VISION PERF read=15.0ms detect=211.8ms/detect post=3.0ms display=15.3ms
[target_vision_2-3] VISION FPS=30.1
[target_vision_2-3] VISION PERF read=14.9ms detect=207.2ms/detect post=3.2ms display=15.2ms
[target_vision_2-3] VISION FPS=30.0
[target_vision_2-3] VISION PERF read=14.6ms detect=209.7ms/detect post=3.4ms display=15.3ms
[target_vision_2-3] Library QUIRC is not linked. No decoding is performed. Take it to the OpenCV repository.
[target_vision_2-3] VISION FPS=29.9
[target_vision_2-3] Library QUIRC is not linked. No decoding is performed. Take it to the OpenCV repository.
[target_vision_2-3] VISION PERF read=15.1ms detect=210.8ms/detect post=3.3ms display=14.9ms
[target_vision_2-3] Library QUIRC is not linked. No decoding is performed. Take it to the OpenCV repository.
[target_vision_2-3] VISION FPS=30.0
[target_vision_2-3] Library QUIRC is not linked. No decoding is performed. Take it to the OpenCV repository.
[target_vision_2-3] VISION PERF read=14.9ms detect=210.7ms/detect post=3.0ms display=15.2ms
[target_vision_2-3] Library QUIRC is not linked. No decoding is performed. Take it to the OpenCV repository.
[target_vision_2-3] VISION FPS=30.0
[target_vision_2-3] VISION PERF read=15.3ms detect=205.2ms/detect post=3.1ms display=14.8ms
[target_vision_2-3] VISION FPS=30.0
[target_vision_2-3] VISION PERF read=15.7ms detect=201.8ms/detect post=2.9ms display=14.7ms
[target_vision_2-3] Library QUIRC is not linked. No decoding is performed. Take it to the OpenCV repository.
[target_vision_2-3] VISION FPS=30.2
[target_vision_2-3] VISION PERF read=14.8ms detect=211.4ms/detect post=3.1ms display=15.3ms
[target_vision_2-3] VISION FPS=29.9
[target_vision_2-3] VISION PERF read=15.5ms detect=217.6ms/detect post=3.0ms display=14.7ms
[target_vision_2-3] VISION FPS=30.2
[target_vision_2-3] VISION PERF read=14.6ms detect=209.5ms/detect post=3.1ms display=15.4ms
[target_vision_2-3] VISION FPS=30.3
[target_vision_2-3] Library QUIRC is not linked. No decoding is performed. Take it to the OpenCV repository.
[target_vision_2-3] VISION PERF read=13.9ms detect=214.5ms/detect post=3.2ms display=16.2ms
[target_vision_2-3] VISION FPS=30.2
[target_vision_2-3] VISION PERF read=11.8ms detect=240.8ms/detect post=3.7ms display=17.7ms
[target_vision_2-3] Library QUIRC is not linked. No decoding is performed. Take it to the OpenCV repository.
[target_vision_2-3] VISION FPS=29.9
[target_vision_2-3] VISION PERF read=14.6ms detect=211.0ms/detect post=3.1ms display=15.6ms
[target_vision_2-3] VISION FPS=30.0
[target_vision_2-3] VISION PERF read=14.5ms detect=209.2ms/detect post=3.3ms display=15.3ms
[target_vision_2-3] VISION FPS=29.9
[target_vision_2-3] VISION PERF read=12.5ms detect=230.7ms/detect post=3.4ms display=17.4ms
[target_vision_2-3] VISION FPS=30.1
[target_vision_2-3] VISION PERF read=12.6ms detect=231.6ms/detect post=3.4ms display=17.2ms
[target_vision_2-3] Library QUIRC is not linked. No decoding is performed. Take it to the OpenCV repository.
[target_vision_2-3] VISION FPS=29.9
[target_vision_2-3] VISION PERF read=14.2ms detect=215.1ms/detect post=3.1ms display=15.9ms
[target_vision_2-3] VISION FPS=30.0
[target_vision_2-3] Library QUIRC is not linked. No decoding is performed. Take it to the OpenCV repository.
[target_vision_2-3] VISION PERF read=14.7ms detect=211.9ms/detect post=3.2ms display=15.4ms
[target_vision_2-3] VISION FPS=30.0
[target_vision_2-3] VISION PERF read=14.6ms detect=210.0ms/detect post=3.3ms display=15.3ms
[WARNING] [launch]: user interrupted with ctrl-c (SIGINT)
[rviz2-4] [INFO] [1783385479.423066039] [rclcpp]: signal_handler(SIGINT/SIGTERM)
[robot_state_publisher-2] [INFO] [1783385479.426191831] [rclcpp]: signal_handler(SIGINT/SIGTERM)
[INFO] [robot_state_publisher-2]: process has finished cleanly [pid 15775]
[INFO] [rviz2-4]: process has finished cleanly [pid 15791]
[target_vision_2-3] APP EXIT closing claw to ID4=1000
[target_vision_2-3] SERVO UART TX=zp4:1000 attempt=1 RX=OK ZP4 1000
[target_vision_2-3] APP EXIT retracting ID2 first to 100
[target_vision_2-3] SERVO UART TX=id2=100 attempt=1 RX=OK ID2 TARGET 100
[target_vision_2-3] APP EXIT retracting ID1 to 340 and ID6 to 510
[target_vision_2-3] SERVO UART TX=id1=340 attempt=1 RX=OK ID1 TARGET 340
[target_vision_2-3] SERVO UART TX=id6=510 attempt=1 RX=OK ID6 TARGET 510
[target_vision_2-3] Traceback (most recent call last):
[target_vision_2-3]   File "/home/cat/ros2_ws/install/ros2_test1/lib/ros2_test1/target_vision_2", line 33, in <module>
[target_vision_2-3]     sys.exit(load_entry_point('ros2-test1', 'console_scripts', 'target_vision_2')())
[target_vision_2-3]   File "/home/cat/ros2_ws/build/ros2_test1/ros2_test1/target_vision_2.py", line 194, in main
[target_vision_2-3]     self.direct_stage = "final_wait"
[target_vision_2-3]   File "/home/cat/ros2_ws/build/ros2_test1/ros2_test1/target_vision.py", line 3676, in main
[target_vision_2-3]     cv2.imshow(WINDOW_NAME, output)
[target_vision_2-3] KeyboardInterrupt
[ERROR] [target_vision_2-3]: process has died [pid 15789, exit code -2, cmd '/home/cat/ros2_ws/install/ros2_test1/lib/ros2_test1/target_vision_2 --enable-red-square-grasp --enable-arm-preview --no-web --width 800 --height 600 --fps 30 --detect-every-n-frames 1 --detection-scale 0.75 --window-x 0 --window-y 60 --window-width 620 --window-height 520 --preview-id1 550 --preview-id2 300 --preview-id4 1000 --preview-id6 510 --grasp-id1-ready 550 --grasp-id2-ready 300 --grasp-id4-closed 1000 --grasp-id4-open 1500 --servo-angle-gap-deg 0 --grasp-command-interval 0.15 --grasp-stable-frames 1 --camera-gripper-offset-mm 50 --camera-gripper-vertical-offset-mm 0 --trigger-kind square --trigger-color red --ros-args -r __node:=red_square_grasp_direct_2'].
[INFO] [launch]: process[target_vision_2-3] was required: shutting down launched system
==== 2026-07-07 08:51:21 start target vision 2.0 ====
[INFO] [launch]: All log files can be found below /home/cat/.ros/log/2026-07-07-08-51-23-802031-lubancat-30971
[INFO] [launch]: Default logging verbosity is set to INFO
[INFO] [bash-1]: process started with pid [31004]
[INFO] [robot_state_publisher-2]: process started with pid [31006]
[INFO] [bash-1]: process has finished cleanly [pid 31004]
[robot_state_publisher-2] [INFO] [1783385483.963940661] [robot_state_publisher]: got segment base_link
[robot_state_publisher-2] [INFO] [1783385483.964121495] [robot_state_publisher]: got segment base_mount
[robot_state_publisher-2] [INFO] [1783385483.964135786] [robot_state_publisher]: got segment blue_active_bar
[robot_state_publisher-2] [INFO] [1783385483.964144828] [robot_state_publisher]: got segment blue_upper_bar
[robot_state_publisher-2] [INFO] [1783385483.964152412] [robot_state_publisher]: got segment end_effector
[robot_state_publisher-2] [INFO] [1783385483.964159703] [robot_state_publisher]: got segment extension_bar
[robot_state_publisher-2] [INFO] [1783385483.964166995] [robot_state_publisher]: got segment extension_tip
[robot_state_publisher-2] [INFO] [1783385483.964174578] [robot_state_publisher]: got segment gripper_finger_left
[robot_state_publisher-2] [INFO] [1783385483.964181870] [robot_state_publisher]: got segment gripper_finger_right
[robot_state_publisher-2] [INFO] [1783385483.964189453] [robot_state_publisher]: got segment orange_active_bar
[robot_state_publisher-2] [INFO] [1783385483.964196745] [robot_state_publisher]: got segment orange_upper_bar
[robot_state_publisher-2] [INFO] [1783385483.964204037] [robot_state_publisher]: got segment square_platform
[INFO] [target_vision_2-3]: process started with pid [31020]
[INFO] [rviz2-4]: process started with pid [31022]
[rviz2-4] [INFO] [1783385485.785949261] [rviz2]: Stereo is NOT SUPPORTED
[rviz2-4] [INFO] [1783385485.786164511] [rviz2]: OpenGl version: 3.3 (GLSL 3.3)
[rviz2-4] [INFO] [1783385485.813315472] [rviz2]: Stereo is NOT SUPPORTED
[target_vision_2-3] arm preview publishing /joint_states, /arm/grasp_status, and target markers
[target_vision_2-3] servo bridge on /dev/ttyS0
[target_vision_2-3] Camera: /dev/video20 800x600 reported_fps=30.0 attempt=1
[target_vision_2-3] Press q or Esc in the preview window to quit.
[target_vision_2-3] SERVO FEEDBACK stage=centering ID1=340/550 ID2=98/300
[target_vision_2-3] SERVO UART TX=id1=550 attempt=1 RX=OK ID1 TARGET 550
[target_vision_2-3] SERVO UART TX=id6=510 attempt=1 RX=OK ID6 TARGET 510
[target_vision_2-3] SERVO UART TX=zp4:1000 attempt=1 RX=OK ZP4 1000
[target_vision_2-3] SERVO UART TX=id2=300 attempt=1 RX=OK ID2 TARGET 300
[target_vision_2-3] SERVO FEEDBACK stage=centering ID1=547/550 ID2=300/300
[target_vision_2-3] DIRECT2 LOCK target={"kind": "square", "color": "red", "center": [517, 211], "box": "[[458 162]\n [569 157]\n [574 257]\n [464 262]]", "bbox": [459, 157, 117, 107], "projected_area": 11149.696813020337, "fully_visible": true, "angle": 87.0, "area_ratio": 0.023228535027125703, "area_percent": 2.32285350271257, "diameter_ratio": 0.19555555555555557, "distance_cm": 15.85358216991723, "raw_distance_cm": 14.856447317771478} plan=direct-2 dx=30mm dy=-23mm d=15.9cm overhead=441/238 final=375/250 ID6=480 err=0.4mm
[target_vision_2-3] GRASP COMMAND reason=direct-2 overhead+open; hold ID6 center | direct-2 dx=30mm dy=-23mm d=15.9cm overhead=441/238 final=375/250 ID6=480 err=0.4mm ID1=441 ID2=238 ID4=1500 ID6=510 gap=82.7deg
[target_vision_2-3] SERVO UART TX=armpair=441,238 attempt=1 RX=OK ARMPAIR 441 238
[target_vision_2-3] SERVO UART TX=id6=510 attempt=1 RX=OK ID6 TARGET 510
[target_vision_2-3] SERVO UART TX=zp4:1500 attempt=1 RX=OK ZP4 1500
[target_vision_2-3] SERVO FEEDBACK stage=direct_2_overhead ID1=441/441 ID2=239/238
[target_vision_2-3] GRASP COMMAND reason=direct-2 descend with calculated ID6 ID1=375 ID2=250 ID4=1500 ID6=480 gap=69.9deg
[target_vision_2-3] SERVO UART TX=armpair=375,250 attempt=1 RX=OK ARMPAIR 375 250
[target_vision_2-3] SERVO UART TX=id6=480 attempt=1 RX=OK ID6 TARGET 480
[target_vision_2-3] VISION FPS=6.1
[target_vision_2-3] VISION PERF read=12.6ms detect=161.4ms/detect post=100.1ms display=10.3ms
[target_vision_2-3] SERVO FEEDBACK stage=direct_2_descend ID1=374/375 ID2=247/250
[target_vision_2-3] CLAW COMMAND reason=direct-2 final reached; close claw ID4=1000
[target_vision_2-3] SERVO UART TX=zp4:1000 attempt=1 RX=OK ZP4 1000
[target_vision_2-3] GRASP COMMAND reason=direct-2 grasp complete; return ID6 center ID1=374 ID2=247 ID4=1000 ID6=510 gap=68.9deg
[target_vision_2-3] SERVO UART TX=armpair=374,247 attempt=1 RX=OK ARMPAIR 374 247
[target_vision_2-3] SERVO UART TX=id6=510 attempt=1 RX=OK ID6 TARGET 510
[target_vision_2-3] Library QUIRC is not linked. No decoding is performed. Take it to the OpenCV repository.
[target_vision_2-3] Library QUIRC is not linked. No decoding is performed. Take it to the OpenCV repository.
[target_vision_2-3] VISION FPS=30.1
[target_vision_2-3] VISION PERF read=16.4ms detect=157.6ms/detect post=15.8ms display=11.5ms
[target_vision_2-3] Library QUIRC is not linked. No decoding is performed. Take it to the OpenCV repository.
[target_vision_2-3] Library QUIRC is not linked. No decoding is performed. Take it to the OpenCV repository.
[target_vision_2-3] VISION PERF read=17.4ms detect=171.2ms/detect post=3.0ms display=12.9ms
[target_vision_2-3] VISION FPS=29.9
[target_vision_2-3] Library QUIRC is not linked. No decoding is performed. Take it to the OpenCV repository.
[target_vision_2-3] VISION PERF read=16.2ms detect=179.6ms/detect post=3.4ms display=13.6ms
[target_vision_2-3] VISION FPS=30.0
[WARNING] [launch]: user interrupted with ctrl-c (SIGINT)
[target_vision_2-3] Process SpawnProcess-1:
[target_vision_2-3] Traceback (most recent call last):
[target_vision_2-3]   File "/usr/lib/python3.10/multiprocessing/process.py", line 314, in _bootstrap
[target_vision_2-3]     self.run()
[target_vision_2-3]   File "/usr/lib/python3.10/multiprocessing/process.py", line 108, in run
[target_vision_2-3]     self._target(*self._args, **self._kwargs)
[target_vision_2-3]   File "/usr/lib/python3.10/concurrent/futures/process.py", line 240, in _process_worker
[target_vision_2-3]     call_item = call_queue.get(block=True)
[target_vision_2-3]   File "/usr/lib/python3.10/multiprocessing/queues.py", line 103, in get
[target_vision_2-3]     res = self._recv_bytes()
[target_vision_2-3]   File "/usr/lib/python3.10/multiprocessing/connection.py", line 216, in recv_bytes
[target_vision_2-3]     buf = self._recv_bytes(maxlength)
[target_vision_2-3]   File "/usr/lib/python3.10/multiprocessing/connection.py", line 414, in _recv_bytes
[target_vision_2-3]     buf = self._recv(4)
[target_vision_2-3]   File "/usr/lib/python3.10/multiprocessing/connection.py", line 379, in _recv
[target_vision_2-3]     chunk = read(handle, remaining)
[target_vision_2-3] KeyboardInterrupt
[rviz2-4] [INFO] [1783385508.882112582] [rclcpp]: signal_handler(SIGINT/SIGTERM)
[robot_state_publisher-2] [INFO] [1783385508.882140290] [rclcpp]: signal_handler(SIGINT/SIGTERM)
[INFO] [robot_state_publisher-2]: process has finished cleanly [pid 31006]
[target_vision_2-3] APP EXIT closing claw to ID4=1000
[INFO] [rviz2-4]: process has finished cleanly [pid 31022]
[target_vision_2-3] SERVO UART TX=zp4:1000 attempt=1 RX=OK ZP4 1000
[target_vision_2-3] APP EXIT retracting ID2 first to 100
[target_vision_2-3] SERVO UART TX=id2=100 attempt=1 RX=OK ID2 TARGET 100
[target_vision_2-3] APP EXIT retracting ID1 to 340 and ID6 to 510
[target_vision_2-3] SERVO UART TX=id1=340 attempt=1 RX=OK ID1 TARGET 340
[target_vision_2-3] SERVO UART TX=id6=510 attempt=1 RX=OK ID6 TARGET 510
[target_vision_2-3] Traceback (most recent call last):
[target_vision_2-3]   File "/home/cat/ros2_ws/install/ros2_test1/lib/ros2_test1/target_vision_2", line 33, in <module>
[target_vision_2-3]     sys.exit(load_entry_point('ros2-test1', 'console_scripts', 'target_vision_2')())
[target_vision_2-3]   File "/home/cat/ros2_ws/build/ros2_test1/ros2_test1/target_vision_2.py", line 253, in main
[target_vision_2-3]     return vision1.main(arguments)
[target_vision_2-3]   File "/home/cat/ros2_ws/build/ros2_test1/ros2_test1/target_vision.py", line 3597, in main
[target_vision_2-3]     ok, frame = cap.read()
[target_vision_2-3] KeyboardInterrupt
[ERROR] [target_vision_2-3]: process has died [pid 31020, exit code -2, cmd '/home/cat/ros2_ws/install/ros2_test1/lib/ros2_test1/target_vision_2 --enable-red-square-grasp --enable-arm-preview --no-web --width 800 --height 600 --fps 30 --detect-every-n-frames 1 --detection-scale 0.75 --window-x 0 --window-y 60 --window-width 620 --window-height 520 --preview-id1 550 --preview-id2 300 --preview-id4 1000 --preview-id6 510 --grasp-id1-ready 550 --grasp-id2-ready 300 --grasp-id4-closed 1000 --grasp-id4-open 1500 --servo-angle-gap-deg 0 --grasp-command-interval 0.15 --grasp-stable-frames 1 --camera-gripper-offset-mm 50 --camera-gripper-vertical-offset-mm 0 --trigger-kind square --trigger-color red --ros-args -r __node:=red_square_grasp_direct_2'].
[INFO] [launch]: process[target_vision_2-3] was required: shutting down launched system
==== 2026-07-07 08:52:06 start target vision 2.0 ====
[INFO] [launch]: All log files can be found below /home/cat/.ros/log/2026-07-07-08-52-08-339722-lubancat-31221
[INFO] [launch]: Default logging verbosity is set to INFO
[INFO] [bash-1]: process started with pid [31254]
[INFO] [robot_state_publisher-2]: process started with pid [31256]
[INFO] [bash-1]: process has finished cleanly [pid 31254]
[robot_state_publisher-2] [INFO] [1783385528.486029177] [robot_state_publisher]: got segment base_link
[robot_state_publisher-2] [INFO] [1783385528.486211760] [robot_state_publisher]: got segment base_mount
[robot_state_publisher-2] [INFO] [1783385528.486226927] [robot_state_publisher]: got segment blue_active_bar
[robot_state_publisher-2] [INFO] [1783385528.486236260] [robot_state_publisher]: got segment blue_upper_bar
[robot_state_publisher-2] [INFO] [1783385528.486244427] [robot_state_publisher]: got segment end_effector
[robot_state_publisher-2] [INFO] [1783385528.486251718] [robot_state_publisher]: got segment extension_bar
[robot_state_publisher-2] [INFO] [1783385528.486258718] [robot_state_publisher]: got segment extension_tip
[robot_state_publisher-2] [INFO] [1783385528.486266302] [robot_state_publisher]: got segment gripper_finger_left
[robot_state_publisher-2] [INFO] [1783385528.486273593] [robot_state_publisher]: got segment gripper_finger_right
[robot_state_publisher-2] [INFO] [1783385528.486280885] [robot_state_publisher]: got segment orange_active_bar
[robot_state_publisher-2] [INFO] [1783385528.486287885] [robot_state_publisher]: got segment orange_upper_bar
[robot_state_publisher-2] [INFO] [1783385528.486294593] [robot_state_publisher]: got segment square_platform
[INFO] [target_vision_2-3]: process started with pid [31270]
[INFO] [rviz2-4]: process started with pid [31272]
[rviz2-4] [INFO] [1783385530.301411984] [rviz2]: Stereo is NOT SUPPORTED
[rviz2-4] [INFO] [1783385530.301575609] [rviz2]: OpenGl version: 3.3 (GLSL 3.3)
[rviz2-4] [INFO] [1783385530.330259862] [rviz2]: Stereo is NOT SUPPORTED
[target_vision_2-3] arm preview publishing /joint_states, /arm/grasp_status, and target markers
[target_vision_2-3] servo bridge on /dev/ttyS0
[target_vision_2-3] Camera: /dev/video20 800x600 reported_fps=30.0 attempt=1
[target_vision_2-3] Press q or Esc in the preview window to quit.
[target_vision_2-3] SERVO FEEDBACK stage=centering ID1=341/550 ID2=98/300
[target_vision_2-3] Library QUIRC is not linked. No decoding is performed. Take it to the OpenCV repository.
[target_vision_2-3] SERVO UART TX=id1=550 attempt=1 RX=OK ID1 TARGET 550
[target_vision_2-3] SERVO UART TX=id6=510 attempt=1 RX=OK ID6 TARGET 510
[target_vision_2-3] SERVO UART TX=zp4:1000 attempt=1 RX=OK ZP4 1000
[target_vision_2-3] Library QUIRC is not linked. No decoding is performed. Take it to the OpenCV repository.
[target_vision_2-3] SERVO UART TX=id2=300 attempt=1 RX=OK ID2 TARGET 300
[target_vision_2-3] SERVO FEEDBACK stage=centering ID1=545/550 ID2=300/300
[target_vision_2-3] DIRECT2 LOCK target={"kind": "square", "color": "red", "center": [408, 271], "box": "[[365 304]\n [373 230]\n [452 238]\n [442 312]]", "bbox": [365, 231, 88, 83], "projected_area": 5766.939307422014, "fully_visible": true, "angle": 6.3, "area_ratio": 0.012014456890462532, "area_percent": 1.2014456890462533, "diameter_ratio": 0.14666666666666667, "distance_cm": 21.747968189088866, "raw_distance_cm": 21.2848682051603} plan=direct-2 dx=3mm dy=-10mm d=21.7cm overhead=399/236 final=328/259 ID6=508 err=0.8mm
[target_vision_2-3] GRASP COMMAND reason=direct-2 overhead+open; hold ID6 center | direct-2 dx=3mm dy=-10mm d=21.7cm overhead=399/236 final=328/259 ID6=508 err=0.8mm ID1=399 ID2=236 ID4=1500 ID6=510 gap=72.3deg
[target_vision_2-3] SERVO UART TX=armpair=399,236 attempt=1 RX=OK ARMPAIR 399 236
[target_vision_2-3] SERVO UART TX=id6=510 attempt=1 RX=OK ID6 TARGET 510
[target_vision_2-3] SERVO UART TX=zp4:1500 attempt=1 RX=timeout
[target_vision_2-3] SERVO UART TX=zp4:1500 attempt=2 RX=timeout
[target_vision_2-3] Library QUIRC is not linked. No decoding is performed. Take it to the OpenCV repository.
[target_vision_2-3] VISION FPS=8.7
[target_vision_2-3] VISION PERF read=14.1ms detect=171.7ms/detect post=62.0ms display=10.1ms
[target_vision_2-3] Library QUIRC is not linked. No decoding is performed. Take it to the OpenCV repository.
[target_vision_2-3] Library QUIRC is not linked. No decoding is performed. Take it to the OpenCV repository.
[target_vision_2-3] Library QUIRC is not linked. No decoding is performed. Take it to the OpenCV repository.
[target_vision_2-3] VISION FPS=30.0
[target_vision_2-3] VISION PERF read=18.9ms detect=180.6ms/detect post=2.5ms display=11.8ms
[target_vision_2-3] Library QUIRC is not linked. No decoding is performed. Take it to the OpenCV repository.
[WARNING] [launch]: user interrupted with ctrl-c (SIGINT)
[rviz2-4] [INFO] [1783385542.612402346] [rclcpp]: signal_handler(SIGINT/SIGTERM)
[robot_state_publisher-2] [INFO] [1783385542.612454263] [rclcpp]: signal_handler(SIGINT/SIGTERM)
[INFO] [robot_state_publisher-2]: process has finished cleanly [pid 31256]
[target_vision_2-3] APP EXIT closing claw to ID4=1000
[INFO] [rviz2-4]: process has finished cleanly [pid 31272]
[target_vision_2-3] SERVO UART TX=zp4:1000 attempt=1 RX=timeout
[target_vision_2-3] SERVO UART TX=zp4:1000 attempt=2 RX=timeout
[target_vision_2-3] APP EXIT retracting ID2 first to 100
[target_vision_2-3] SERVO UART TX=id2=100 attempt=1 RX=timeout
[target_vision_2-3] SERVO UART TX=id2=100 attempt=2 RX=timeout
[target_vision_2-3] APP EXIT retracting ID1 to 340 and ID6 to 510
[target_vision_2-3] SERVO UART TX=id1=340 attempt=1 RX=timeout
[target_vision_2-3] SERVO UART TX=id1=340 attempt=2 RX=timeout
[target_vision_2-3] Traceback (most recent call last):
[target_vision_2-3]   File "/home/cat/ros2_ws/install/ros2_test1/lib/ros2_test1/target_vision_2", line 33, in <module>
[target_vision_2-3]     sys.exit(load_entry_point('ros2-test1', 'console_scripts', 'target_vision_2')())
[target_vision_2-3]   File "/home/cat/ros2_ws/build/ros2_test1/ros2_test1/target_vision_2.py", line 253, in main
[target_vision_2-3]     return vision1.main(arguments)
[target_vision_2-3]   File "/home/cat/ros2_ws/build/ros2_test1/ros2_test1/target_vision.py", line 3642, in main
[target_vision_2-3]     output, info = detector.draw(frame, display_detections)
[target_vision_2-3]   File "/home/cat/ros2_ws/build/ros2_test1/ros2_test1/target_vision_2.py", line 63, in _draw_vision2
[target_vision_2-3]     output, info = _vision1_draw(self, frame, detections)
[target_vision_2-3]   File "/home/cat/ros2_ws/build/ros2_test1/ros2_test1/target_vision.py", line 2789, in draw
[target_vision_2-3]     cv2.putText(out, info, (10, 28), cv2.FONT_HERSHEY_SIMPLEX, 0.62, (0, 255, 0), 2)
[target_vision_2-3] KeyboardInterrupt
[ERROR] [target_vision_2-3]: process has died [pid 31270, exit code -2, cmd '/home/cat/ros2_ws/install/ros2_test1/lib/ros2_test1/target_vision_2 --enable-red-square-grasp --enable-arm-preview --no-web --width 800 --height 600 --fps 30 --detect-every-n-frames 1 --detection-scale 0.75 --window-x 0 --window-y 60 --window-width 620 --window-height 520 --preview-id1 550 --preview-id2 300 --preview-id4 1000 --preview-id6 510 --grasp-id1-ready 550 --grasp-id2-ready 300 --grasp-id4-closed 1000 --grasp-id4-open 1500 --servo-angle-gap-deg 0 --grasp-command-interval 0.15 --grasp-stable-frames 1 --camera-gripper-offset-mm 50 --camera-gripper-vertical-offset-mm 0 --trigger-kind square --trigger-color red --ros-args -r __node:=red_square_grasp_direct_2'].
[INFO] [launch]: process[target_vision_2-3] was required: shutting down launched system
==== 2026-07-07 08:52:27 start target vision 2.0 ====
[INFO] [launch]: All log files can be found below /home/cat/.ros/log/2026-07-07-08-52-29-365282-lubancat-31422
[INFO] [launch]: Default logging verbosity is set to INFO
[INFO] [bash-1]: process started with pid [31455]
[INFO] [robot_state_publisher-2]: process started with pid [31457]
[INFO] [bash-1]: process has finished cleanly [pid 31455]
[robot_state_publisher-2] [INFO] [1783385549.528901791] [robot_state_publisher]: got segment base_link
[robot_state_publisher-2] [INFO] [1783385549.529070374] [robot_state_publisher]: got segment base_mount
[robot_state_publisher-2] [INFO] [1783385549.529082916] [robot_state_publisher]: got segment blue_active_bar
[robot_state_publisher-2] [INFO] [1783385549.529092249] [robot_state_publisher]: got segment blue_upper_bar
[robot_state_publisher-2] [INFO] [1783385549.529099833] [robot_state_publisher]: got segment end_effector
[robot_state_publisher-2] [INFO] [1783385549.529106833] [robot_state_publisher]: got segment extension_bar
[robot_state_publisher-2] [INFO] [1783385549.529113541] [robot_state_publisher]: got segment extension_tip
[robot_state_publisher-2] [INFO] [1783385549.529121124] [robot_state_publisher]: got segment gripper_finger_left
[robot_state_publisher-2] [INFO] [1783385549.529128124] [robot_state_publisher]: got segment gripper_finger_right
[robot_state_publisher-2] [INFO] [1783385549.529135416] [robot_state_publisher]: got segment orange_active_bar
[robot_state_publisher-2] [INFO] [1783385549.529142124] [robot_state_publisher]: got segment orange_upper_bar
[robot_state_publisher-2] [INFO] [1783385549.529149124] [robot_state_publisher]: got segment square_platform
[INFO] [target_vision_2-3]: process started with pid [31471]
[INFO] [rviz2-4]: process started with pid [31473]
[rviz2-4] [INFO] [1783385551.343407848] [rviz2]: Stereo is NOT SUPPORTED
[rviz2-4] [INFO] [1783385551.343532098] [rviz2]: OpenGl version: 3.3 (GLSL 3.3)
[rviz2-4] [INFO] [1783385551.371197851] [rviz2]: Stereo is NOT SUPPORTED
[target_vision_2-3] arm preview publishing /joint_states, /arm/grasp_status, and target markers
[target_vision_2-3] servo bridge on /dev/ttyS0
[target_vision_2-3] Camera: /dev/video20 800x600 reported_fps=30.0 attempt=1
[target_vision_2-3] Press q or Esc in the preview window to quit.
[target_vision_2-3] Library QUIRC is not linked. No decoding is performed. Take it to the OpenCV repository.
[target_vision_2-3] Library QUIRC is not linked. No decoding is performed. Take it to the OpenCV repository.
[target_vision_2-3] VISION FPS=1.1
[target_vision_2-3] VISION PERF read=4.3ms detect=165.0ms/detect post=925.2ms display=7.4ms
[target_vision_2-3] SERVO FEEDBACK stage=centering ID1=399/550 ID2=234/300
[target_vision_2-3] SERVO UART TX=id1=550 attempt=1 RX=OK ID1 TARGET 550
[target_vision_2-3] SERVO UART TX=id6=510 attempt=1 RX=OK ID6 TARGET 510
[target_vision_2-3] SERVO UART TX=zp4:1000 attempt=1 RX=OK ZP4 1000
[target_vision_2-3] VISION FPS=1.3
[target_vision_2-3] VISION PERF read=4.5ms detect=165.1ms/detect post=866.8ms display=9.3ms
[target_vision_2-3] SERVO UART TX=id2=300 attempt=1 RX=OK ID2 TARGET 300
[target_vision_2-3] SERVO FEEDBACK stage=centering ID1=546/550 ID2=298/300
[target_vision_2-3] DIRECT2 LOCK target={"kind": "square", "color": "red", "center": [419, 231], "box": "[[376 262]\n [385 188]\n [462 197]\n [452 272]]", "bbox": [376, 188, 88, 85], "projected_area": 5852.380331275829, "fully_visible": true, "angle": 7.4, "area_ratio": 0.01219245902349131, "area_percent": 1.219245902349131, "diameter_ratio": 0.14666666666666667, "distance_cm": 21.647059352530356, "raw_distance_cm": 21.117148864346124} plan=direct-2 dx=6mm dy=-24mm d=21.6cm overhead=417/233 final=349/250 ID6=505 err=0.5mm
[target_vision_2-3] GRASP COMMAND reason=direct-2 overhead+open; hold ID6 center | direct-2 dx=6mm dy=-24mm d=21.6cm overhead=417/233 final=349/250 ID6=505 err=0.5mm ID1=417 ID2=233 ID4=1500 ID6=510 gap=75.9deg
[target_vision_2-3] SERVO UART TX=armpair=417,233 attempt=1 RX=OK ARMPAIR 417 233
[target_vision_2-3] SERVO UART TX=id6=510 attempt=1 RX=OK ID6 TARGET 510
[target_vision_2-3] SERVO UART TX=zp4:1500 attempt=1 RX=OK ZP4 1500
[target_vision_2-3] SERVO FEEDBACK stage=direct_2_overhead ID1=416/417 ID2=233/233
[target_vision_2-3] GRASP COMMAND reason=direct-2 descend with calculated ID6 ID1=349 ID2=250 ID4=1500 ID6=505 gap=63.7deg
[target_vision_2-3] SERVO UART TX=armpair=349,250 attempt=1 RX=OK ARMPAIR 349 250
[target_vision_2-3] SERVO UART TX=id6=505 attempt=1 RX=OK ID6 TARGET 505
[target_vision_2-3] SERVO FEEDBACK stage=direct_2_descend ID1=349/349 ID2=246/250
[target_vision_2-3] CLAW COMMAND reason=direct-2 final reached; close claw ID4=1000
[target_vision_2-3] SERVO UART TX=zp4:1000 attempt=1 RX=OK ZP4 1000
[target_vision_2-3] VISION FPS=11.9
[target_vision_2-3] VISION PERF read=14.3ms detect=161.1ms/detect post=77.8ms display=10.0ms
[target_vision_2-3] GRASP COMMAND reason=direct-2 grasp complete; return ID6 center ID1=349 ID2=246 ID4=1000 ID6=510 gap=62.8deg
[target_vision_2-3] SERVO UART TX=armpair=349,246 attempt=1 RX=OK ARMPAIR 349 246
[target_vision_2-3] SERVO UART TX=id6=510 attempt=1 RX=OK ID6 TARGET 510
[target_vision_2-3] Library QUIRC is not linked. No decoding is performed. Take it to the OpenCV repository.
[target_vision_2-3] Library QUIRC is not linked. No decoding is performed. Take it to the OpenCV repository.
[target_vision_2-3] VISION FPS=29.9
[target_vision_2-3] VISION PERF read=17.9ms detect=169.2ms/detect post=5.2ms display=11.3ms
[target_vision_2-3] Library QUIRC is not linked. No decoding is performed. Take it to the OpenCV repository.
[target_vision_2-3] Library QUIRC is not linked. No decoding is performed. Take it to the OpenCV repository.
[target_vision_2-3] Library QUIRC is not linked. No decoding is performed. Take it to the OpenCV repository.
[target_vision_2-3] Library QUIRC is not linked. No decoding is performed. Take it to the OpenCV repository.
[target_vision_2-3] VISION FPS=30.0
[target_vision_2-3] VISION PERF read=17.2ms detect=186.3ms/detect post=2.9ms display=13.2ms
[target_vision_2-3] Library QUIRC is not linked. No decoding is performed. Take it to the OpenCV repository.
[target_vision_2-3] Library QUIRC is not linked. No decoding is performed. Take it to the OpenCV repository.
[target_vision_2-3] VISION FPS=30.0
[target_vision_2-3] VISION PERF read=17.3ms detect=190.3ms/detect post=2.8ms display=13.1ms
[target_vision_2-3] Library QUIRC is not linked. No decoding is performed. Take it to the OpenCV repository.
[target_vision_2-3] VISION PERF read=16.9ms detect=190.1ms/detect post=2.7ms display=13.7ms
[target_vision_2-3] VISION FPS=30.0
[target_vision_2-3] Library QUIRC is not linked. No decoding is performed. Take it to the OpenCV repository.
[target_vision_2-3] VISION PERF read=17.0ms detect=173.4ms/detect post=2.8ms display=13.3ms
[target_vision_2-3] VISION FPS=30.1
[target_vision_2-3] Library QUIRC is not linked. No decoding is performed. Take it to the OpenCV repository.
[target_vision_2-3] Library QUIRC is not linked. No decoding is performed. Take it to the OpenCV repository.
[target_vision_2-3] VISION FPS=30.1
[target_vision_2-3] VISION PERF read=16.6ms detect=188.9ms/detect post=2.7ms display=13.9ms
[target_vision_2-3] Library QUIRC is not linked. No decoding is performed. Take it to the OpenCV repository.
[target_vision_2-3] VISION FPS=30.2
[target_vision_2-3] VISION PERF read=14.2ms detect=223.8ms/detect post=4.4ms display=14.6ms
[target_vision_2-3] Library QUIRC is not linked. No decoding is performed. Take it to the OpenCV repository.
[target_vision_2-3] VISION FPS=30.1
[target_vision_2-3] VISION PERF read=15.1ms detect=213.9ms/detect post=3.8ms display=14.3ms
[target_vision_2-3] Library QUIRC is not linked. No decoding is performed. Take it to the OpenCV repository.
[target_vision_2-3] Library QUIRC is not linked. No decoding is performed. Take it to the OpenCV repository.
[target_vision_2-3] Library QUIRC is not linked. No decoding is performed. Take it to the OpenCV repository.
[target_vision_2-3] VISION FPS=30.2
[target_vision_2-3] VISION PERF read=15.3ms detect=204.8ms/detect post=3.5ms display=14.4ms
[target_vision_2-3] Library QUIRC is not linked. No decoding is performed. Take it to the OpenCV repository.
[target_vision_2-3] VISION PERF read=15.8ms detect=203.4ms/detect post=3.3ms display=14.1ms
[target_vision_2-3] VISION FPS=30.1
[target_vision_2-3] VISION PERF read=14.9ms detect=207.0ms/detect post=3.5ms display=14.8ms
[target_vision_2-3] VISION FPS=30.0
[target_vision_2-3] Library QUIRC is not linked. No decoding is performed. Take it to the OpenCV repository.
[target_vision_2-3] Library QUIRC is not linked. No decoding is performed. Take it to the OpenCV repository.
[target_vision_2-3] Library QUIRC is not linked. No decoding is performed. Take it to the OpenCV repository.
[target_vision_2-3] Library QUIRC is not linked. No decoding is performed. Take it to the OpenCV repository.
[target_vision_2-3] VISION PERF read=14.8ms detect=216.5ms/detect post=3.6ms display=14.9ms
[target_vision_2-3] VISION FPS=29.9
[target_vision_2-3] Library QUIRC is not linked. No decoding is performed. Take it to the OpenCV repository.
[target_vision_2-3] Library QUIRC is not linked. No decoding is performed. Take it to the OpenCV repository.
[target_vision_2-3] Library QUIRC is not linked. No decoding is performed. Take it to the OpenCV repository.
[target_vision_2-3] VISION PERF read=15.4ms detect=207.1ms/detect post=3.3ms display=14.4ms
[target_vision_2-3] VISION FPS=30.0
[target_vision_2-3] Library QUIRC is not linked. No decoding is performed. Take it to the OpenCV repository.
[target_vision_2-3] VISION PERF read=15.0ms detect=210.1ms/detect post=3.5ms display=14.7ms
[target_vision_2-3] VISION FPS=29.9
[target_vision_2-3] VISION PERF read=15.0ms detect=209.9ms/detect post=3.4ms display=14.8ms
[target_vision_2-3] VISION FPS=29.7
[target_vision_2-3] VISION PERF read=15.4ms detect=207.8ms/detect post=3.2ms display=14.7ms
[target_vision_2-3] VISION FPS=29.9
[target_vision_2-3] VISION PERF read=15.4ms detect=206.6ms/detect post=3.6ms display=14.3ms
[target_vision_2-3] VISION FPS=30.1
[target_vision_2-3] Library QUIRC is not linked. No decoding is performed. Take it to the OpenCV repository.
[target_vision_2-3] VISION PERF read=14.7ms detect=211.4ms/detect post=3.7ms display=14.8ms
[target_vision_2-3] VISION FPS=29.9
[target_vision_2-3] VISION PERF read=14.8ms detect=222.4ms/detect post=3.5ms display=15.1ms
[target_vision_2-3] VISION FPS=30.0
[target_vision_2-3] Library QUIRC is not linked. No decoding is performed. Take it to the OpenCV repository.
[target_vision_2-3] VISION PERF read=14.3ms detect=220.9ms/detect post=3.6ms display=15.2ms
[target_vision_2-3] VISION FPS=29.9
[target_vision_2-3] Library QUIRC is not linked. No decoding is performed. Take it to the OpenCV repository.
[target_vision_2-3] VISION PERF read=14.6ms detect=223.3ms/detect post=3.6ms display=15.0ms
[target_vision_2-3] VISION FPS=30.2
[target_vision_2-3] VISION PERF read=15.0ms detect=220.4ms/detect post=3.6ms display=14.7ms
[target_vision_2-3] VISION FPS=30.1
[target_vision_2-3] VISION PERF read=14.4ms detect=221.1ms/detect post=3.7ms display=15.2ms
[target_vision_2-3] VISION FPS=30.0
[target_vision_2-3] Library QUIRC is not linked. No decoding is performed. Take it to the OpenCV repository.
[target_vision_2-3] Library QUIRC is not linked. No decoding is performed. Take it to the OpenCV repository.
[target_vision_2-3] VISION PERF read=14.2ms detect=223.0ms/detect post=3.5ms display=15.5ms
[target_vision_2-3] VISION FPS=29.9
[target_vision_2-3] Library QUIRC is not linked. No decoding is performed. Take it to the OpenCV repository.
[target_vision_2-3] Library QUIRC is not linked. No decoding is performed. Take it to the OpenCV repository.
[target_vision_2-3] VISION PERF read=14.1ms detect=223.4ms/detect post=4.0ms display=15.2ms
[target_vision_2-3] VISION FPS=30.0
[target_vision_2-3] VISION PERF read=13.9ms detect=225.0ms/detect post=3.7ms display=15.6ms
[target_vision_2-3] VISION FPS=30.0
[target_vision_2-3] Library QUIRC is not linked. No decoding is performed. Take it to the OpenCV repository.
[target_vision_2-3] Library QUIRC is not linked. No decoding is performed. Take it to the OpenCV repository.
[target_vision_2-3] VISION PERF read=14.0ms detect=224.3ms/detect post=3.8ms display=15.6ms
[target_vision_2-3] VISION FPS=30.0
[target_vision_2-3] VISION PERF read=13.5ms detect=220.6ms/detect post=3.8ms display=15.8ms
[target_vision_2-3] VISION FPS=30.0
[target_vision_2-3] Library QUIRC is not linked. No decoding is performed. Take it to the OpenCV repository.
[target_vision_2-3] Library QUIRC is not linked. No decoding is performed. Take it to the OpenCV repository.
[target_vision_2-3] VISION PERF read=13.6ms detect=229.0ms/detect post=3.8ms display=15.9ms
[target_vision_2-3] VISION FPS=30.0
[target_vision_2-3] VISION PERF read=13.4ms detect=224.9ms/detect post=4.1ms display=15.6ms
[target_vision_2-3] VISION FPS=29.8
[target_vision_2-3] VISION PERF read=14.1ms detect=222.2ms/detect post=3.8ms display=15.4ms
[target_vision_2-3] VISION FPS=30.0
[target_vision_2-3] VISION PERF read=13.9ms detect=224.2ms/detect post=3.9ms display=15.5ms
[target_vision_2-3] VISION FPS=30.0
[target_vision_2-3] VISION PERF read=13.9ms detect=226.1ms/detect post=3.7ms display=15.6ms
[target_vision_2-3] VISION FPS=29.8
[target_vision_2-3] VISION PERF read=13.5ms detect=226.8ms/detect post=4.1ms display=15.6ms
[target_vision_2-3] VISION FPS=29.8
[target_vision_2-3] Library QUIRC is not linked. No decoding is performed. Take it to the OpenCV repository.
[target_vision_2-3] Library QUIRC is not linked. No decoding is performed. Take it to the OpenCV repository.
[target_vision_2-3] Library QUIRC is not linked. No decoding is performed. Take it to the OpenCV repository.
[target_vision_2-3] Library QUIRC is not linked. No decoding is performed. Take it to the OpenCV repository.
[target_vision_2-3] VISION PERF read=13.7ms detect=227.3ms/detect post=3.8ms display=15.8ms
[target_vision_2-3] VISION FPS=30.0
[target_vision_2-3] Library QUIRC is not linked. No decoding is performed. Take it to the OpenCV repository.
[target_vision_2-3] VISION PERF read=13.7ms detect=225.5ms/detect post=4.1ms display=15.4ms
[target_vision_2-3] VISION FPS=30.5
[target_vision_2-3] Library QUIRC is not linked. No decoding is performed. Take it to the OpenCV repository.
[target_vision_2-3] VISION PERF read=13.7ms detect=224.0ms/detect post=4.0ms display=15.6ms
[target_vision_2-3] VISION FPS=29.9
[target_vision_2-3] VISION PERF read=13.3ms detect=225.5ms/detect post=4.1ms display=15.8ms
[target_vision_2-3] VISION FPS=30.0
[target_vision_2-3] Library QUIRC is not linked. No decoding is performed. Take it to the OpenCV repository.
[target_vision_2-3] Library QUIRC is not linked. No decoding is performed. Take it to the OpenCV repository.
[target_vision_2-3] VISION PERF read=13.6ms detect=226.2ms/detect post=4.0ms display=15.6ms
[target_vision_2-3] VISION FPS=30.0
[target_vision_2-3] Library QUIRC is not linked. No decoding is performed. Take it to the OpenCV repository.
[target_vision_2-3] Library QUIRC is not linked. No decoding is performed. Take it to the OpenCV repository.
[target_vision_2-3] VISION PERF read=15.0ms detect=213.9ms/detect post=3.5ms display=14.8ms
[target_vision_2-3] VISION FPS=30.0
[target_vision_2-3] VISION PERF read=13.9ms detect=237.0ms/detect post=3.4ms display=15.9ms
[target_vision_2-3] VISION FPS=30.2
[target_vision_2-3] Library QUIRC is not linked. No decoding is performed. Take it to the OpenCV repository.
[target_vision_2-3] Library QUIRC is not linked. No decoding is performed. Take it to the OpenCV repository.
[target_vision_2-3] VISION PERF read=14.5ms detect=229.7ms/detect post=3.6ms display=15.2ms
[target_vision_2-3] VISION FPS=30.3
[target_vision_2-3] Library QUIRC is not linked. No decoding is performed. Take it to the OpenCV repository.
[target_vision_2-3] VISION PERF read=13.5ms detect=236.2ms/detect post=4.2ms display=15.6ms
[target_vision_2-3] VISION FPS=29.9
[target_vision_2-3] Library QUIRC is not linked. No decoding is performed. Take it to the OpenCV repository.
[target_vision_2-3] VISION PERF read=13.6ms detect=231.3ms/detect post=4.0ms display=15.6ms
[target_vision_2-3] VISION FPS=30.1
[target_vision_2-3] Library QUIRC is not linked. No decoding is performed. Take it to the OpenCV repository.
[target_vision_2-3] VISION PERF read=13.6ms detect=230.9ms/detect post=3.7ms display=16.0ms
[target_vision_2-3] VISION FPS=29.8
[target_vision_2-3] VISION PERF read=13.7ms detect=230.1ms/detect post=3.8ms display=15.7ms
[target_vision_2-3] VISION FPS=30.0
[target_vision_2-3] VISION PERF read=14.1ms detect=229.9ms/detect post=3.8ms display=15.3ms
[target_vision_2-3] VISION FPS=30.1
[target_vision_2-3] Library QUIRC is not linked. No decoding is performed. Take it to the OpenCV repository.
[target_vision_2-3] VISION PERF read=13.4ms detect=230.3ms/detect post=3.9ms display=15.9ms
[target_vision_2-3] VISION FPS=30.0
[target_vision_2-3] VISION FPS=30.0
[target_vision_2-3] VISION PERF read=13.7ms detect=230.5ms/detect post=4.0ms display=15.6ms
[target_vision_2-3] Library QUIRC is not linked. No decoding is performed. Take it to the OpenCV repository.
[target_vision_2-3] VISION PERF read=13.9ms detect=231.6ms/detect post=3.6ms display=15.7ms
[target_vision_2-3] VISION FPS=30.0
[target_vision_2-3] VISION FPS=30.0
[target_vision_2-3] VISION PERF read=14.0ms detect=229.7ms/detect post=3.8ms display=15.4ms
[target_vision_2-3] Library QUIRC is not linked. No decoding is performed. Take it to the OpenCV repository.
[target_vision_2-3] VISION FPS=29.9
[target_vision_2-3] VISION PERF read=13.7ms detect=227.3ms/detect post=3.9ms display=15.6ms
[target_vision_2-3] Library QUIRC is not linked. No decoding is performed. Take it to the OpenCV repository.
[target_vision_2-3] VISION FPS=30.0
[target_vision_2-3] VISION PERF read=14.7ms detect=214.7ms/detect post=3.2ms display=15.3ms
[target_vision_2-3] Library QUIRC is not linked. No decoding is performed. Take it to the OpenCV repository.
[target_vision_2-3] Library QUIRC is not linked. No decoding is performed. Take it to the OpenCV repository.
[target_vision_2-3] VISION FPS=30.1
[target_vision_2-3] VISION PERF read=15.2ms detect=203.8ms/detect post=2.8ms display=15.2ms
[target_vision_2-3] Library QUIRC is not linked. No decoding is performed. Take it to the OpenCV repository.
[target_vision_2-3] VISION FPS=30.1
[target_vision_2-3] VISION PERF read=16.3ms detect=175.2ms/detect post=2.8ms display=14.1ms
[target_vision_2-3] Library QUIRC is not linked. No decoding is performed. Take it to the OpenCV repository.
[target_vision_2-3] VISION FPS=30.0
[target_vision_2-3] VISION PERF read=16.0ms detect=175.9ms/detect post=2.9ms display=14.4ms
[target_vision_2-3] Library QUIRC is not linked. No decoding is performed. Take it to the OpenCV repository.
[target_vision_2-3] Library QUIRC is not linked. No decoding is performed. Take it to the OpenCV repository.
[target_vision_2-3] Library QUIRC is not linked. No decoding is performed. Take it to the OpenCV repository.
[target_vision_2-3] VISION FPS=30.0
[target_vision_2-3] VISION PERF read=15.6ms detect=210.1ms/detect post=2.8ms display=14.8ms
[target_vision_2-3] Library QUIRC is not linked. No decoding is performed. Take it to the OpenCV repository.
[target_vision_2-3] Library QUIRC is not linked. No decoding is performed. Take it to the OpenCV repository.
[target_vision_2-3] VISION FPS=30.1
[target_vision_2-3] VISION PERF read=16.2ms detect=183.6ms/detect post=2.7ms display=14.4ms
[target_vision_2-3] Library QUIRC is not linked. No decoding is performed. Take it to the OpenCV repository.
[target_vision_2-3] VISION FPS=30.0
[target_vision_2-3] VISION PERF read=15.8ms detect=183.9ms/detect post=2.8ms display=14.6ms
[target_vision_2-3] Library QUIRC is not linked. No decoding is performed. Take it to the OpenCV repository.
[target_vision_2-3] VISION FPS=30.0
[target_vision_2-3] VISION PERF read=16.1ms detect=187.8ms/detect post=2.7ms display=14.4ms
[target_vision_2-3] VISION FPS=30.0
[target_vision_2-3] VISION PERF read=16.0ms detect=185.2ms/detect post=2.8ms display=14.4ms
[target_vision_2-3] Library QUIRC is not linked. No decoding is performed. Take it to the OpenCV repository.
[target_vision_2-3] VISION FPS=30.1
[target_vision_2-3] VISION PERF read=16.2ms detect=186.8ms/detect post=2.8ms display=14.3ms
[target_vision_2-3] VISION FPS=30.3
[target_vision_2-3] VISION PERF read=15.2ms detect=190.0ms/detect post=2.8ms display=15.3ms
[target_vision_2-3] VISION FPS=30.1
[target_vision_2-3] VISION PERF read=15.9ms detect=186.5ms/detect post=2.8ms display=14.4ms
[target_vision_2-3] Library QUIRC is not linked. No decoding is performed. Take it to the OpenCV repository.
[target_vision_2-3] Library QUIRC is not linked. No decoding is performed. Take it to the OpenCV repository.
[target_vision_2-3] VISION FPS=30.0
[target_vision_2-3] VISION PERF read=16.3ms detect=186.9ms/detect post=2.8ms display=14.2ms
[target_vision_2-3] Library QUIRC is not linked. No decoding is performed. Take it to the OpenCV repository.
[target_vision_2-3] Library QUIRC is not linked. No decoding is performed. Take it to the OpenCV repository.
[target_vision_2-3] VISION FPS=29.9
[target_vision_2-3] VISION PERF read=15.1ms detect=196.8ms/detect post=2.7ms display=15.4ms
[target_vision_2-3] VISION PERF read=15.6ms detect=198.5ms/detect post=2.6ms display=15.1ms
[target_vision_2-3] VISION FPS=30.1
[target_vision_2-3] Library QUIRC is not linked. No decoding is performed. Take it to the OpenCV repository.
[target_vision_2-3] VISION PERF read=16.2ms detect=186.1ms/detect post=2.6ms display=14.5ms
[target_vision_2-3] VISION FPS=29.9
[target_vision_2-3] Library QUIRC is not linked. No decoding is performed. Take it to the OpenCV repository.
[target_vision_2-3] VISION PERF read=16.3ms detect=186.5ms/detect post=2.8ms display=14.1ms
[target_vision_2-3] VISION FPS=30.0
[target_vision_2-3] VISION PERF read=15.7ms detect=184.7ms/detect post=2.8ms display=14.7ms
[target_vision_2-3] VISION FPS=30.1
[target_vision_2-3] VISION PERF read=16.2ms detect=185.6ms/detect post=2.7ms display=14.3ms
[target_vision_2-3] VISION FPS=29.9
[target_vision_2-3] VISION PERF read=16.4ms detect=185.0ms/detect post=2.6ms display=14.3ms
[target_vision_2-3] VISION FPS=30.0
[target_vision_2-3] VISION PERF read=16.1ms detect=188.6ms/detect post=2.7ms display=14.4ms
[target_vision_2-3] VISION FPS=30.0
[target_vision_2-3] Library QUIRC is not linked. No decoding is performed. Take it to the OpenCV repository.
[target_vision_2-3] Library QUIRC is not linked. No decoding is performed. Take it to the OpenCV repository.
[target_vision_2-3] VISION PERF read=15.9ms detect=186.7ms/detect post=2.8ms display=14.4ms
[target_vision_2-3] VISION FPS=30.1
[target_vision_2-3] VISION PERF read=15.8ms detect=189.7ms/detect post=2.7ms display=14.6ms
[target_vision_2-3] VISION FPS=29.9
[target_vision_2-3] VISION PERF read=15.7ms detect=193.9ms/detect post=2.6ms display=14.9ms
[target_vision_2-3] VISION FPS=30.1
[target_vision_2-3] VISION PERF read=15.8ms detect=190.7ms/detect post=2.7ms display=14.7ms
[target_vision_2-3] VISION FPS=29.9
[WARNING] [launch]: user interrupted with ctrl-c (SIGINT)
[rviz2-4] [INFO] [1783385956.760608292] [rclcpp]: signal_handler(SIGINT/SIGTERM)
[robot_state_publisher-2] [INFO] [1783385956.760579708] [rclcpp]: signal_handler(SIGINT/SIGTERM)
[INFO] [robot_state_publisher-2]: process has finished cleanly [pid 31457]
[target_vision_2-3] APP EXIT closing claw to ID4=1000
[INFO] [rviz2-4]: process has finished cleanly [pid 31473]
[target_vision_2-3] SERVO UART TX=zp4:1000 attempt=1 RX=OK ZP4 1000
[target_vision_2-3] APP EXIT retracting ID2 first to 100
[target_vision_2-3] SERVO UART TX=id2=100 attempt=1 RX=OK ID2 TARGET 100
[target_vision_2-3] APP EXIT retracting ID1 to 340 and ID6 to 510
[target_vision_2-3] SERVO UART TX=id1=340 attempt=1 RX=OK ID1 TARGET 340
[target_vision_2-3] SERVO UART TX=id6=510 attempt=1 RX=OK ID6 TARGET 510
[target_vision_2-3] Traceback (most recent call last):
[target_vision_2-3]   File "/home/cat/ros2_ws/install/ros2_test1/lib/ros2_test1/target_vision_2", line 33, in <module>
[target_vision_2-3]     sys.exit(load_entry_point('ros2-test1', 'console_scripts', 'target_vision_2')())
[target_vision_2-3]   File "/home/cat/ros2_ws/build/ros2_test1/ros2_test1/target_vision_2.py", line 253, in main
[target_vision_2-3]     return vision1.main(arguments)
[target_vision_2-3]   File "/home/cat/ros2_ws/build/ros2_test1/ros2_test1/target_vision.py", line 3677, in main
[target_vision_2-3]     key = cv2.waitKey(1) & 0xFF
[target_vision_2-3] KeyboardInterrupt
[ERROR] [target_vision_2-3]: process has died [pid 31471, exit code -2, cmd '/home/cat/ros2_ws/install/ros2_test1/lib/ros2_test1/target_vision_2 --enable-red-square-grasp --enable-arm-preview --no-web --width 800 --height 600 --fps 30 --detect-every-n-frames 1 --detection-scale 0.75 --window-x 0 --window-y 60 --window-width 620 --window-height 520 --preview-id1 550 --preview-id2 300 --preview-id4 1000 --preview-id6 510 --grasp-id1-ready 550 --grasp-id2-ready 300 --grasp-id4-closed 1000 --grasp-id4-open 1500 --servo-angle-gap-deg 0 --grasp-command-interval 0.15 --grasp-stable-frames 1 --camera-gripper-offset-mm 50 --camera-gripper-vertical-offset-mm 0 --trigger-kind square --trigger-color red --ros-args -r __node:=red_square_grasp_direct_2'].
[INFO] [launch]: process[target_vision_2-3] was required: shutting down launched system
==== 2026-07-07 08:59:19 start target vision 2.0 ====
[INFO] [launch]: All log files can be found below /home/cat/.ros/log/2026-07-07-08-59-21-829736-lubancat-33512
[INFO] [launch]: Default logging verbosity is set to INFO
[INFO] [bash-1]: process started with pid [33545]
[INFO] [robot_state_publisher-2]: process started with pid [33547]
[INFO] [bash-1]: process has finished cleanly [pid 33545]
[robot_state_publisher-2] [INFO] [1783385961.980785983] [robot_state_publisher]: got segment base_link
[robot_state_publisher-2] [INFO] [1783385961.980972066] [robot_state_publisher]: got segment base_mount
[robot_state_publisher-2] [INFO] [1783385961.980986649] [robot_state_publisher]: got segment blue_active_bar
[robot_state_publisher-2] [INFO] [1783385961.980996566] [robot_state_publisher]: got segment blue_upper_bar
[robot_state_publisher-2] [INFO] [1783385961.981005608] [robot_state_publisher]: got segment end_effector
[robot_state_publisher-2] [INFO] [1783385961.981014358] [robot_state_publisher]: got segment extension_bar
[robot_state_publisher-2] [INFO] [1783385961.981022524] [robot_state_publisher]: got segment extension_tip
[robot_state_publisher-2] [INFO] [1783385961.981031274] [robot_state_publisher]: got segment gripper_finger_left
[robot_state_publisher-2] [INFO] [1783385961.981040024] [robot_state_publisher]: got segment gripper_finger_right
[robot_state_publisher-2] [INFO] [1783385961.981048774] [robot_state_publisher]: got segment orange_active_bar
[robot_state_publisher-2] [INFO] [1783385961.981057524] [robot_state_publisher]: got segment orange_upper_bar
[robot_state_publisher-2] [INFO] [1783385961.981066566] [robot_state_publisher]: got segment square_platform
[INFO] [target_vision_2-3]: process started with pid [33561]
[INFO] [rviz2-4]: process started with pid [33563]
[rviz2-4] [INFO] [1783385963.823028668] [rviz2]: Stereo is NOT SUPPORTED
[rviz2-4] [INFO] [1783385963.823245959] [rviz2]: OpenGl version: 3.3 (GLSL 3.3)
[rviz2-4] [INFO] [1783385963.850246129] [rviz2]: Stereo is NOT SUPPORTED
[target_vision_2-3] arm preview publishing /joint_states, /arm/grasp_status, and target markers
[target_vision_2-3] servo bridge on /dev/ttyS0
[target_vision_2-3] Camera: /dev/video20 800x600 reported_fps=30.0 attempt=1
[target_vision_2-3] Press q or Esc in the preview window to quit.
[target_vision_2-3] SERVO FEEDBACK stage=centering ID1=337/550 ID2=98/300
[target_vision_2-3] SERVO UART TX=id1=550 attempt=1 RX=OK ID1 TARGET 550
[target_vision_2-3] SERVO UART TX=id6=510 attempt=1 RX=OK ID6 TARGET 510
[target_vision_2-3] SERVO UART TX=zp4:1000 attempt=1 RX=OK ZP4 1000
[target_vision_2-3] SERVO UART TX=id2=300 attempt=1 RX=OK ID2 TARGET 300
[target_vision_2-3] SERVO FEEDBACK stage=centering ID1=547/550 ID2=300/300
[target_vision_2-3] DIRECT2 LOCK target={"kind": "square", "color": "red", "center": [457, 173], "box": "[[382 125]\n [533 125]\n [533 221]\n [382 221]]", "bbox": [383, 125, 152, 97], "projected_area": 14464.0, "fully_visible": true, "angle": 90.0, "area_ratio": 0.030133333333333335, "area_percent": 3.0133333333333336, "diameter_ratio": 0.25333333333333335, "distance_cm": 13.244249559789148, "raw_distance_cm": 12.84764063898253} plan=direct-2 dx=11mm dy=-25mm d=13.2cm overhead=445/238 final=379/249 ID6=497 err=0.4mm
[target_vision_2-3] GRASP COMMAND reason=direct-2 overhead+open; hold ID6 center | direct-2 dx=11mm dy=-25mm d=13.2cm overhead=445/238 final=379/249 ID6=497 err=0.4mm ID1=445 ID2=238 ID4=1500 ID6=510 gap=83.7deg
[target_vision_2-3] SERVO UART TX=armpair=445,238 attempt=1 RX=OK ARMPAIR 445 238
[target_vision_2-3] SERVO UART TX=id6=510 attempt=1 RX=OK ID6 TARGET 510
[target_vision_2-3] SERVO UART TX=zp4:1500 attempt=1 RX=OK ZP4 1500
[target_vision_2-3] VISION FPS=32.5
[target_vision_2-3] VISION PERF read=15.5ms detect=185.0ms/detect post=53.0ms display=11.0ms
[target_vision_2-3] SERVO FEEDBACK stage=direct_2_overhead ID1=444/445 ID2=239/238
[target_vision_2-3] GRASP COMMAND reason=direct-2 descend with calculated ID6 ID1=379 ID2=249 ID4=1500 ID6=497 gap=70.6deg
[target_vision_2-3] SERVO UART TX=armpair=379,249 attempt=1 RX=OK ARMPAIR 379 249
[target_vision_2-3] SERVO UART TX=id6=497 attempt=1 RX=OK ID6 TARGET 497
[target_vision_2-3] SERVO FEEDBACK stage=direct_2_descend ID1=379/379 ID2=245/249
[target_vision_2-3] CLAW COMMAND reason=direct-2 final reached; close claw ID4=1000
[target_vision_2-3] SERVO UART TX=zp4:1000 attempt=1 RX=OK ZP4 1000
[target_vision_2-3] GRASP COMMAND reason=direct-2 grasp complete; return ID6 center ID1=379 ID2=245 ID4=1000 ID6=510 gap=69.7deg
[target_vision_2-3] SERVO UART TX=armpair=379,245 attempt=1 RX=OK ARMPAIR 379 245
[target_vision_2-3] SERVO UART TX=id6=510 attempt=1 RX=OK ID6 TARGET 510
[WARNING] [launch]: user interrupted with ctrl-c (SIGINT)
[robot_state_publisher-2] [INFO] [1783385974.221012713] [rclcpp]: signal_handler(SIGINT/SIGTERM)
[rviz2-4] [INFO] [1783385974.223919171] [rclcpp]: signal_handler(SIGINT/SIGTERM)
[INFO] [robot_state_publisher-2]: process has finished cleanly [pid 33547]
[target_vision_2-3] APP EXIT closing claw to ID4=1000
[INFO] [rviz2-4]: process has finished cleanly [pid 33563]
[target_vision_2-3] SERVO UART TX=zp4:1000 attempt=1 RX=OK ZP4 1000
[target_vision_2-3] APP EXIT retracting ID2 first to 100
[target_vision_2-3] SERVO UART TX=id2=100 attempt=1 RX=OK ID2 TARGET 100
[target_vision_2-3] APP EXIT retracting ID1 to 340 and ID6 to 510
[target_vision_2-3] SERVO UART TX=id1=340 attempt=1 RX=OK ID1 TARGET 340
[target_vision_2-3] SERVO UART TX=id6=510 attempt=1 RX=OK ID6 TARGET 510
[target_vision_2-3] Traceback (most recent call last):
[target_vision_2-3]   File "/home/cat/ros2_ws/install/ros2_test1/lib/ros2_test1/target_vision_2", line 33, in <module>
[target_vision_2-3]     sys.exit(load_entry_point('ros2-test1', 'console_scripts', 'target_vision_2')())
[target_vision_2-3]   File "/home/cat/ros2_ws/build/ros2_test1/ros2_test1/target_vision_2.py", line 253, in main
[target_vision_2-3]     return vision1.main(arguments)
[target_vision_2-3]   File "/home/cat/ros2_ws/build/ros2_test1/ros2_test1/target_vision.py", line 3676, in main
[target_vision_2-3]     cv2.imshow(WINDOW_NAME, output)
[target_vision_2-3] KeyboardInterrupt
[ERROR] [target_vision_2-3]: process has died [pid 33561, exit code -2, cmd '/home/cat/ros2_ws/install/ros2_test1/lib/ros2_test1/target_vision_2 --enable-red-square-grasp --enable-arm-preview --no-web --width 800 --height 600 --fps 30 --detect-every-n-frames 1 --detection-scale 0.75 --window-x 0 --window-y 60 --window-width 620 --window-height 520 --preview-id1 550 --preview-id2 300 --preview-id4 1000 --preview-id6 510 --grasp-id1-ready 550 --grasp-id2-ready 300 --grasp-id4-closed 1000 --grasp-id4-open 1500 --servo-angle-gap-deg 0 --grasp-command-interval 0.15 --grasp-stable-frames 1 --camera-gripper-offset-mm 50 --camera-gripper-vertical-offset-mm 0 --trigger-kind square --trigger-color red --ros-args -r __node:=red_square_grasp_direct_2'].
[INFO] [launch]: process[target_vision_2-3] was required: shutting down launched system
==== 2026-07-07 08:59:36 start target vision 2.0 ====
[INFO] [launch]: All log files can be found below /home/cat/.ros/log/2026-07-07-08-59-38-420285-lubancat-33699
[INFO] [launch]: Default logging verbosity is set to INFO
[INFO] [bash-1]: process started with pid [33732]
[INFO] [robot_state_publisher-2]: process started with pid [33734]
[robot_state_publisher-2] [INFO] [1783385978.570674900] [robot_state_publisher]: got segment base_link
[INFO] [bash-1]: process has finished cleanly [pid 33732]
[robot_state_publisher-2] [INFO] [1783385978.570865650] [robot_state_publisher]: got segment base_mount
[robot_state_publisher-2] [INFO] [1783385978.570880233] [robot_state_publisher]: got segment blue_active_bar
[robot_state_publisher-2] [INFO] [1783385978.570889566] [robot_state_publisher]: got segment blue_upper_bar
[robot_state_publisher-2] [INFO] [1783385978.570897441] [robot_state_publisher]: got segment end_effector
[robot_state_publisher-2] [INFO] [1783385978.570905025] [robot_state_publisher]: got segment extension_bar
[robot_state_publisher-2] [INFO] [1783385978.570912608] [robot_state_publisher]: got segment extension_tip
[robot_state_publisher-2] [INFO] [1783385978.570920191] [robot_state_publisher]: got segment gripper_finger_left
[robot_state_publisher-2] [INFO] [1783385978.570927775] [robot_state_publisher]: got segment gripper_finger_right
[robot_state_publisher-2] [INFO] [1783385978.570935066] [robot_state_publisher]: got segment orange_active_bar
[robot_state_publisher-2] [INFO] [1783385978.570942358] [robot_state_publisher]: got segment orange_upper_bar
[robot_state_publisher-2] [INFO] [1783385978.570949358] [robot_state_publisher]: got segment square_platform
[INFO] [target_vision_2-3]: process started with pid [33748]
[INFO] [rviz2-4]: process started with pid [33750]
[rviz2-4] [INFO] [1783385980.406109209] [rviz2]: Stereo is NOT SUPPORTED
[rviz2-4] [INFO] [1783385980.406323292] [rviz2]: OpenGl version: 3.3 (GLSL 3.3)
[rviz2-4] [INFO] [1783385980.439831421] [rviz2]: Stereo is NOT SUPPORTED
[target_vision_2-3] arm preview publishing /joint_states, /arm/grasp_status, and target markers
[target_vision_2-3] servo bridge on /dev/ttyS0
[target_vision_2-3] Camera: /dev/video20 800x600 reported_fps=30.0 attempt=1
[target_vision_2-3] Press q or Esc in the preview window to quit.
[target_vision_2-3] SERVO FEEDBACK stage=centering ID1=341/550 ID2=98/300
[target_vision_2-3] SERVO UART TX=id1=550 attempt=1 RX=OK ID1 TARGET 550
[target_vision_2-3] SERVO UART TX=id6=510 attempt=1 RX=OK ID6 TARGET 510
[target_vision_2-3] SERVO UART TX=zp4:1000 attempt=1 RX=OK ZP4 1000
[target_vision_2-3] SERVO UART TX=id2=300 attempt=1 RX=OK ID2 TARGET 300
[target_vision_2-3] SERVO FEEDBACK stage=centering ID1=546/550 ID2=300/300
[target_vision_2-3] VISION FPS=32.6
[target_vision_2-3] VISION PERF read=16.1ms detect=179.2ms/detect post=35.1ms display=11.3ms
[target_vision_2-3] Library QUIRC is not linked. No decoding is performed. Take it to the OpenCV repository.
[target_vision_2-3] DIRECT2 LOCK target={"kind": "square", "color": "red", "center": [388, 301], "box": "[[348 268]\n [428 268]\n [428 334]\n [348 334]]", "bbox": [348, 268, 81, 68], "projected_area": 5333.333333333333, "fully_visible": true, "angle": 90.0, "area_ratio": 0.011111111111111112, "area_percent": 1.1111111111111112, "diameter_ratio": 0.13555555555555557, "distance_cm": 22.782007911213505, "raw_distance_cm": 22.197262038536852} plan=direct-2 dx=-4mm dy=0mm d=22.8cm overhead=373/239 final=300/268 ID6=513 err=0.8mm
[target_vision_2-3] GRASP COMMAND reason=direct-2 overhead+open; hold ID6 center | direct-2 dx=-4mm dy=0mm d=22.8cm overhead=373/239 final=300/268 ID6=513 err=0.8mm ID1=373 ID2=239 ID4=1500 ID6=510 gap=66.9deg
[target_vision_2-3] SERVO UART TX=armpair=373,239 attempt=1 RX=OK ARMPAIR 373 239
[target_vision_2-3] SERVO UART TX=id6=510 attempt=1 RX=OK ID6 TARGET 510
[target_vision_2-3] SERVO UART TX=zp4:1500 attempt=1 RX=OK ZP4 1500
[target_vision_2-3] SERVO FEEDBACK stage=direct_2_overhead ID1=373/373 ID2=240/239
[target_vision_2-3] GRASP COMMAND reason=direct-2 descend with calculated ID6 ID1=300 ID2=268 ID4=1500 ID6=513 gap=56.3deg
[target_vision_2-3] SERVO UART TX=armpair=300,268 attempt=1 RX=OK ARMPAIR 300 268
[target_vision_2-3] SERVO UART TX=id6=513 attempt=1 RX=OK ID6 TARGET 513
[target_vision_2-3] SERVO FEEDBACK stage=direct_2_descend ID1=300/300 ID2=265/268
[target_vision_2-3] CLAW COMMAND reason=direct-2 final reached; close claw ID4=1000
[target_vision_2-3] SERVO UART TX=zp4:1000 attempt=1 RX=OK ZP4 1000
[target_vision_2-3] GRASP COMMAND reason=direct-2 grasp complete; return ID6 center ID1=300 ID2=265 ID4=1000 ID6=510 gap=55.6deg
[target_vision_2-3] SERVO UART TX=armpair=300,265 attempt=1 RX=OK ARMPAIR 300 265
[target_vision_2-3] SERVO UART TX=id6=510 attempt=1 RX=OK ID6 TARGET 510
[target_vision_2-3] VISION FPS=11.8
[target_vision_2-3] VISION PERF read=14.1ms detect=170.3ms/detect post=56.2ms display=11.8ms
[target_vision_2-3] VISION FPS=29.9
[target_vision_2-3] VISION PERF read=17.4ms detect=190.8ms/detect post=2.5ms display=12.8ms
[target_vision_2-3] VISION PERF read=17.1ms detect=219.4ms/detect post=2.4ms display=13.8ms
[target_vision_2-3] VISION FPS=29.7
[target_vision_2-3] Library QUIRC is not linked. No decoding is performed. Take it to the OpenCV repository.
[target_vision_2-3] VISION PERF read=16.1ms detect=209.7ms/detect post=2.5ms display=14.6ms
[target_vision_2-3] VISION FPS=29.9
[target_vision_2-3] Library QUIRC is not linked. No decoding is performed. Take it to the OpenCV repository.
[target_vision_2-3] Library QUIRC is not linked. No decoding is performed. Take it to the OpenCV repository.
[target_vision_2-3] VISION PERF read=14.4ms detect=224.6ms/detect post=4.2ms display=14.7ms
[target_vision_2-3] VISION FPS=30.1
[target_vision_2-3] Library QUIRC is not linked. No decoding is performed. Take it to the OpenCV repository.
[target_vision_2-3] VISION PERF read=14.3ms detect=229.3ms/detect post=3.9ms display=15.0ms
[target_vision_2-3] VISION FPS=30.1
[target_vision_2-3] Library QUIRC is not linked. No decoding is performed. Take it to the OpenCV repository.
[target_vision_2-3] VISION PERF read=16.1ms detect=232.8ms/detect post=2.9ms display=14.2ms
[target_vision_2-3] VISION FPS=29.9
[target_vision_2-3] Library QUIRC is not linked. No decoding is performed. Take it to the OpenCV repository.
[target_vision_2-3] VISION PERF read=14.8ms detect=232.4ms/detect post=3.6ms display=14.8ms
[target_vision_2-3] VISION FPS=29.9
[target_vision_2-3] Library QUIRC is not linked. No decoding is performed. Take it to the OpenCV repository.
[target_vision_2-3] VISION PERF read=13.9ms detect=232.7ms/detect post=3.8ms display=15.4ms
[target_vision_2-3] VISION FPS=30.1
[target_vision_2-3] Library QUIRC is not linked. No decoding is performed. Take it to the OpenCV repository.
[target_vision_2-3] VISION PERF read=14.5ms detect=235.4ms/detect post=3.7ms display=15.1ms
[target_vision_2-3] VISION FPS=30.2
[target_vision_2-3] Library QUIRC is not linked. No decoding is performed. Take it to the OpenCV repository.
[target_vision_2-3] VISION PERF read=14.4ms detect=249.4ms/detect post=3.8ms display=15.0ms
[target_vision_2-3] VISION FPS=29.8
[target_vision_2-3] VISION PERF read=14.1ms detect=247.8ms/detect post=3.8ms display=15.3ms
[target_vision_2-3] VISION FPS=29.9
[target_vision_2-3] VISION PERF read=14.4ms detect=243.1ms/detect post=3.8ms display=15.2ms
[target_vision_2-3] VISION FPS=29.9
[target_vision_2-3] VISION PERF read=13.9ms detect=236.2ms/detect post=3.9ms display=15.4ms
[target_vision_2-3] VISION FPS=30.0
[target_vision_2-3] VISION PERF read=14.2ms detect=239.8ms/detect post=3.6ms display=15.4ms
[target_vision_2-3] VISION FPS=30.0
[target_vision_2-3] VISION PERF read=14.6ms detect=230.3ms/detect post=3.8ms display=14.8ms
[target_vision_2-3] VISION FPS=30.0
[target_vision_2-3] VISION PERF read=14.3ms detect=233.7ms/detect post=3.6ms display=15.4ms
[target_vision_2-3] VISION FPS=30.0
[target_vision_2-3] VISION PERF read=14.5ms detect=228.1ms/detect post=3.5ms display=15.2ms
[target_vision_2-3] VISION FPS=29.9
[target_vision_2-3] Library QUIRC is not linked. No decoding is performed. Take it to the OpenCV repository.
[target_vision_2-3] VISION PERF read=14.6ms detect=242.7ms/detect post=3.5ms display=15.0ms
[target_vision_2-3] VISION FPS=30.0
[target_vision_2-3] VISION PERF read=14.0ms detect=229.6ms/detect post=3.9ms display=15.4ms
[target_vision_2-3] VISION FPS=30.1
[target_vision_2-3] VISION PERF read=14.9ms detect=195.1ms/detect post=3.8ms display=14.5ms
[target_vision_2-3] VISION FPS=29.8
[target_vision_2-3] Library QUIRC is not linked. No decoding is performed. Take it to the OpenCV repository.
[target_vision_2-3] Library QUIRC is not linked. No decoding is performed. Take it to the OpenCV repository.
[target_vision_2-3] VISION PERF read=15.1ms detect=196.3ms/detect post=3.9ms display=14.2ms
[target_vision_2-3] VISION FPS=30.1
[target_vision_2-3] VISION PERF read=14.7ms detect=199.1ms/detect post=3.6ms display=14.8ms
[target_vision_2-3] VISION FPS=30.1
[target_vision_2-3] VISION PERF read=14.8ms detect=196.7ms/detect post=3.6ms display=14.9ms
[target_vision_2-3] VISION FPS=29.9
[target_vision_2-3] VISION PERF read=15.0ms detect=200.9ms/detect post=3.4ms display=14.8ms
[target_vision_2-3] VISION FPS=29.9
[target_vision_2-3] Library QUIRC is not linked. No decoding is performed. Take it to the OpenCV repository.
[target_vision_2-3] VISION PERF read=15.1ms detect=186.0ms/detect post=3.5ms display=14.6ms
[target_vision_2-3] VISION FPS=29.8
[target_vision_2-3] Library QUIRC is not linked. No decoding is performed. Take it to the OpenCV repository.
[target_vision_2-3] VISION PERF read=16.5ms detect=185.8ms/detect post=2.7ms display=14.0ms
[target_vision_2-3] VISION FPS=30.0
[target_vision_2-3] Library QUIRC is not linked. No decoding is performed. Take it to the OpenCV repository.
[target_vision_2-3] Library QUIRC is not linked. No decoding is performed. Take it to the OpenCV repository.
[target_vision_2-3] VISION PERF read=16.2ms detect=170.7ms/detect post=2.7ms display=14.4ms
[target_vision_2-3] VISION FPS=29.9
[target_vision_2-3] Library QUIRC is not linked. No decoding is performed. Take it to the OpenCV repository.
[target_vision_2-3] Library QUIRC is not linked. No decoding is performed. Take it to the OpenCV repository.
[target_vision_2-3] VISION PERF read=16.3ms detect=177.4ms/detect post=2.7ms display=14.2ms
[target_vision_2-3] VISION FPS=30.0
[target_vision_2-3] VISION PERF read=16.6ms detect=170.3ms/detect post=2.6ms display=14.0ms
[target_vision_2-3] VISION FPS=30.0
[target_vision_2-3] VISION PERF read=16.4ms detect=166.7ms/detect post=2.6ms display=14.2ms
[target_vision_2-3] VISION FPS=30.2
[target_vision_2-3] Library QUIRC is not linked. No decoding is performed. Take it to the OpenCV repository.
[target_vision_2-3] VISION PERF read=16.8ms detect=167.2ms/detect post=2.4ms display=14.0ms
[target_vision_2-3] VISION FPS=29.9
[target_vision_2-3] Library QUIRC is not linked. No decoding is performed. Take it to the OpenCV repository.
[target_vision_2-3] VISION PERF read=16.9ms detect=166.1ms/detect post=2.5ms display=13.8ms
[target_vision_2-3] VISION FPS=30.0
[target_vision_2-3] VISION PERF read=16.8ms detect=168.5ms/detect post=2.5ms display=13.8ms
[target_vision_2-3] VISION FPS=30.0
[target_vision_2-3] VISION PERF read=16.8ms detect=170.9ms/detect post=2.6ms display=13.8ms
[target_vision_2-3] VISION FPS=30.1
[target_vision_2-3] Library QUIRC is not linked. No decoding is performed. Take it to the OpenCV repository.
[target_vision_2-3] VISION PERF read=16.7ms detect=169.6ms/detect post=2.6ms display=13.9ms
[target_vision_2-3] VISION FPS=29.9
[target_vision_2-3] VISION PERF read=16.4ms detect=174.8ms/detect post=2.7ms display=14.2ms
[target_vision_2-3] VISION FPS=30.1
[target_vision_2-3] Library QUIRC is not linked. No decoding is performed. Take it to the OpenCV repository.
[target_vision_2-3] VISION PERF read=15.5ms detect=208.1ms/detect post=2.9ms display=14.9ms
[target_vision_2-3] VISION FPS=30.0
[target_vision_2-3] Library QUIRC is not linked. No decoding is performed. Take it to the OpenCV repository.
[target_vision_2-3] Library QUIRC is not linked. No decoding is performed. Take it to the OpenCV repository.
[target_vision_2-3] Library QUIRC is not linked. No decoding is performed. Take it to the OpenCV repository.
[target_vision_2-3] VISION PERF read=16.7ms detect=202.9ms/detect post=2.4ms display=14.1ms
[target_vision_2-3] VISION FPS=30.1
[target_vision_2-3] VISION PERF read=15.4ms detect=195.8ms/detect post=2.6ms display=15.2ms
[target_vision_2-3] VISION FPS=30.1
[target_vision_2-3] VISION PERF read=14.0ms detect=227.7ms/detect post=3.4ms display=15.8ms
[target_vision_2-3] VISION FPS=30.1
[target_vision_2-3] VISION PERF read=13.9ms detect=227.6ms/detect post=3.7ms display=15.6ms
[target_vision_2-3] VISION FPS=30.0
[target_vision_2-3] Library QUIRC is not linked. No decoding is performed. Take it to the OpenCV repository.
[target_vision_2-3] VISION PERF read=13.3ms detect=230.0ms/detect post=4.0ms display=15.9ms
[target_vision_2-3] VISION FPS=29.8
[target_vision_2-3] VISION PERF read=14.2ms detect=241.4ms/detect post=3.7ms display=15.4ms
[target_vision_2-3] VISION FPS=30.0
[target_vision_2-3] Library QUIRC is not linked. No decoding is performed. Take it to the OpenCV repository.
[target_vision_2-3] VISION PERF read=13.8ms detect=230.7ms/detect post=3.8ms display=15.6ms
[target_vision_2-3] VISION FPS=29.9
[target_vision_2-3] Library QUIRC is not linked. No decoding is performed. Take it to the OpenCV repository.
[target_vision_2-3] VISION PERF read=13.6ms detect=227.4ms/detect post=3.9ms display=15.7ms
[target_vision_2-3] VISION FPS=30.0
[target_vision_2-3] Library QUIRC is not linked. No decoding is performed. Take it to the OpenCV repository.
[target_vision_2-3] VISION PERF read=13.6ms detect=229.8ms/detect post=3.8ms display=15.8ms
[target_vision_2-3] VISION FPS=30.1
[target_vision_2-3] VISION PERF read=13.9ms detect=231.8ms/detect post=3.8ms display=15.6ms
[target_vision_2-3] VISION FPS=29.8
[target_vision_2-3] VISION PERF read=13.2ms detect=229.3ms/detect post=4.0ms display=16.0ms
[target_vision_2-3] VISION FPS=30.2
[target_vision_2-3] VISION PERF read=14.0ms detect=226.3ms/detect post=4.1ms display=15.2ms
[target_vision_2-3] Library QUIRC is not linked. No decoding is performed. Take it to the OpenCV repository.
[target_vision_2-3] VISION FPS=29.9
[target_vision_2-3] VISION PERF read=13.8ms detect=229.0ms/detect post=3.7ms display=15.7ms
[target_vision_2-3] VISION FPS=30.1
[target_vision_2-3] VISION PERF read=13.9ms detect=229.5ms/detect post=3.7ms display=15.8ms
[target_vision_2-3] VISION FPS=30.0
[target_vision_2-3] VISION PERF read=13.7ms detect=226.5ms/detect post=3.8ms display=15.6ms
[target_vision_2-3] VISION FPS=30.1
[target_vision_2-3] Library QUIRC is not linked. No decoding is performed. Take it to the OpenCV repository.
[target_vision_2-3] VISION PERF read=13.8ms detect=226.7ms/detect post=4.1ms display=15.3ms
[target_vision_2-3] VISION FPS=30.0
[target_vision_2-3] Library QUIRC is not linked. No decoding is performed. Take it to the OpenCV repository.
[target_vision_2-3] VISION PERF read=14.1ms detect=224.2ms/detect post=3.8ms display=15.3ms
[target_vision_2-3] VISION FPS=30.0
[target_vision_2-3] Library QUIRC is not linked. No decoding is performed. Take it to the OpenCV repository.
[target_vision_2-3] VISION PERF read=14.0ms detect=226.6ms/detect post=3.6ms display=15.6ms
[target_vision_2-3] VISION FPS=30.1
[target_vision_2-3] Library QUIRC is not linked. No decoding is performed. Take it to the OpenCV repository.
[target_vision_2-3] VISION PERF read=13.9ms detect=225.8ms/detect post=3.8ms display=15.6ms
[target_vision_2-3] Library QUIRC is not linked. No decoding is performed. Take it to the OpenCV repository.
[target_vision_2-3] VISION FPS=30.0
[target_vision_2-3] VISION PERF read=13.6ms detect=225.1ms/detect post=3.7ms display=15.9ms
[target_vision_2-3] VISION FPS=30.0
[target_vision_2-3] Library QUIRC is not linked. No decoding is performed. Take it to the OpenCV repository.
[target_vision_2-3] VISION PERF read=13.7ms detect=229.0ms/detect post=3.8ms display=15.8ms
[target_vision_2-3] VISION FPS=30.1
[target_vision_2-3] VISION PERF read=13.5ms detect=226.6ms/detect post=3.9ms display=15.8ms
[target_vision_2-3] VISION FPS=30.1
[target_vision_2-3] Library QUIRC is not linked. No decoding is performed. Take it to the OpenCV repository.
[target_vision_2-3] VISION PERF read=14.4ms detect=225.1ms/detect post=3.3ms display=15.5ms
[target_vision_2-3] VISION FPS=29.8
[target_vision_2-3] Library QUIRC is not linked. No decoding is performed. Take it to the OpenCV repository.
[target_vision_2-3] Library QUIRC is not linked. No decoding is performed. Take it to the OpenCV repository.
[target_vision_2-3] VISION PERF read=14.2ms detect=224.3ms/detect post=3.9ms display=15.2ms
[target_vision_2-3] VISION FPS=30.2
[target_vision_2-3] VISION PERF read=13.7ms detect=230.9ms/detect post=3.8ms display=15.7ms
[target_vision_2-3] VISION FPS=30.2
[target_vision_2-3] Library QUIRC is not linked. No decoding is performed. Take it to the OpenCV repository.
[target_vision_2-3] VISION PERF read=13.6ms detect=227.0ms/detect post=3.9ms display=15.6ms
[target_vision_2-3] VISION FPS=30.0
[target_vision_2-3] Library QUIRC is not linked. No decoding is performed. Take it to the OpenCV repository.
[target_vision_2-3] VISION PERF read=13.9ms detect=227.6ms/detect post=3.7ms display=15.7ms
[target_vision_2-3] VISION FPS=29.8
[target_vision_2-3] VISION PERF read=13.6ms detect=224.6ms/detect post=4.0ms display=15.6ms
[target_vision_2-3] VISION FPS=30.0
[target_vision_2-3] Library QUIRC is not linked. No decoding is performed. Take it to the OpenCV repository.
[target_vision_2-3] VISION PERF read=13.4ms detect=226.7ms/detect post=3.8ms display=16.0ms
[target_vision_2-3] VISION FPS=30.0
[target_vision_2-3] VISION PERF read=14.0ms detect=226.4ms/detect post=3.8ms display=15.5ms
[target_vision_2-3] VISION FPS=30.0
[target_vision_2-3] Library QUIRC is not linked. No decoding is performed. Take it to the OpenCV repository.
[target_vision_2-3] VISION PERF read=14.1ms detect=227.1ms/detect post=3.5ms display=15.6ms
[target_vision_2-3] VISION FPS=30.0
[target_vision_2-3] Library QUIRC is not linked. No decoding is performed. Take it to the OpenCV repository.
[target_vision_2-3] VISION PERF read=13.9ms detect=223.8ms/detect post=3.6ms display=15.6ms
[target_vision_2-3] VISION FPS=30.0
[target_vision_2-3] VISION PERF read=14.6ms detect=225.0ms/detect post=3.3ms display=15.4ms
[target_vision_2-3] VISION FPS=30.0
[target_vision_2-3] Library QUIRC is not linked. No decoding is performed. Take it to the OpenCV repository.
[target_vision_2-3] VISION PERF read=14.6ms detect=216.5ms/detect post=3.2ms display=15.3ms
[target_vision_2-3] VISION FPS=30.0
[target_vision_2-3] VISION PERF read=14.6ms detect=215.0ms/detect post=3.5ms display=15.1ms
[target_vision_2-3] VISION FPS=30.0
[target_vision_2-3] VISION PERF read=14.2ms detect=214.9ms/detect post=3.7ms display=15.3ms
[target_vision_2-3] VISION FPS=30.0
[target_vision_2-3] Library QUIRC is not linked. No decoding is performed. Take it to the OpenCV repository.
[target_vision_2-3] VISION PERF read=14.8ms detect=205.1ms/detect post=3.2ms display=15.2ms
[target_vision_2-3] VISION FPS=29.9
[target_vision_2-3] VISION PERF read=15.5ms detect=193.4ms/detect post=2.8ms display=14.9ms
[target_vision_2-3] Library QUIRC is not linked. No decoding is performed. Take it to the OpenCV repository.
[target_vision_2-3] VISION FPS=30.1
[target_vision_2-3] Library QUIRC is not linked. No decoding is performed. Take it to the OpenCV repository.
[target_vision_2-3] VISION PERF read=16.0ms detect=187.9ms/detect post=3.2ms display=14.1ms
[target_vision_2-3] VISION FPS=30.0
[target_vision_2-3] VISION PERF read=16.2ms detect=207.0ms/detect post=2.8ms display=14.2ms
[target_vision_2-3] VISION FPS=29.8
[target_vision_2-3] VISION PERF read=16.2ms detect=181.6ms/detect post=3.2ms display=13.8ms
[target_vision_2-3] VISION FPS=30.0
[target_vision_2-3] Library QUIRC is not linked. No decoding is performed. Take it to the OpenCV repository.
[target_vision_2-3] VISION PERF read=15.5ms detect=186.3ms/detect post=3.3ms display=14.5ms
[target_vision_2-3] VISION FPS=30.0
[target_vision_2-3] Library QUIRC is not linked. No decoding is performed. Take it to the OpenCV repository.
[target_vision_2-3] VISION PERF read=15.3ms detect=187.0ms/detect post=2.9ms display=15.0ms
[target_vision_2-3] VISION FPS=30.0
[target_vision_2-3] VISION PERF read=15.6ms detect=185.3ms/detect post=2.8ms display=14.8ms
[target_vision_2-3] VISION FPS=30.1
[target_vision_2-3] Library QUIRC is not linked. No decoding is performed. Take it to the OpenCV repository.
[target_vision_2-3] Library QUIRC is not linked. No decoding is performed. Take it to the OpenCV repository.
[target_vision_2-3] Library QUIRC is not linked. No decoding is performed. Take it to the OpenCV repository.
[target_vision_2-3] VISION PERF read=15.9ms detect=183.5ms/detect post=2.8ms display=14.5ms
[target_vision_2-3] VISION FPS=30.1
[target_vision_2-3] Library QUIRC is not linked. No decoding is performed. Take it to the OpenCV repository.
[target_vision_2-3] Library QUIRC is not linked. No decoding is performed. Take it to the OpenCV repository.
[target_vision_2-3] Library QUIRC is not linked. No decoding is performed. Take it to the OpenCV repository.
[target_vision_2-3] VISION PERF read=16.3ms detect=181.8ms/detect post=2.7ms display=14.2ms
[target_vision_2-3] VISION FPS=30.1
[target_vision_2-3] VISION PERF read=16.2ms detect=179.4ms/detect post=2.6ms display=14.5ms
[target_vision_2-3] VISION FPS=30.0
[target_vision_2-3] Library QUIRC is not linked. No decoding is performed. Take it to the OpenCV repository.
[target_vision_2-3] Library QUIRC is not linked. No decoding is performed. Take it to the OpenCV repository.
[target_vision_2-3] VISION PERF read=16.6ms detect=171.0ms/detect post=2.6ms display=14.0ms
[target_vision_2-3] VISION FPS=29.8
[target_vision_2-3] Library QUIRC is not linked. No decoding is performed. Take it to the OpenCV repository.
[target_vision_2-3] Library QUIRC is not linked. No decoding is performed. Take it to the OpenCV repository.
[target_vision_2-3] Library QUIRC is not linked. No decoding is performed. Take it to the OpenCV repository.
[target_vision_2-3] VISION PERF read=16.6ms detect=171.3ms/detect post=2.5ms display=14.2ms
[target_vision_2-3] Library QUIRC is not linked. No decoding is performed. Take it to the OpenCV repository.
[target_vision_2-3] VISION FPS=30.0
[target_vision_2-3] Library QUIRC is not linked. No decoding is performed. Take it to the OpenCV repository.
[target_vision_2-3] Library QUIRC is not linked. No decoding is performed. Take it to the OpenCV repository.
[target_vision_2-3] VISION PERF read=16.5ms detect=170.7ms/detect post=2.6ms display=14.1ms
[target_vision_2-3] VISION FPS=30.0
[target_vision_2-3] Library QUIRC is not linked. No decoding is performed. Take it to the OpenCV repository.
[target_vision_2-3] Library QUIRC is not linked. No decoding is performed. Take it to the OpenCV repository.
[target_vision_2-3] VISION PERF read=16.7ms detect=169.9ms/detect post=2.5ms display=14.1ms
[target_vision_2-3] VISION FPS=30.0
[target_vision_2-3] Library QUIRC is not linked. No decoding is performed. Take it to the OpenCV repository.
[target_vision_2-3] Library QUIRC is not linked. No decoding is performed. Take it to the OpenCV repository.
[target_vision_2-3] Library QUIRC is not linked. No decoding is performed. Take it to the OpenCV repository.
[target_vision_2-3] Library QUIRC is not linked. No decoding is performed. Take it to the OpenCV repository.
[target_vision_2-3] Library QUIRC is not linked. No decoding is performed. Take it to the OpenCV repository.
[target_vision_2-3] Library QUIRC is not linked. No decoding is performed. Take it to the OpenCV repository.
[target_vision_2-3] VISION PERF read=16.4ms detect=171.5ms/detect post=2.6ms display=14.2ms
[target_vision_2-3] VISION FPS=30.0
[target_vision_2-3] VISION PERF read=16.5ms detect=170.4ms/detect post=2.7ms display=14.0ms
[target_vision_2-3] VISION FPS=30.0
[target_vision_2-3] Library QUIRC is not linked. No decoding is performed. Take it to the OpenCV repository.
[target_vision_2-3] VISION PERF read=16.5ms detect=192.8ms/detect post=2.6ms display=14.1ms
[target_vision_2-3] VISION FPS=30.0
[target_vision_2-3] VISION PERF read=15.8ms detect=182.9ms/detect post=3.1ms display=14.3ms
[target_vision_2-3] VISION FPS=29.9
[target_vision_2-3] VISION PERF read=15.8ms detect=190.4ms/detect post=2.6ms display=14.8ms
[target_vision_2-3] VISION FPS=29.7
[target_vision_2-3] Library QUIRC is not linked. No decoding is performed. Take it to the OpenCV repository.
[target_vision_2-3] VISION PERF read=15.4ms detect=193.2ms/detect post=2.6ms display=15.3ms
[target_vision_2-3] VISION FPS=30.0
[target_vision_2-3] Library QUIRC is not linked. No decoding is performed. Take it to the OpenCV repository.
[target_vision_2-3] Library QUIRC is not linked. No decoding is performed. Take it to the OpenCV repository.
[target_vision_2-3] Library QUIRC is not linked. No decoding is performed. Take it to the OpenCV repository.
[target_vision_2-3] VISION PERF read=15.6ms detect=194.5ms/detect post=2.5ms display=15.2ms
[target_vision_2-3] VISION FPS=29.9
[target_vision_2-3] Library QUIRC is not linked. No decoding is performed. Take it to the OpenCV repository.
[target_vision_2-3] Library QUIRC is not linked. No decoding is performed. Take it to the OpenCV repository.
[target_vision_2-3] Library QUIRC is not linked. No decoding is performed. Take it to the OpenCV repository.
[target_vision_2-3] VISION PERF read=15.5ms detect=194.8ms/detect post=2.7ms display=14.9ms
[target_vision_2-3] Library QUIRC is not linked. No decoding is performed. Take it to the OpenCV repository.
[target_vision_2-3] VISION FPS=30.0
[target_vision_2-3] Library QUIRC is not linked. No decoding is performed. Take it to the OpenCV repository.
[target_vision_2-3] VISION PERF read=16.4ms detect=195.1ms/detect post=2.5ms display=14.4ms
[target_vision_2-3] VISION FPS=30.0
[target_vision_2-3] Library QUIRC is not linked. No decoding is performed. Take it to the OpenCV repository.
[target_vision_2-3] VISION PERF read=16.0ms detect=187.9ms/detect post=2.7ms display=14.6ms
[target_vision_2-3] VISION FPS=30.0
[target_vision_2-3] Library QUIRC is not linked. No decoding is performed. Take it to the OpenCV repository.
[target_vision_2-3] Library QUIRC is not linked. No decoding is performed. Take it to the OpenCV repository.
[target_vision_2-3] Library QUIRC is not linked. No decoding is performed. Take it to the OpenCV repository.
[target_vision_2-3] VISION PERF read=15.4ms detect=192.5ms/detect post=3.1ms display=14.8ms
[target_vision_2-3] VISION FPS=30.0
[target_vision_2-3] VISION PERF read=13.1ms detect=225.6ms/detect post=3.7ms display=16.4ms
[target_vision_2-3] Library QUIRC is not linked. No decoding is performed. Take it to the OpenCV repository.
[target_vision_2-3] VISION FPS=30.0
[target_vision_2-3] Library QUIRC is not linked. No decoding is performed. Take it to the OpenCV repository.
[target_vision_2-3] Library QUIRC is not linked. No decoding is performed. Take it to the OpenCV repository.
[target_vision_2-3] VISION PERF read=14.9ms detect=220.3ms/detect post=3.2ms display=15.2ms
[target_vision_2-3] VISION FPS=30.0
[target_vision_2-3] Library QUIRC is not linked. No decoding is performed. Take it to the OpenCV repository.
[target_vision_2-3] VISION PERF read=13.9ms detect=222.3ms/detect post=3.5ms display=15.8ms
[target_vision_2-3] VISION FPS=30.2
[target_vision_2-3] Library QUIRC is not linked. No decoding is performed. Take it to the OpenCV repository.
[target_vision_2-3] Library QUIRC is not linked. No decoding is performed. Take it to the OpenCV repository.
[target_vision_2-3] VISION PERF read=13.9ms detect=229.1ms/detect post=3.2ms display=16.3ms
[target_vision_2-3] VISION FPS=29.9
[target_vision_2-3] Library QUIRC is not linked. No decoding is performed. Take it to the OpenCV repository.
[target_vision_2-3] Library QUIRC is not linked. No decoding is performed. Take it to the OpenCV repository.
[target_vision_2-3] VISION PERF read=13.8ms detect=228.2ms/detect post=3.5ms display=15.8ms
[target_vision_2-3] VISION FPS=30.4
[target_vision_2-3] VISION PERF read=13.4ms detect=229.9ms/detect post=3.6ms display=16.2ms
[target_vision_2-3] VISION FPS=30.1
[target_vision_2-3] VISION PERF read=14.0ms detect=229.2ms/detect post=3.3ms display=15.9ms
[target_vision_2-3] Library QUIRC is not linked. No decoding is performed. Take it to the OpenCV repository.
[target_vision_2-3] VISION FPS=30.1
[target_vision_2-3] Library QUIRC is not linked. No decoding is performed. Take it to the OpenCV repository.
[target_vision_2-3] Library QUIRC is not linked. No decoding is performed. Take it to the OpenCV repository.
[target_vision_2-3] VISION PERF read=13.8ms detect=229.0ms/detect post=3.4ms display=16.1ms
[target_vision_2-3] VISION FPS=30.0
[target_vision_2-3] Library QUIRC is not linked. No decoding is performed. Take it to the OpenCV repository.
[target_vision_2-3] VISION PERF read=14.0ms detect=230.2ms/detect post=3.3ms display=15.8ms
[target_vision_2-3] VISION FPS=30.1
[target_vision_2-3] VISION PERF read=14.2ms detect=227.3ms/detect post=3.3ms display=15.8ms
[target_vision_2-3] VISION FPS=30.0
[target_vision_2-3] VISION PERF read=14.1ms detect=227.9ms/detect post=3.4ms display=15.7ms
[target_vision_2-3] VISION FPS=30.0
[target_vision_2-3] Library QUIRC is not linked. No decoding is performed. Take it to the OpenCV repository.
[target_vision_2-3] VISION PERF read=13.9ms detect=228.6ms/detect post=3.4ms display=15.9ms
[target_vision_2-3] VISION FPS=30.0
[target_vision_2-3] Library QUIRC is not linked. No decoding is performed. Take it to the OpenCV repository.
[target_vision_2-3] VISION PERF read=14.3ms detect=225.5ms/detect post=3.5ms display=15.4ms
[target_vision_2-3] VISION FPS=30.2
[target_vision_2-3] Library QUIRC is not linked. No decoding is performed. Take it to the OpenCV repository.
[target_vision_2-3] Library QUIRC is not linked. No decoding is performed. Take it to the OpenCV repository.
[target_vision_2-3] Library QUIRC is not linked. No decoding is performed. Take it to the OpenCV repository.
[target_vision_2-3] VISION PERF read=14.0ms detect=229.2ms/detect post=3.4ms display=15.8ms
[target_vision_2-3] VISION FPS=30.0
[target_vision_2-3] Library QUIRC is not linked. No decoding is performed. Take it to the OpenCV repository.
[target_vision_2-3] VISION PERF read=13.6ms detect=229.2ms/detect post=3.7ms display=16.0ms
[target_vision_2-3] VISION FPS=30.0
[target_vision_2-3] VISION PERF read=13.6ms detect=226.8ms/detect post=3.7ms display=15.9ms
[target_vision_2-3] VISION FPS=30.1
[target_vision_2-3] Library QUIRC is not linked. No decoding is performed. Take it to the OpenCV repository.
[target_vision_2-3] VISION PERF read=13.8ms detect=227.4ms/detect post=3.5ms display=15.9ms
[target_vision_2-3] VISION FPS=30.0
[target_vision_2-3] Library QUIRC is not linked. No decoding is performed. Take it to the OpenCV repository.
[target_vision_2-3] VISION PERF read=13.3ms detect=227.0ms/detect post=3.6ms display=16.3ms
[target_vision_2-3] VISION FPS=30.0
[target_vision_2-3] VISION PERF read=14.1ms detect=227.2ms/detect post=3.6ms display=15.5ms
[target_vision_2-3] VISION FPS=30.0
[target_vision_2-3] Library QUIRC is not linked. No decoding is performed. Take it to the OpenCV repository.
[target_vision_2-3] Library QUIRC is not linked. No decoding is performed. Take it to the OpenCV repository.
[target_vision_2-3] VISION PERF read=13.9ms detect=227.0ms/detect post=3.7ms display=15.6ms
[target_vision_2-3] VISION FPS=30.4
[target_vision_2-3] VISION PERF read=14.2ms detect=225.1ms/detect post=3.9ms display=15.2ms
[target_vision_2-3] VISION FPS=30.0
[target_vision_2-3] Library QUIRC is not linked. No decoding is performed. Take it to the OpenCV repository.
[target_vision_2-3] VISION PERF read=14.4ms detect=226.6ms/detect post=3.5ms display=15.3ms
[target_vision_2-3] VISION FPS=30.0
[target_vision_2-3] Library QUIRC is not linked. No decoding is performed. Take it to the OpenCV repository.
[target_vision_2-3] Library QUIRC is not linked. No decoding is performed. Take it to the OpenCV repository.
[target_vision_2-3] Library QUIRC is not linked. No decoding is performed. Take it to the OpenCV repository.
[target_vision_2-3] VISION PERF read=13.9ms detect=226.6ms/detect post=3.8ms display=15.6ms
[target_vision_2-3] VISION FPS=30.0
[target_vision_2-3] VISION PERF read=13.7ms detect=227.4ms/detect post=3.6ms display=15.9ms
[target_vision_2-3] VISION FPS=30.2
[target_vision_2-3] Library QUIRC is not linked. No decoding is performed. Take it to the OpenCV repository.
[target_vision_2-3] Library QUIRC is not linked. No decoding is performed. Take it to the OpenCV repository.
[target_vision_2-3] Library QUIRC is not linked. No decoding is performed. Take it to the OpenCV repository.
[target_vision_2-3] VISION PERF read=13.8ms detect=232.8ms/detect post=3.6ms display=15.9ms
[target_vision_2-3] VISION FPS=30.0
[target_vision_2-3] VISION PERF read=13.2ms detect=230.1ms/detect post=3.6ms display=16.3ms
[target_vision_2-3] VISION FPS=30.0
[target_vision_2-3] VISION PERF read=13.7ms detect=218.9ms/detect post=3.6ms display=15.9ms
[target_vision_2-3] VISION FPS=29.9
[target_vision_2-3] Library QUIRC is not linked. No decoding is performed. Take it to the OpenCV repository.
[target_vision_2-3] VISION PERF read=15.5ms detect=192.0ms/detect post=2.8ms display=15.0ms
[target_vision_2-3] VISION FPS=30.2
[target_vision_2-3] VISION PERF read=15.6ms detect=188.6ms/detect post=2.6ms display=15.0ms
[target_vision_2-3] VISION FPS=30.0
[target_vision_2-3] Library QUIRC is not linked. No decoding is performed. Take it to the OpenCV repository.
[target_vision_2-3] VISION PERF read=15.4ms detect=186.6ms/detect post=2.7ms display=15.1ms
[target_vision_2-3] VISION FPS=30.1
[target_vision_2-3] VISION PERF read=15.5ms detect=194.7ms/detect post=2.7ms display=15.2ms
[target_vision_2-3] VISION FPS=30.1
[target_vision_2-3] VISION PERF read=15.4ms detect=197.2ms/detect post=2.8ms display=15.0ms
[target_vision_2-3] VISION FPS=30.0
[target_vision_2-3] Library QUIRC is not linked. No decoding is performed. Take it to the OpenCV repository.
[target_vision_2-3] VISION PERF read=15.5ms detect=181.9ms/detect post=2.5ms display=15.2ms
[target_vision_2-3] VISION FPS=29.9
[target_vision_2-3] Library QUIRC is not linked. No decoding is performed. Take it to the OpenCV repository.
[target_vision_2-3] VISION PERF read=16.3ms detect=181.4ms/detect post=2.7ms display=14.2ms
[target_vision_2-3] VISION FPS=30.1
[target_vision_2-3] VISION PERF read=16.3ms detect=187.1ms/detect post=2.6ms display=14.3ms
[target_vision_2-3] VISION FPS=30.1
[target_vision_2-3] Library QUIRC is not linked. No decoding is performed. Take it to the OpenCV repository.
[target_vision_2-3] Library QUIRC is not linked. No decoding is performed. Take it to the OpenCV repository.
[target_vision_2-3] VISION PERF read=15.6ms detect=195.4ms/detect post=2.7ms display=14.9ms
[target_vision_2-3] VISION FPS=29.8
[target_vision_2-3] Library QUIRC is not linked. No decoding is performed. Take it to the OpenCV repository.
[target_vision_2-3] Library QUIRC is not linked. No decoding is performed. Take it to the OpenCV repository.
[target_vision_2-3] VISION PERF read=15.4ms detect=195.2ms/detect post=2.9ms display=14.9ms
[target_vision_2-3] VISION FPS=29.9
[target_vision_2-3] Library QUIRC is not linked. No decoding is performed. Take it to the OpenCV repository.
[target_vision_2-3] Library QUIRC is not linked. No decoding is performed. Take it to the OpenCV repository.
[target_vision_2-3] Library QUIRC is not linked. No decoding is performed. Take it to the OpenCV repository.
[target_vision_2-3] Library QUIRC is not linked. No decoding is performed. Take it to the OpenCV repository.
[target_vision_2-3] VISION PERF read=15.3ms detect=201.0ms/detect post=2.8ms display=15.2ms
[target_vision_2-3] VISION FPS=30.0
[target_vision_2-3] Library QUIRC is not linked. No decoding is performed. Take it to the OpenCV repository.
[target_vision_2-3] VISION PERF read=15.6ms detect=202.4ms/detect post=3.0ms display=14.7ms
[target_vision_2-3] VISION FPS=30.1
[target_vision_2-3] Library QUIRC is not linked. No decoding is performed. Take it to the OpenCV repository.
[target_vision_2-3] Library QUIRC is not linked. No decoding is performed. Take it to the OpenCV repository.
[target_vision_2-3] VISION PERF read=15.1ms detect=213.0ms/detect post=3.5ms display=14.5ms
[target_vision_2-3] VISION FPS=30.0
[target_vision_2-3] VISION PERF read=15.7ms detect=189.1ms/detect post=2.8ms display=14.7ms
[target_vision_2-3] VISION FPS=30.2
[target_vision_2-3] Library QUIRC is not linked. No decoding is performed. Take it to the OpenCV repository.
[target_vision_2-3] VISION PERF read=15.1ms detect=195.2ms/detect post=2.8ms display=15.4ms
[target_vision_2-3] VISION FPS=30.0
[target_vision_2-3] Library QUIRC is not linked. No decoding is performed. Take it to the OpenCV repository.
[target_vision_2-3] Library QUIRC is not linked. No decoding is performed. Take it to the OpenCV repository.
[target_vision_2-3] VISION PERF read=15.4ms detect=193.5ms/detect post=2.8ms display=15.1ms
[target_vision_2-3] VISION FPS=30.0
[target_vision_2-3] VISION PERF read=16.1ms detect=192.0ms/detect post=2.8ms display=14.4ms
[target_vision_2-3] VISION FPS=29.9
[target_vision_2-3] Library QUIRC is not linked. No decoding is performed. Take it to the OpenCV repository.
[target_vision_2-3] VISION PERF read=16.0ms detect=187.6ms/detect post=3.0ms display=14.3ms
[target_vision_2-3] VISION FPS=30.1
[target_vision_2-3] Library QUIRC is not linked. No decoding is performed. Take it to the OpenCV repository.
[target_vision_2-3] VISION PERF read=15.5ms detect=189.3ms/detect post=2.7ms display=15.0ms
[target_vision_2-3] VISION FPS=30.0
[target_vision_2-3] VISION PERF read=15.8ms detect=189.3ms/detect post=2.7ms display=14.7ms
[target_vision_2-3] VISION FPS=30.1
[target_vision_2-3] VISION PERF read=16.2ms detect=188.6ms/detect post=2.8ms display=14.2ms
[target_vision_2-3] VISION FPS=29.7
[target_vision_2-3] VISION PERF read=13.7ms detect=225.3ms/detect post=3.7ms display=15.8ms
[target_vision_2-3] VISION FPS=30.1
[target_vision_2-3] VISION PERF read=14.3ms detect=223.5ms/detect post=3.4ms display=15.5ms
[target_vision_2-3] VISION FPS=30.0
[target_vision_2-3] Library QUIRC is not linked. No decoding is performed. Take it to the OpenCV repository.
[target_vision_2-3] Library QUIRC is not linked. No decoding is performed. Take it to the OpenCV repository.
[target_vision_2-3] VISION PERF read=14.1ms detect=225.7ms/detect post=3.8ms display=15.3ms
[target_vision_2-3] VISION FPS=30.0
[target_vision_2-3] Library QUIRC is not linked. No decoding is performed. Take it to the OpenCV repository.
[target_vision_2-3] VISION PERF read=13.7ms detect=228.6ms/detect post=3.8ms display=15.7ms
[target_vision_2-3] VISION FPS=30.1
[target_vision_2-3] Library QUIRC is not linked. No decoding is performed. Take it to the OpenCV repository.
[target_vision_2-3] VISION PERF read=14.8ms detect=223.0ms/detect post=3.1ms display=15.3ms
[target_vision_2-3] VISION FPS=30.0
[target_vision_2-3] Library QUIRC is not linked. No decoding is performed. Take it to the OpenCV repository.
[target_vision_2-3] VISION PERF read=14.1ms detect=226.3ms/detect post=3.7ms display=15.4ms
[target_vision_2-3] VISION FPS=30.0
[target_vision_2-3] Library QUIRC is not linked. No decoding is performed. Take it to the OpenCV repository.
[target_vision_2-3] VISION PERF read=13.8ms detect=230.3ms/detect post=3.8ms display=15.7ms
[target_vision_2-3] VISION FPS=30.2
[target_vision_2-3] Library QUIRC is not linked. No decoding is performed. Take it to the OpenCV repository.
[target_vision_2-3] Library QUIRC is not linked. No decoding is performed. Take it to the OpenCV repository.
[target_vision_2-3] Library QUIRC is not linked. No decoding is performed. Take it to the OpenCV repository.
[target_vision_2-3] VISION PERF read=13.9ms detect=232.5ms/detect post=3.8ms display=15.6ms
[target_vision_2-3] VISION FPS=30.6
[target_vision_2-3] VISION PERF read=13.9ms detect=228.0ms/detect post=3.8ms display=15.5ms
[target_vision_2-3] VISION FPS=30.0
[target_vision_2-3] VISION PERF read=14.0ms detect=227.3ms/detect post=3.6ms display=15.7ms
[target_vision_2-3] VISION FPS=30.0
[target_vision_2-3] VISION PERF read=14.0ms detect=226.5ms/detect post=3.6ms display=15.7ms
[target_vision_2-3] VISION FPS=30.1
[target_vision_2-3] Library QUIRC is not linked. No decoding is performed. Take it to the OpenCV repository.
[target_vision_2-3] VISION PERF read=13.7ms detect=226.4ms/detect post=3.6ms display=15.8ms
[target_vision_2-3] VISION FPS=30.0
[target_vision_2-3] VISION PERF read=14.0ms detect=227.9ms/detect post=3.6ms display=15.7ms
[target_vision_2-3] VISION FPS=30.0
[target_vision_2-3] Library QUIRC is not linked. No decoding is performed. Take it to the OpenCV repository.
[target_vision_2-3] Library QUIRC is not linked. No decoding is performed. Take it to the OpenCV repository.
[target_vision_2-3] VISION PERF read=14.8ms detect=214.3ms/detect post=3.2ms display=15.3ms
[target_vision_2-3] Library QUIRC is not linked. No decoding is performed. Take it to the OpenCV repository.
[target_vision_2-3] VISION FPS=29.9
[target_vision_2-3] Library QUIRC is not linked. No decoding is performed. Take it to the OpenCV repository.
[target_vision_2-3] Library QUIRC is not linked. No decoding is performed. Take it to the OpenCV repository.
[target_vision_2-3] VISION PERF read=16.2ms detect=180.4ms/detect post=2.8ms display=14.2ms
[target_vision_2-3] VISION FPS=30.2
[target_vision_2-3] Library QUIRC is not linked. No decoding is performed. Take it to the OpenCV repository.
[target_vision_2-3] VISION PERF read=16.3ms detect=180.1ms/detect post=2.8ms display=14.2ms
[target_vision_2-3] Library QUIRC is not linked. No decoding is performed. Take it to the OpenCV repository.
[target_vision_2-3] VISION FPS=30.0
[target_vision_2-3] Library QUIRC is not linked. No decoding is performed. Take it to the OpenCV repository.
[target_vision_2-3] VISION PERF read=16.6ms detect=183.5ms/detect post=2.6ms display=14.1ms
[target_vision_2-3] VISION FPS=30.0
[target_vision_2-3] VISION PERF read=16.5ms detect=177.1ms/detect post=2.7ms display=14.0ms
[target_vision_2-3] VISION FPS=30.1
[target_vision_2-3] Library QUIRC is not linked. No decoding is performed. Take it to the OpenCV repository.
[target_vision_2-3] VISION PERF read=16.3ms detect=179.3ms/detect post=2.7ms display=14.3ms
[target_vision_2-3] VISION FPS=30.0
[target_vision_2-3] Library QUIRC is not linked. No decoding is performed. Take it to the OpenCV repository.
[target_vision_2-3] VISION PERF read=16.5ms detect=177.0ms/detect post=2.5ms display=14.2ms
[target_vision_2-3] VISION FPS=29.9
[target_vision_2-3] Library QUIRC is not linked. No decoding is performed. Take it to the OpenCV repository.
[target_vision_2-3] VISION PERF read=16.5ms detect=178.6ms/detect post=2.7ms display=14.0ms
[target_vision_2-3] VISION FPS=30.0
[target_vision_2-3] Library QUIRC is not linked. No decoding is performed. Take it to the OpenCV repository.
[target_vision_2-3] VISION PERF read=16.4ms detect=177.4ms/detect post=2.7ms display=14.1ms
[target_vision_2-3] VISION FPS=30.1
[target_vision_2-3] VISION PERF read=16.4ms detect=177.1ms/detect post=2.6ms display=14.2ms
[target_vision_2-3] VISION FPS=30.0
[target_vision_2-3] Library QUIRC is not linked. No decoding is performed. Take it to the OpenCV repository.
[target_vision_2-3] Library QUIRC is not linked. No decoding is performed. Take it to the OpenCV repository.
[target_vision_2-3] VISION PERF read=16.7ms detect=172.0ms/detect post=2.5ms display=14.1ms
[target_vision_2-3] VISION FPS=30.0
[target_vision_2-3] Library QUIRC is not linked. No decoding is performed. Take it to the OpenCV repository.
[target_vision_2-3] Library QUIRC is not linked. No decoding is performed. Take it to the OpenCV repository.
[target_vision_2-3] VISION PERF read=16.3ms detect=172.0ms/detect post=2.5ms display=14.4ms
[target_vision_2-3] VISION FPS=30.2
[target_vision_2-3] VISION PERF read=16.9ms detect=168.8ms/detect post=2.4ms display=13.9ms
[target_vision_2-3] Library QUIRC is not linked. No decoding is performed. Take it to the OpenCV repository.
[target_vision_2-3] VISION FPS=30.0
[target_vision_2-3] Library QUIRC is not linked. No decoding is performed. Take it to the OpenCV repository.
[target_vision_2-3] VISION PERF read=16.7ms detect=170.5ms/detect post=2.5ms display=14.1ms
[target_vision_2-3] VISION FPS=30.0
[target_vision_2-3] Library QUIRC is not linked. No decoding is performed. Take it to the OpenCV repository.
[target_vision_2-3] Library QUIRC is not linked. No decoding is performed. Take it to the OpenCV repository.
[target_vision_2-3] Library QUIRC is not linked. No decoding is performed. Take it to the OpenCV repository.
[target_vision_2-3] VISION PERF read=16.6ms detect=172.2ms/detect post=2.6ms display=14.0ms
[target_vision_2-3] Library QUIRC is not linked. No decoding is performed. Take it to the OpenCV repository.
[target_vision_2-3] VISION FPS=30.0
[target_vision_2-3] Library QUIRC is not linked. No decoding is performed. Take it to the OpenCV repository.
[target_vision_2-3] Library QUIRC is not linked. No decoding is performed. Take it to the OpenCV repository.
[target_vision_2-3] Library QUIRC is not linked. No decoding is performed. Take it to the OpenCV repository.
[target_vision_2-3] Library QUIRC is not linked. No decoding is performed. Take it to the OpenCV repository.
[target_vision_2-3] VISION PERF read=15.6ms detect=196.2ms/detect post=2.8ms display=14.9ms
[target_vision_2-3] VISION FPS=30.0
[target_vision_2-3] Library QUIRC is not linked. No decoding is performed. Take it to the OpenCV repository.
[target_vision_2-3] VISION PERF read=15.4ms detect=222.1ms/detect post=2.6ms display=15.2ms
[target_vision_2-3] VISION FPS=30.3
[target_vision_2-3] VISION PERF read=15.4ms detect=218.1ms/detect post=2.9ms display=15.0ms
[target_vision_2-3] VISION FPS=30.1
[target_vision_2-3] Library QUIRC is not linked. No decoding is performed. Take it to the OpenCV repository.
[target_vision_2-3] Library QUIRC is not linked. No decoding is performed. Take it to the OpenCV repository.
[target_vision_2-3] VISION PERF read=15.2ms detect=227.0ms/detect post=2.8ms display=15.3ms
[target_vision_2-3] VISION FPS=30.1
[target_vision_2-3] Library QUIRC is not linked. No decoding is performed. Take it to the OpenCV repository.
[target_vision_2-3] VISION PERF read=14.4ms detect=227.1ms/detect post=3.3ms display=15.5ms
[target_vision_2-3] Library QUIRC is not linked. No decoding is performed. Take it to the OpenCV repository.
[target_vision_2-3] VISION FPS=29.7
[target_vision_2-3] Library QUIRC is not linked. No decoding is performed. Take it to the OpenCV repository.
[target_vision_2-3] Library QUIRC is not linked. No decoding is performed. Take it to the OpenCV repository.
[target_vision_2-3] VISION PERF read=14.8ms detect=229.0ms/detect post=3.2ms display=15.3ms
[target_vision_2-3] VISION FPS=29.9
[target_vision_2-3] Library QUIRC is not linked. No decoding is performed. Take it to the OpenCV repository.
[target_vision_2-3] Library QUIRC is not linked. No decoding is performed. Take it to the OpenCV repository.
[target_vision_2-3] Library QUIRC is not linked. No decoding is performed. Take it to the OpenCV repository.
[target_vision_2-3] Library QUIRC is not linked. No decoding is performed. Take it to the OpenCV repository.
[target_vision_2-3] VISION PERF read=14.6ms detect=226.7ms/detect post=3.5ms display=15.0ms
[target_vision_2-3] VISION FPS=30.0
[target_vision_2-3] VISION PERF read=14.4ms detect=224.9ms/detect post=3.4ms display=15.5ms
[target_vision_2-3] VISION FPS=30.0
[target_vision_2-3] Library QUIRC is not linked. No decoding is performed. Take it to the OpenCV repository.
[target_vision_2-3] Library QUIRC is not linked. No decoding is performed. Take it to the OpenCV repository.
[target_vision_2-3] VISION PERF read=14.4ms detect=228.4ms/detect post=3.3ms display=15.4ms
[target_vision_2-3] VISION FPS=29.7
[target_vision_2-3] Library QUIRC is not linked. No decoding is performed. Take it to the OpenCV repository.
[target_vision_2-3] VISION PERF read=14.4ms detect=225.1ms/detect post=3.2ms display=15.6ms
[target_vision_2-3] VISION FPS=30.0
[target_vision_2-3] Library QUIRC is not linked. No decoding is performed. Take it to the OpenCV repository.
[target_vision_2-3] Library QUIRC is not linked. No decoding is performed. Take it to the OpenCV repository.
[target_vision_2-3] VISION PERF read=14.1ms detect=225.4ms/detect post=3.3ms display=15.8ms
[target_vision_2-3] VISION FPS=29.4
[target_vision_2-3] VISION PERF read=14.7ms detect=222.1ms/detect post=3.3ms display=15.1ms
[target_vision_2-3] VISION FPS=30.1
[target_vision_2-3] Library QUIRC is not linked. No decoding is performed. Take it to the OpenCV repository.
[target_vision_2-3] VISION PERF read=14.2ms detect=224.0ms/detect post=3.3ms display=15.7ms
[target_vision_2-3] VISION FPS=30.0
[target_vision_2-3] VISION PERF read=14.3ms detect=222.6ms/detect post=3.5ms display=15.5ms
[target_vision_2-3] VISION FPS=30.0
[target_vision_2-3] Library QUIRC is not linked. No decoding is performed. Take it to the OpenCV repository.
[target_vision_2-3] VISION PERF read=14.7ms detect=225.6ms/detect post=3.4ms display=15.2ms
[target_vision_2-3] VISION FPS=29.7
[target_vision_2-3] Library QUIRC is not linked. No decoding is performed. Take it to the OpenCV repository.
[target_vision_2-3] VISION PERF read=13.9ms detect=227.6ms/detect post=3.5ms display=15.7ms
[target_vision_2-3] VISION FPS=30.1
[target_vision_2-3] VISION PERF read=13.5ms detect=227.7ms/detect post=3.8ms display=16.1ms
[target_vision_2-3] VISION FPS=30.0
[target_vision_2-3] Library QUIRC is not linked. No decoding is performed. Take it to the OpenCV repository.
[target_vision_2-3] VISION PERF read=13.9ms detect=221.4ms/detect post=3.6ms display=15.7ms
[target_vision_2-3] VISION FPS=29.9
[target_vision_2-3] Library QUIRC is not linked. No decoding is performed. Take it to the OpenCV repository.
[target_vision_2-3] VISION PERF read=14.7ms detect=190.5ms/detect post=3.3ms display=15.2ms
[target_vision_2-3] Library QUIRC is not linked. No decoding is performed. Take it to the OpenCV repository.
[target_vision_2-3] VISION FPS=30.1
[target_vision_2-3] VISION PERF read=15.1ms detect=188.2ms/detect post=3.2ms display=14.9ms
[target_vision_2-3] Library QUIRC is not linked. No decoding is performed. Take it to the OpenCV repository.
[target_vision_2-3] VISION FPS=30.0
[target_vision_2-3] Library QUIRC is not linked. No decoding is performed. Take it to the OpenCV repository.
[target_vision_2-3] Library QUIRC is not linked. No decoding is performed. Take it to the OpenCV repository.
[target_vision_2-3] Library QUIRC is not linked. No decoding is performed. Take it to the OpenCV repository.
[target_vision_2-3] VISION PERF read=15.4ms detect=190.0ms/detect post=2.7ms display=15.2ms
[target_vision_2-3] VISION FPS=29.8
[target_vision_2-3] Library QUIRC is not linked. No decoding is performed. Take it to the OpenCV repository.
[target_vision_2-3] Library QUIRC is not linked. No decoding is performed. Take it to the OpenCV repository.
[target_vision_2-3] VISION PERF read=15.7ms detect=196.3ms/detect post=2.6ms display=15.0ms
[target_vision_2-3] VISION FPS=30.1
[target_vision_2-3] Library QUIRC is not linked. No decoding is performed. Take it to the OpenCV repository.
[target_vision_2-3] VISION PERF read=14.6ms detect=203.5ms/detect post=3.1ms display=15.4ms
[target_vision_2-3] VISION FPS=30.3
[target_vision_2-3] Library QUIRC is not linked. No decoding is performed. Take it to the OpenCV repository.
[target_vision_2-3] Library QUIRC is not linked. No decoding is performed. Take it to the OpenCV repository.
[target_vision_2-3] VISION PERF read=16.7ms detect=210.4ms/detect post=2.5ms display=14.0ms
[target_vision_2-3] VISION FPS=29.8
[target_vision_2-3] VISION PERF read=15.7ms detect=191.1ms/detect post=2.7ms display=14.8ms
[target_vision_2-3] VISION FPS=30.0
[target_vision_2-3] VISION PERF read=15.6ms detect=196.2ms/detect post=2.6ms display=15.0ms
[target_vision_2-3] VISION FPS=29.8
[target_vision_2-3] VISION PERF read=16.4ms detect=191.0ms/detect post=2.6ms display=14.1ms
[target_vision_2-3] VISION FPS=29.8
[target_vision_2-3] VISION PERF read=16.1ms detect=195.8ms/detect post=2.8ms display=14.4ms
[target_vision_2-3] VISION FPS=30.2
[target_vision_2-3] Library QUIRC is not linked. No decoding is performed. Take it to the OpenCV repository.
[target_vision_2-3] VISION PERF read=15.9ms detect=192.9ms/detect post=2.8ms display=14.6ms
[target_vision_2-3] VISION FPS=29.9
[target_vision_2-3] VISION PERF read=16.2ms detect=183.0ms/detect post=2.7ms display=14.3ms
[target_vision_2-3] VISION FPS=30.0
[target_vision_2-3] VISION PERF read=15.0ms detect=201.7ms/detect post=2.9ms display=15.3ms
[target_vision_2-3] VISION FPS=30.0
[target_vision_2-3] VISION PERF read=15.2ms detect=205.3ms/detect post=2.8ms display=15.2ms
[target_vision_2-3] VISION FPS=30.3
[target_vision_2-3] Library QUIRC is not linked. No decoding is performed. Take it to the OpenCV repository.
[target_vision_2-3] Library QUIRC is not linked. No decoding is performed. Take it to the OpenCV repository.
[target_vision_2-3] VISION PERF read=15.0ms detect=209.4ms/detect post=2.7ms display=15.6ms
[target_vision_2-3] VISION FPS=30.0
[target_vision_2-3] VISION PERF read=14.6ms detect=214.5ms/detect post=2.9ms display=15.7ms
[target_vision_2-3] VISION FPS=30.0
[target_vision_2-3] VISION PERF read=14.0ms detect=225.8ms/detect post=3.2ms display=16.1ms
[target_vision_2-3] VISION FPS=30.1
[target_vision_2-3] Library QUIRC is not linked. No decoding is performed. Take it to the OpenCV repository.
[target_vision_2-3] Library QUIRC is not linked. No decoding is performed. Take it to the OpenCV repository.
[target_vision_2-3] Library QUIRC is not linked. No decoding is performed. Take it to the OpenCV repository.
[target_vision_2-3] VISION PERF read=14.9ms detect=225.2ms/detect post=2.9ms display=15.4ms
[target_vision_2-3] VISION FPS=30.1
[target_vision_2-3] VISION PERF read=14.6ms detect=225.7ms/detect post=3.2ms display=15.4ms
[target_vision_2-3] VISION FPS=29.8
[target_vision_2-3] Library QUIRC is not linked. No decoding is performed. Take it to the OpenCV repository.
[target_vision_2-3] VISION PERF read=14.2ms detect=225.3ms/detect post=3.5ms display=15.6ms
[target_vision_2-3] VISION FPS=30.0
[target_vision_2-3] Library QUIRC is not linked. No decoding is performed. Take it to the OpenCV repository.
[target_vision_2-3] Library QUIRC is not linked. No decoding is performed. Take it to the OpenCV repository.
[target_vision_2-3] Library QUIRC is not linked. No decoding is performed. Take it to the OpenCV repository.
[target_vision_2-3] VISION PERF read=14.1ms detect=226.4ms/detect post=3.4ms display=15.6ms
[target_vision_2-3] VISION FPS=29.8
[target_vision_2-3] Library QUIRC is not linked. No decoding is performed. Take it to the OpenCV repository.
[target_vision_2-3] Library QUIRC is not linked. No decoding is performed. Take it to the OpenCV repository.
[target_vision_2-3] Library QUIRC is not linked. No decoding is performed. Take it to the OpenCV repository.
[target_vision_2-3] Library QUIRC is not linked. No decoding is performed. Take it to the OpenCV repository.
[target_vision_2-3] VISION PERF read=14.2ms detect=246.2ms/detect post=3.5ms display=15.5ms
[target_vision_2-3] VISION FPS=30.0
[target_vision_2-3] Library QUIRC is not linked. No decoding is performed. Take it to the OpenCV repository.
[target_vision_2-3] VISION PERF read=14.0ms detect=224.4ms/detect post=3.8ms display=15.6ms
[target_vision_2-3] VISION FPS=30.1
[target_vision_2-3] Library QUIRC is not linked. No decoding is performed. Take it to the OpenCV repository.
[target_vision_2-3] Library QUIRC is not linked. No decoding is performed. Take it to the OpenCV repository.
[target_vision_2-3] VISION PERF read=13.7ms detect=224.2ms/detect post=4.0ms display=15.5ms
[target_vision_2-3] VISION FPS=30.0
[target_vision_2-3] VISION PERF read=14.2ms detect=223.3ms/detect post=4.0ms display=15.1ms
[target_vision_2-3] VISION FPS=29.9
[target_vision_2-3] Library QUIRC is not linked. No decoding is performed. Take it to the OpenCV repository.
[target_vision_2-3] VISION PERF read=13.5ms detect=224.6ms/detect post=3.9ms display=15.7ms
[target_vision_2-3] VISION FPS=29.9
[target_vision_2-3] Library QUIRC is not linked. No decoding is performed. Take it to the OpenCV repository.
[target_vision_2-3] VISION PERF read=13.6ms detect=226.0ms/detect post=3.8ms display=15.9ms
[target_vision_2-3] Library QUIRC is not linked. No decoding is performed. Take it to the OpenCV repository.
[target_vision_2-3] VISION FPS=30.1
[target_vision_2-3] Library QUIRC is not linked. No decoding is performed. Take it to the OpenCV repository.
[target_vision_2-3] Library QUIRC is not linked. No decoding is performed. Take it to the OpenCV repository.
[target_vision_2-3] VISION PERF read=13.3ms detect=229.5ms/detect post=3.9ms display=16.0ms
[target_vision_2-3] VISION FPS=30.4
[target_vision_2-3] Library QUIRC is not linked. No decoding is performed. Take it to the OpenCV repository.
[target_vision_2-3] VISION PERF read=13.7ms detect=227.2ms/detect post=3.8ms display=15.8ms
[target_vision_2-3] Library QUIRC is not linked. No decoding is performed. Take it to the OpenCV repository.
[target_vision_2-3] VISION FPS=30.0
[target_vision_2-3] Library QUIRC is not linked. No decoding is performed. Take it to the OpenCV repository.
[target_vision_2-3] VISION PERF read=13.9ms detect=224.4ms/detect post=3.8ms display=15.4ms
[target_vision_2-3] VISION FPS=30.1
[target_vision_2-3] VISION PERF read=13.7ms detect=230.8ms/detect post=3.8ms display=15.7ms
[target_vision_2-3] VISION FPS=30.1
[target_vision_2-3] Library QUIRC is not linked. No decoding is performed. Take it to the OpenCV repository.
[target_vision_2-3] Library QUIRC is not linked. No decoding is performed. Take it to the OpenCV repository.
[target_vision_2-3] VISION PERF read=14.4ms detect=222.9ms/detect post=3.5ms display=15.4ms
[target_vision_2-3] VISION FPS=29.8
[target_vision_2-3] Library QUIRC is not linked. No decoding is performed. Take it to the OpenCV repository.
[target_vision_2-3] Library QUIRC is not linked. No decoding is performed. Take it to the OpenCV repository.
[target_vision_2-3] Library QUIRC is not linked. No decoding is performed. Take it to the OpenCV repository.
[target_vision_2-3] VISION PERF read=15.8ms detect=192.1ms/detect post=2.6ms display=14.7ms
[target_vision_2-3] VISION FPS=30.1
[target_vision_2-3] Library QUIRC is not linked. No decoding is performed. Take it to the OpenCV repository.
[target_vision_2-3] VISION PERF read=16.5ms detect=174.4ms/detect post=2.7ms display=14.1ms
[target_vision_2-3] VISION FPS=30.1
[target_vision_2-3] VISION PERF read=16.2ms detect=179.5ms/detect post=2.9ms display=14.2ms
[target_vision_2-3] VISION FPS=30.0
[target_vision_2-3] VISION PERF read=16.2ms detect=189.2ms/detect post=2.6ms display=14.3ms
[target_vision_2-3] VISION FPS=30.0
[target_vision_2-3] VISION PERF read=16.4ms detect=187.6ms/detect post=2.8ms display=14.1ms
[target_vision_2-3] VISION FPS=29.8
[target_vision_2-3] Library QUIRC is not linked. No decoding is performed. Take it to the OpenCV repository.
[target_vision_2-3] VISION PERF read=15.8ms detect=195.1ms/detect post=2.8ms display=14.6ms
[target_vision_2-3] VISION FPS=30.1
[target_vision_2-3] VISION PERF read=16.0ms detect=195.7ms/detect post=2.9ms display=14.3ms
[target_vision_2-3] VISION FPS=30.0
[target_vision_2-3] VISION PERF read=16.0ms detect=186.3ms/detect post=2.9ms display=14.3ms
[target_vision_2-3] VISION FPS=30.0
[target_vision_2-3] Library QUIRC is not linked. No decoding is performed. Take it to the OpenCV repository.
[target_vision_2-3] Library QUIRC is not linked. No decoding is performed. Take it to the OpenCV repository.
[target_vision_2-3] VISION PERF read=15.6ms detect=191.8ms/detect post=2.9ms display=14.7ms
[target_vision_2-3] VISION FPS=30.0
[target_vision_2-3] Library QUIRC is not linked. No decoding is performed. Take it to the OpenCV repository.
[target_vision_2-3] VISION PERF read=16.0ms detect=200.5ms/detect post=2.6ms display=14.7ms
[target_vision_2-3] VISION FPS=29.7
[target_vision_2-3] VISION PERF read=13.9ms detect=231.0ms/detect post=3.6ms display=15.6ms
[target_vision_2-3] VISION FPS=30.0
[target_vision_2-3] VISION PERF read=14.1ms detect=230.2ms/detect post=3.7ms display=15.4ms
[target_vision_2-3] VISION FPS=30.0
[target_vision_2-3] VISION PERF read=13.7ms detect=226.3ms/detect post=4.0ms display=15.6ms
[target_vision_2-3] Library QUIRC is not linked. No decoding is performed. Take it to the OpenCV repository.
[target_vision_2-3] VISION FPS=30.3
[target_vision_2-3] Library QUIRC is not linked. No decoding is performed. Take it to the OpenCV repository.
[target_vision_2-3] VISION PERF read=13.7ms detect=230.7ms/detect post=4.1ms display=15.4ms
[target_vision_2-3] VISION FPS=30.0
[target_vision_2-3] VISION PERF read=13.6ms detect=231.4ms/detect post=4.3ms display=15.3ms
[target_vision_2-3] VISION FPS=30.2
[target_vision_2-3] Library QUIRC is not linked. No decoding is performed. Take it to the OpenCV repository.
[target_vision_2-3] Library QUIRC is not linked. No decoding is performed. Take it to the OpenCV repository.
[target_vision_2-3] VISION PERF read=13.7ms detect=232.4ms/detect post=3.8ms display=15.7ms
[target_vision_2-3] VISION FPS=30.6
[target_vision_2-3] Library QUIRC is not linked. No decoding is performed. Take it to the OpenCV repository.
[target_vision_2-3] VISION PERF read=13.7ms detect=231.7ms/detect post=4.3ms display=15.2ms
[target_vision_2-3] VISION FPS=30.0
[target_vision_2-3] Library QUIRC is not linked. No decoding is performed. Take it to the OpenCV repository.
[target_vision_2-3] VISION PERF read=14.1ms detect=229.2ms/detect post=4.0ms display=15.2ms
[target_vision_2-3] VISION FPS=30.0
[target_vision_2-3] Library QUIRC is not linked. No decoding is performed. Take it to the OpenCV repository.
[target_vision_2-3] VISION PERF read=13.5ms detect=230.9ms/detect post=3.9ms display=15.8ms
[target_vision_2-3] VISION FPS=30.0
[target_vision_2-3] Library QUIRC is not linked. No decoding is performed. Take it to the OpenCV repository.
[target_vision_2-3] VISION PERF read=13.3ms detect=233.5ms/detect post=3.9ms display=16.1ms
[target_vision_2-3] VISION FPS=29.8
[target_vision_2-3] VISION PERF read=15.6ms detect=206.0ms/detect post=2.9ms display=14.7ms
[target_vision_2-3] VISION FPS=30.0
[target_vision_2-3] VISION PERF read=16.3ms detect=181.5ms/detect post=2.8ms display=14.2ms
[target_vision_2-3] VISION FPS=30.0
[target_vision_2-3] VISION PERF read=16.3ms detect=175.5ms/detect post=2.6ms display=14.3ms
[target_vision_2-3] VISION FPS=30.0
[target_vision_2-3] VISION PERF read=16.6ms detect=170.8ms/detect post=2.6ms display=14.0ms
[target_vision_2-3] VISION FPS=30.0
[target_vision_2-3] VISION PERF read=16.4ms detect=177.5ms/detect post=2.6ms display=14.1ms
[target_vision_2-3] VISION FPS=30.2
[target_vision_2-3] Library QUIRC is not linked. No decoding is performed. Take it to the OpenCV repository.
[target_vision_2-3] VISION PERF read=16.6ms detect=180.6ms/detect post=2.7ms display=14.0ms
[target_vision_2-3] VISION FPS=30.0
[target_vision_2-3] Library QUIRC is not linked. No decoding is performed. Take it to the OpenCV repository.
[target_vision_2-3] Library QUIRC is not linked. No decoding is performed. Take it to the OpenCV repository.
[target_vision_2-3] VISION PERF read=16.2ms detect=182.0ms/detect post=2.6ms display=14.4ms
[target_vision_2-3] VISION FPS=30.0
[target_vision_2-3] VISION PERF read=16.4ms detect=183.5ms/detect post=2.5ms display=14.3ms
[target_vision_2-3] VISION FPS=30.2
[target_vision_2-3] Library QUIRC is not linked. No decoding is performed. Take it to the OpenCV repository.
[target_vision_2-3] VISION PERF read=15.4ms detect=186.8ms/detect post=2.8ms display=15.1ms
[target_vision_2-3] VISION FPS=30.0
[target_vision_2-3] Library QUIRC is not linked. No decoding is performed. Take it to the OpenCV repository.
[target_vision_2-3] VISION PERF read=16.2ms detect=180.3ms/detect post=2.7ms display=14.3ms
[target_vision_2-3] VISION FPS=30.0
[target_vision_2-3] Library QUIRC is not linked. No decoding is performed. Take it to the OpenCV repository.
[target_vision_2-3] VISION PERF read=16.4ms detect=179.5ms/detect post=2.8ms display=14.0ms
[target_vision_2-3] VISION FPS=30.0
[target_vision_2-3] Library QUIRC is not linked. No decoding is performed. Take it to the OpenCV repository.
[target_vision_2-3] VISION PERF read=16.2ms detect=193.1ms/detect post=2.7ms display=14.3ms
[target_vision_2-3] VISION FPS=30.0
[target_vision_2-3] Library QUIRC is not linked. No decoding is performed. Take it to the OpenCV repository.
[target_vision_2-3] VISION PERF read=14.9ms detect=217.8ms/detect post=3.1ms display=15.2ms
[target_vision_2-3] Library QUIRC is not linked. No decoding is performed. Take it to the OpenCV repository.
[target_vision_2-3] VISION FPS=29.8
[target_vision_2-3] VISION PERF read=14.5ms detect=229.6ms/detect post=2.9ms display=15.9ms
[target_vision_2-3] VISION FPS=30.2
[target_vision_2-3] Library QUIRC is not linked. No decoding is performed. Take it to the OpenCV repository.
[target_vision_2-3] VISION PERF read=13.3ms detect=243.8ms/detect post=3.6ms display=16.3ms
[target_vision_2-3] Library QUIRC is not linked. No decoding is performed. Take it to the OpenCV repository.
[target_vision_2-3] VISION FPS=30.4
[target_vision_2-3] VISION PERF read=12.4ms detect=257.8ms/detect post=4.3ms display=16.5ms
[target_vision_2-3] VISION FPS=30.1
[target_vision_2-3] Library QUIRC is not linked. No decoding is performed. Take it to the OpenCV repository.
[target_vision_2-3] Library QUIRC is not linked. No decoding is performed. Take it to the OpenCV repository.
[target_vision_2-3] VISION PERF read=13.1ms detect=249.8ms/detect post=4.0ms display=16.2ms
[target_vision_2-3] VISION FPS=30.1
[target_vision_2-3] Library QUIRC is not linked. No decoding is performed. Take it to the OpenCV repository.
[target_vision_2-3] VISION PERF read=13.6ms detect=237.3ms/detect post=3.3ms display=16.3ms
[target_vision_2-3] VISION FPS=29.9
[target_vision_2-3] VISION PERF read=13.4ms detect=244.6ms/detect post=3.4ms display=16.4ms
[target_vision_2-3] VISION FPS=30.3
[target_vision_2-3] Library QUIRC is not linked. No decoding is performed. Take it to the OpenCV repository.
[target_vision_2-3] Library QUIRC is not linked. No decoding is performed. Take it to the OpenCV repository.
[target_vision_2-3] VISION PERF read=14.6ms detect=231.0ms/detect post=3.1ms display=15.6ms
[target_vision_2-3] VISION FPS=30.0
[target_vision_2-3] Library QUIRC is not linked. No decoding is performed. Take it to the OpenCV repository.
[target_vision_2-3] Library QUIRC is not linked. No decoding is performed. Take it to the OpenCV repository.
[target_vision_2-3] VISION PERF read=13.9ms detect=237.1ms/detect post=3.6ms display=15.7ms
[target_vision_2-3] Library QUIRC is not linked. No decoding is performed. Take it to the OpenCV repository.
[target_vision_2-3] VISION FPS=30.0
[target_vision_2-3] VISION PERF read=13.6ms detect=228.5ms/detect post=3.9ms display=15.7ms
[target_vision_2-3] VISION FPS=30.0
[target_vision_2-3] Library QUIRC is not linked. No decoding is performed. Take it to the OpenCV repository.
[target_vision_2-3] VISION PERF read=13.8ms detect=226.4ms/detect post=3.9ms display=15.5ms
[target_vision_2-3] VISION FPS=29.9
[target_vision_2-3] Library QUIRC is not linked. No decoding is performed. Take it to the OpenCV repository.
[target_vision_2-3] VISION PERF read=14.3ms detect=233.0ms/detect post=3.7ms display=15.3ms
[target_vision_2-3] VISION FPS=30.0
[target_vision_2-3] Library QUIRC is not linked. No decoding is performed. Take it to the OpenCV repository.
[target_vision_2-3] VISION PERF read=13.9ms detect=219.2ms/detect post=3.7ms display=15.6ms
[target_vision_2-3] VISION FPS=30.0
[target_vision_2-3] Library QUIRC is not linked. No decoding is performed. Take it to the OpenCV repository.
[target_vision_2-3] Library QUIRC is not linked. No decoding is performed. Take it to the OpenCV repository.
[target_vision_2-3] VISION PERF read=14.0ms detect=222.7ms/detect post=3.6ms display=15.7ms
[target_vision_2-3] VISION FPS=30.1
[target_vision_2-3] Library QUIRC is not linked. No decoding is performed. Take it to the OpenCV repository.
[target_vision_2-3] Library QUIRC is not linked. No decoding is performed. Take it to the OpenCV repository.
[target_vision_2-3] VISION PERF read=13.6ms detect=231.1ms/detect post=4.1ms display=15.4ms
[target_vision_2-3] VISION FPS=30.0
[target_vision_2-3] VISION PERF read=13.5ms detect=225.5ms/detect post=3.8ms display=15.9ms
[target_vision_2-3] VISION FPS=29.9
[target_vision_2-3] Library QUIRC is not linked. No decoding is performed. Take it to the OpenCV repository.
[target_vision_2-3] Library QUIRC is not linked. No decoding is performed. Take it to the OpenCV repository.
[target_vision_2-3] VISION PERF read=13.4ms detect=228.5ms/detect post=3.9ms display=15.9ms
[target_vision_2-3] VISION FPS=30.0
[target_vision_2-3] Library QUIRC is not linked. No decoding is performed. Take it to the OpenCV repository.
[target_vision_2-3] VISION PERF read=13.5ms detect=223.3ms/detect post=3.8ms display=15.9ms
[target_vision_2-3] Library QUIRC is not linked. No decoding is performed. Take it to the OpenCV repository.
[target_vision_2-3] VISION FPS=30.1
[target_vision_2-3] Library QUIRC is not linked. No decoding is performed. Take it to the OpenCV repository.
[target_vision_2-3] VISION PERF read=13.6ms detect=225.5ms/detect post=3.8ms display=15.7ms
[target_vision_2-3] VISION FPS=29.7
[target_vision_2-3] Library QUIRC is not linked. No decoding is performed. Take it to the OpenCV repository.
[target_vision_2-3] VISION PERF read=14.0ms detect=238.6ms/detect post=3.9ms display=15.4ms
[target_vision_2-3] VISION FPS=29.9
[target_vision_2-3] Library QUIRC is not linked. No decoding is performed. Take it to the OpenCV repository.
[target_vision_2-3] Library QUIRC is not linked. No decoding is performed. Take it to the OpenCV repository.
[target_vision_2-3] Library QUIRC is not linked. No decoding is performed. Take it to the OpenCV repository.
[target_vision_2-3] Library QUIRC is not linked. No decoding is performed. Take it to the OpenCV repository.
[target_vision_2-3] VISION PERF read=13.9ms detect=228.5ms/detect post=3.8ms display=15.4ms
[target_vision_2-3] VISION FPS=30.2
[target_vision_2-3] Library QUIRC is not linked. No decoding is performed. Take it to the OpenCV repository.
[target_vision_2-3] VISION PERF read=14.6ms detect=219.9ms/detect post=3.2ms display=15.5ms
[target_vision_2-3] VISION FPS=29.9
[target_vision_2-3] Library QUIRC is not linked. No decoding is performed. Take it to the OpenCV repository.
[target_vision_2-3] VISION PERF read=16.1ms detect=181.3ms/detect post=2.8ms display=14.3ms
[target_vision_2-3] VISION FPS=30.1
[target_vision_2-3] Library QUIRC is not linked. No decoding is performed. Take it to the OpenCV repository.
[target_vision_2-3] VISION PERF read=16.4ms detect=184.0ms/detect post=2.7ms display=14.2ms
[target_vision_2-3] VISION FPS=30.0
[target_vision_2-3] Library QUIRC is not linked. No decoding is performed. Take it to the OpenCV repository.
[target_vision_2-3] VISION PERF read=16.7ms detect=182.8ms/detect post=2.6ms display=14.0ms
[target_vision_2-3] VISION FPS=29.8
[target_vision_2-3] Library QUIRC is not linked. No decoding is performed. Take it to the OpenCV repository.
[target_vision_2-3] VISION PERF read=16.4ms detect=167.2ms/detect post=2.5ms display=14.2ms
[target_vision_2-3] Library QUIRC is not linked. No decoding is performed. Take it to the OpenCV repository.
[target_vision_2-3] VISION FPS=30.0
[target_vision_2-3] VISION PERF read=16.6ms detect=166.9ms/detect post=2.6ms display=14.0ms
[target_vision_2-3] VISION FPS=30.0
[target_vision_2-3] VISION PERF read=16.6ms detect=169.0ms/detect post=2.5ms display=14.1ms
[target_vision_2-3] VISION FPS=30.1
[target_vision_2-3] Library QUIRC is not linked. No decoding is performed. Take it to the OpenCV repository.
[target_vision_2-3] VISION PERF read=16.7ms detect=189.2ms/detect post=2.6ms display=14.0ms
[target_vision_2-3] VISION FPS=30.1
[target_vision_2-3] Library QUIRC is not linked. No decoding is performed. Take it to the OpenCV repository.
[target_vision_2-3] Library QUIRC is not linked. No decoding is performed. Take it to the OpenCV repository.
[target_vision_2-3] VISION PERF read=16.0ms detect=188.6ms/detect post=2.7ms display=14.5ms
[target_vision_2-3] VISION FPS=30.0
[target_vision_2-3] Library QUIRC is not linked. No decoding is performed. Take it to the OpenCV repository.
[target_vision_2-3] VISION PERF read=15.0ms detect=208.1ms/detect post=3.0ms display=15.3ms
[target_vision_2-3] VISION FPS=30.1
[target_vision_2-3] VISION PERF read=14.2ms detect=222.6ms/detect post=3.3ms display=15.7ms
[target_vision_2-3] VISION FPS=30.0
[target_vision_2-3] VISION PERF read=14.5ms detect=223.6ms/detect post=3.4ms display=15.3ms
[target_vision_2-3] VISION FPS=30.0
[target_vision_2-3] Library QUIRC is not linked. No decoding is performed. Take it to the OpenCV repository.
[target_vision_2-3] Library QUIRC is not linked. No decoding is performed. Take it to the OpenCV repository.
[target_vision_2-3] Library QUIRC is not linked. No decoding is performed. Take it to the OpenCV repository.
[target_vision_2-3] VISION PERF read=14.0ms detect=226.1ms/detect post=3.4ms display=15.7ms
[target_vision_2-3] Library QUIRC is not linked. No decoding is performed. Take it to the OpenCV repository.
[target_vision_2-3] VISION FPS=30.0
[target_vision_2-3] Library QUIRC is not linked. No decoding is performed. Take it to the OpenCV repository.
[target_vision_2-3] Library QUIRC is not linked. No decoding is performed. Take it to the OpenCV repository.
[target_vision_2-3] Library QUIRC is not linked. No decoding is performed. Take it to the OpenCV repository.
[target_vision_2-3] VISION PERF read=13.8ms detect=226.2ms/detect post=3.4ms display=16.2ms
[target_vision_2-3] VISION FPS=30.0
[target_vision_2-3] Library QUIRC is not linked. No decoding is performed. Take it to the OpenCV repository.
[target_vision_2-3] VISION PERF read=14.1ms detect=227.1ms/detect post=3.6ms display=15.5ms
[target_vision_2-3] VISION FPS=30.1
[target_vision_2-3] VISION PERF read=14.2ms detect=230.8ms/detect post=3.6ms display=15.5ms
[target_vision_2-3] VISION FPS=30.0
[target_vision_2-3] VISION PERF read=14.6ms detect=224.0ms/detect post=3.3ms display=15.2ms
[target_vision_2-3] VISION FPS=30.3
[target_vision_2-3] Library QUIRC is not linked. No decoding is performed. Take it to the OpenCV repository.
[target_vision_2-3] VISION PERF read=14.3ms detect=223.3ms/detect post=3.7ms display=15.3ms
[target_vision_2-3] VISION FPS=29.8
[target_vision_2-3] Library QUIRC is not linked. No decoding is performed. Take it to the OpenCV repository.
[target_vision_2-3] VISION PERF read=14.7ms detect=224.5ms/detect post=3.3ms display=15.1ms
[target_vision_2-3] VISION FPS=30.0
[target_vision_2-3] VISION PERF read=14.6ms detect=223.8ms/detect post=3.4ms display=15.3ms
[target_vision_2-3] VISION FPS=30.0
[target_vision_2-3] VISION PERF read=14.2ms detect=222.9ms/detect post=3.7ms display=15.3ms
[target_vision_2-3] VISION FPS=29.9
[target_vision_2-3] Library QUIRC is not linked. No decoding is performed. Take it to the OpenCV repository.
[target_vision_2-3] VISION PERF read=15.0ms detect=217.4ms/detect post=3.2ms display=15.0ms
[target_vision_2-3] VISION FPS=30.0
[target_vision_2-3] Library QUIRC is not linked. No decoding is performed. Take it to the OpenCV repository.
[target_vision_2-3] Library QUIRC is not linked. No decoding is performed. Take it to the OpenCV repository.
[target_vision_2-3] VISION PERF read=14.9ms detect=216.4ms/detect post=3.3ms display=14.9ms
[target_vision_2-3] VISION FPS=30.3
[target_vision_2-3] Library QUIRC is not linked. No decoding is performed. Take it to the OpenCV repository.
[target_vision_2-3] VISION PERF read=15.7ms detect=180.9ms/detect post=3.2ms display=14.3ms
[target_vision_2-3] VISION FPS=30.0
[target_vision_2-3] Library QUIRC is not linked. No decoding is performed. Take it to the OpenCV repository.
[target_vision_2-3] VISION PERF read=15.6ms detect=184.8ms/detect post=3.4ms display=14.2ms
[target_vision_2-3] VISION FPS=30.1
[target_vision_2-3] Library QUIRC is not linked. No decoding is performed. Take it to the OpenCV repository.
[target_vision_2-3] VISION PERF read=16.2ms detect=188.6ms/detect post=2.7ms display=14.4ms
[target_vision_2-3] VISION FPS=29.9
[target_vision_2-3] Library QUIRC is not linked. No decoding is performed. Take it to the OpenCV repository.
[target_vision_2-3] VISION PERF read=15.2ms detect=203.4ms/detect post=2.9ms display=15.1ms
[target_vision_2-3] Library QUIRC is not linked. No decoding is performed. Take it to the OpenCV repository.
[target_vision_2-3] VISION FPS=30.2
[target_vision_2-3] Library QUIRC is not linked. No decoding is performed. Take it to the OpenCV repository.
[target_vision_2-3] VISION PERF read=15.5ms detect=206.2ms/detect post=2.9ms display=14.9ms
[target_vision_2-3] VISION FPS=30.0
[target_vision_2-3] Library QUIRC is not linked. No decoding is performed. Take it to the OpenCV repository.
[target_vision_2-3] VISION PERF read=16.1ms detect=218.8ms/detect post=2.7ms display=14.3ms
[target_vision_2-3] VISION FPS=30.0
[target_vision_2-3] VISION PERF read=16.1ms detect=190.9ms/detect post=2.6ms display=14.5ms
[target_vision_2-3] VISION FPS=30.0
[target_vision_2-3] Library QUIRC is not linked. No decoding is performed. Take it to the OpenCV repository.
[target_vision_2-3] VISION PERF read=15.0ms detect=191.0ms/detect post=2.8ms display=15.3ms
[target_vision_2-3] VISION FPS=29.9
[target_vision_2-3] VISION PERF read=16.2ms detect=186.9ms/detect post=2.5ms display=14.6ms
[target_vision_2-3] VISION FPS=30.0
[target_vision_2-3] Library QUIRC is not linked. No decoding is performed. Take it to the OpenCV repository.
[target_vision_2-3] VISION PERF read=16.4ms detect=186.5ms/detect post=2.8ms display=14.0ms
[target_vision_2-3] VISION FPS=30.0
[target_vision_2-3] VISION PERF read=16.0ms detect=186.6ms/detect post=2.9ms display=14.3ms
[target_vision_2-3] VISION FPS=30.0
[target_vision_2-3] Library QUIRC is not linked. No decoding is performed. Take it to the OpenCV repository.
[target_vision_2-3] VISION PERF read=16.1ms detect=192.7ms/detect post=2.6ms display=14.5ms
[target_vision_2-3] VISION FPS=30.0
[target_vision_2-3] Library QUIRC is not linked. No decoding is performed. Take it to the OpenCV repository.
[target_vision_2-3] Library QUIRC is not linked. No decoding is performed. Take it to the OpenCV repository.
[target_vision_2-3] VISION PERF read=16.0ms detect=188.5ms/detect post=2.8ms display=14.4ms
[target_vision_2-3] Library QUIRC is not linked. No decoding is performed. Take it to the OpenCV repository.
[target_vision_2-3] VISION FPS=30.1
[target_vision_2-3] Library QUIRC is not linked. No decoding is performed. Take it to the OpenCV repository.
[target_vision_2-3] VISION PERF read=14.3ms detect=213.4ms/detect post=3.3ms display=15.6ms
[target_vision_2-3] VISION FPS=30.1
[target_vision_2-3] Library QUIRC is not linked. No decoding is performed. Take it to the OpenCV repository.
[target_vision_2-3] VISION PERF read=14.3ms detect=220.2ms/detect post=3.3ms display=15.7ms
[target_vision_2-3] VISION FPS=30.0
[target_vision_2-3] VISION PERF read=14.4ms detect=220.2ms/detect post=3.2ms display=15.6ms
[target_vision_2-3] VISION FPS=30.0
[target_vision_2-3] Library QUIRC is not linked. No decoding is performed. Take it to the OpenCV repository.
[target_vision_2-3] VISION PERF read=14.8ms detect=218.9ms/detect post=3.5ms display=15.1ms
[target_vision_2-3] VISION FPS=30.0
[target_vision_2-3] Library QUIRC is not linked. No decoding is performed. Take it to the OpenCV repository.
[target_vision_2-3] Library QUIRC is not linked. No decoding is performed. Take it to the OpenCV repository.
[target_vision_2-3] VISION PERF read=14.1ms detect=220.9ms/detect post=3.5ms display=15.6ms
[target_vision_2-3] VISION FPS=30.2
[target_vision_2-3] Library QUIRC is not linked. No decoding is performed. Take it to the OpenCV repository.
[target_vision_2-3] VISION PERF read=14.3ms detect=222.9ms/detect post=3.4ms display=15.6ms
[target_vision_2-3] Library QUIRC is not linked. No decoding is performed. Take it to the OpenCV repository.
[target_vision_2-3] VISION FPS=30.0
[target_vision_2-3] Library QUIRC is not linked. No decoding is performed. Take it to the OpenCV repository.
[target_vision_2-3] VISION PERF read=14.5ms detect=220.9ms/detect post=3.1ms display=15.5ms
[target_vision_2-3] VISION FPS=29.6
[target_vision_2-3] Library QUIRC is not linked. No decoding is performed. Take it to the OpenCV repository.
[target_vision_2-3] Library QUIRC is not linked. No decoding is performed. Take it to the OpenCV repository.
[target_vision_2-3] VISION PERF read=14.4ms detect=220.6ms/detect post=3.3ms display=15.5ms
[target_vision_2-3] VISION FPS=29.8
[target_vision_2-3] VISION PERF read=14.2ms detect=217.2ms/detect post=3.4ms display=15.7ms
[target_vision_2-3] VISION FPS=30.1
[target_vision_2-3] VISION PERF read=14.5ms detect=218.5ms/detect post=3.3ms display=15.3ms
[target_vision_2-3] VISION FPS=29.9
[target_vision_2-3] Library QUIRC is not linked. No decoding is performed. Take it to the OpenCV repository.
[target_vision_2-3] VISION PERF read=14.1ms detect=228.9ms/detect post=3.6ms display=15.5ms
[target_vision_2-3] VISION FPS=29.9
[target_vision_2-3] VISION PERF read=14.0ms detect=223.6ms/detect post=3.7ms display=15.6ms
[target_vision_2-3] VISION FPS=30.0
[target_vision_2-3] Library QUIRC is not linked. No decoding is performed. Take it to the OpenCV repository.
[target_vision_2-3] VISION PERF read=14.5ms detect=208.5ms/detect post=3.3ms display=15.4ms
[target_vision_2-3] VISION FPS=30.0
[target_vision_2-3] VISION PERF read=16.1ms detect=192.1ms/detect post=2.7ms display=14.5ms
[target_vision_2-3] VISION FPS=30.1
[target_vision_2-3] Library QUIRC is not linked. No decoding is performed. Take it to the OpenCV repository.
[target_vision_2-3] Library QUIRC is not linked. No decoding is performed. Take it to the OpenCV repository.
[target_vision_2-3] VISION PERF read=15.8ms detect=189.1ms/detect post=3.2ms display=14.2ms
[target_vision_2-3] VISION FPS=30.1
[target_vision_2-3] VISION PERF read=16.3ms detect=191.5ms/detect post=2.8ms display=14.2ms
[target_vision_2-3] VISION FPS=30.1
[target_vision_2-3] VISION PERF read=16.1ms detect=192.7ms/detect post=2.6ms display=14.5ms
[target_vision_2-3] VISION FPS=30.0
[target_vision_2-3] VISION PERF read=14.8ms detect=193.7ms/detect post=3.3ms display=15.1ms
[target_vision_2-3] VISION FPS=30.1
[target_vision_2-3] Library QUIRC is not linked. No decoding is performed. Take it to the OpenCV repository.
[target_vision_2-3] VISION PERF read=15.7ms detect=191.3ms/detect post=3.2ms display=14.4ms
[target_vision_2-3] VISION FPS=30.1
[target_vision_2-3] VISION PERF read=15.6ms detect=193.9ms/detect post=2.8ms display=14.8ms
[target_vision_2-3] VISION FPS=30.1
[target_vision_2-3] VISION PERF read=16.1ms detect=194.4ms/detect post=2.7ms display=14.5ms
[target_vision_2-3] VISION FPS=30.0
[target_vision_2-3] VISION PERF read=16.3ms detect=235.3ms/detect post=2.6ms display=14.3ms
[target_vision_2-3] VISION FPS=30.0
[target_vision_2-3] VISION PERF read=16.6ms detect=199.6ms/detect post=2.5ms display=14.1ms
[target_vision_2-3] VISION FPS=30.0
[target_vision_2-3] VISION PERF read=16.7ms detect=197.3ms/detect post=2.8ms display=13.8ms
[target_vision_2-3] VISION FPS=30.1
[target_vision_2-3] VISION PERF read=16.3ms detect=219.6ms/detect post=2.5ms display=14.3ms
[target_vision_2-3] VISION FPS=30.2
[target_vision_2-3] Library QUIRC is not linked. No decoding is performed. Take it to the OpenCV repository.
[target_vision_2-3] VISION PERF read=16.2ms detect=220.2ms/detect post=2.7ms display=14.4ms
[target_vision_2-3] Library QUIRC is not linked. No decoding is performed. Take it to the OpenCV repository.
[target_vision_2-3] VISION FPS=30.0
[target_vision_2-3] Library QUIRC is not linked. No decoding is performed. Take it to the OpenCV repository.
[target_vision_2-3] Library QUIRC is not linked. No decoding is performed. Take it to the OpenCV repository.
[target_vision_2-3] Library QUIRC is not linked. No decoding is performed. Take it to the OpenCV repository.
[target_vision_2-3] VISION PERF read=15.6ms detect=213.8ms/detect post=2.8ms display=14.8ms
[target_vision_2-3] VISION FPS=30.0
[target_vision_2-3] Library QUIRC is not linked. No decoding is performed. Take it to the OpenCV repository.
[target_vision_2-3] VISION PERF read=15.5ms detect=200.1ms/detect post=2.8ms display=15.0ms
[target_vision_2-3] Library QUIRC is not linked. No decoding is performed. Take it to the OpenCV repository.
[target_vision_2-3] VISION FPS=30.0
[target_vision_2-3] Library QUIRC is not linked. No decoding is performed. Take it to the OpenCV repository.
[target_vision_2-3] VISION PERF read=15.3ms detect=191.9ms/detect post=2.8ms display=15.1ms
[target_vision_2-3] VISION FPS=30.1
[target_vision_2-3] VISION PERF read=15.6ms detect=193.6ms/detect post=2.7ms display=14.9ms
[target_vision_2-3] Library QUIRC is not linked. No decoding is performed. Take it to the OpenCV repository.
[target_vision_2-3] VISION FPS=29.8
[target_vision_2-3] VISION PERF read=16.0ms detect=187.8ms/detect post=2.8ms display=14.4ms
[target_vision_2-3] VISION FPS=30.0
[target_vision_2-3] VISION PERF read=15.5ms detect=187.9ms/detect post=3.0ms display=14.8ms
[target_vision_2-3] Library QUIRC is not linked. No decoding is performed. Take it to the OpenCV repository.
[target_vision_2-3] VISION FPS=30.0
[target_vision_2-3] Library QUIRC is not linked. No decoding is performed. Take it to the OpenCV repository.
[target_vision_2-3] VISION PERF read=15.4ms detect=198.6ms/detect post=2.8ms display=15.0ms
[target_vision_2-3] VISION FPS=30.1
[target_vision_2-3] Library QUIRC is not linked. No decoding is performed. Take it to the OpenCV repository.
[target_vision_2-3] VISION PERF read=16.0ms detect=194.1ms/detect post=2.8ms display=14.6ms
[target_vision_2-3] VISION FPS=30.0
[target_vision_2-3] VISION PERF read=12.4ms detect=251.6ms/detect post=4.1ms display=16.8ms
[target_vision_2-3] VISION FPS=29.8
[target_vision_2-3] VISION PERF read=13.3ms detect=229.2ms/detect post=4.0ms display=15.9ms
[target_vision_2-3] VISION FPS=30.0
[target_vision_2-3] VISION PERF read=13.0ms detect=250.1ms/detect post=4.2ms display=16.1ms
[target_vision_2-3] VISION FPS=29.9
[target_vision_2-3] VISION PERF read=13.1ms detect=256.2ms/detect post=4.1ms display=16.0ms
[target_vision_2-3] VISION FPS=30.4
[target_vision_2-3] VISION PERF read=12.3ms detect=253.2ms/detect post=4.1ms display=16.9ms
[target_vision_2-3] VISION FPS=30.2
[target_vision_2-3] VISION PERF read=12.8ms detect=253.8ms/detect post=3.9ms display=16.4ms
[target_vision_2-3] VISION FPS=30.0
[target_vision_2-3] VISION PERF read=12.5ms detect=260.3ms/detect post=4.5ms display=16.2ms
[target_vision_2-3] VISION FPS=29.7
[target_vision_2-3] VISION PERF read=12.3ms detect=258.1ms/detect post=4.6ms display=16.3ms
[target_vision_2-3] VISION FPS=29.9
[target_vision_2-3] Library QUIRC is not linked. No decoding is performed. Take it to the OpenCV repository.
[target_vision_2-3] VISION PERF read=12.4ms detect=257.4ms/detect post=4.6ms display=16.2ms
[target_vision_2-3] VISION FPS=30.2
[target_vision_2-3] VISION PERF read=13.2ms detect=264.4ms/detect post=4.0ms display=16.1ms
[target_vision_2-3] VISION FPS=30.1
[target_vision_2-3] Library QUIRC is not linked. No decoding is performed. Take it to the OpenCV repository.
[target_vision_2-3] VISION PERF read=12.9ms detect=257.3ms/detect post=4.3ms display=16.1ms
[target_vision_2-3] Library QUIRC is not linked. No decoding is performed. Take it to the OpenCV repository.
[target_vision_2-3] VISION FPS=30.1
[target_vision_2-3] Library QUIRC is not linked. No decoding is performed. Take it to the OpenCV repository.
[target_vision_2-3] Library QUIRC is not linked. No decoding is performed. Take it to the OpenCV repository.
[target_vision_2-3] VISION PERF read=13.6ms detect=276.6ms/detect post=3.9ms display=15.8ms
[target_vision_2-3] VISION FPS=30.0
[target_vision_2-3] VISION PERF read=13.0ms detect=255.6ms/detect post=4.1ms display=16.0ms
[target_vision_2-3] VISION FPS=30.4
[target_vision_2-3] VISION PERF read=13.0ms detect=254.8ms/detect post=4.4ms display=15.9ms
[target_vision_2-3] VISION FPS=30.2
[target_vision_2-3] VISION PERF read=12.9ms detect=253.7ms/detect post=4.2ms display=16.0ms
[target_vision_2-3] VISION FPS=30.1
[target_vision_2-3] VISION PERF read=12.9ms detect=261.8ms/detect post=4.0ms display=16.2ms
[target_vision_2-3] VISION FPS=30.0
[target_vision_2-3] Library QUIRC is not linked. No decoding is performed. Take it to the OpenCV repository.
[target_vision_2-3] VISION PERF read=13.2ms detect=257.9ms/detect post=3.9ms display=16.2ms
[target_vision_2-3] VISION FPS=30.1
[target_vision_2-3] Library QUIRC is not linked. No decoding is performed. Take it to the OpenCV repository.
[target_vision_2-3] VISION PERF read=13.0ms detect=255.8ms/detect post=4.4ms display=15.7ms
[target_vision_2-3] VISION FPS=30.1
[target_vision_2-3] VISION PERF read=12.9ms detect=252.9ms/detect post=4.3ms display=16.1ms
[target_vision_2-3] VISION FPS=30.0
[target_vision_2-3] VISION PERF read=13.3ms detect=256.3ms/detect post=4.0ms display=15.8ms
[target_vision_2-3] VISION FPS=29.9
[target_vision_2-3] Library QUIRC is not linked. No decoding is performed. Take it to the OpenCV repository.
[target_vision_2-3] VISION PERF read=13.1ms detect=247.1ms/detect post=4.4ms display=15.7ms
[target_vision_2-3] Library QUIRC is not linked. No decoding is performed. Take it to the OpenCV repository.
[target_vision_2-3] VISION FPS=30.1
[target_vision_2-3] VISION PERF read=15.2ms detect=210.4ms/detect post=2.8ms display=15.2ms
[target_vision_2-3] VISION FPS=30.0
[target_vision_2-3] Library QUIRC is not linked. No decoding is performed. Take it to the OpenCV repository.
[target_vision_2-3] VISION PERF read=15.0ms detect=204.2ms/detect post=3.0ms display=15.3ms
[target_vision_2-3] Library QUIRC is not linked. No decoding is performed. Take it to the OpenCV repository.
[target_vision_2-3] VISION FPS=30.0
[target_vision_2-3] VISION PERF read=16.6ms detect=208.6ms/detect post=2.6ms display=13.9ms
[target_vision_2-3] Library QUIRC is not linked. No decoding is performed. Take it to the OpenCV repository.
[target_vision_2-3] VISION FPS=29.9
[target_vision_2-3] VISION PERF read=16.4ms detect=190.8ms/detect post=2.7ms display=14.1ms
[target_vision_2-3] VISION FPS=30.1
[target_vision_2-3] Library QUIRC is not linked. No decoding is performed. Take it to the OpenCV repository.
[target_vision_2-3] Library QUIRC is not linked. No decoding is performed. Take it to the OpenCV repository.
[target_vision_2-3] VISION PERF read=15.7ms detect=194.9ms/detect post=2.6ms display=14.9ms
[target_vision_2-3] VISION FPS=30.0
[target_vision_2-3] VISION PERF read=16.1ms detect=188.4ms/detect post=2.8ms display=14.3ms
[target_vision_2-3] VISION FPS=30.0
[target_vision_2-3] VISION PERF read=16.2ms detect=180.7ms/detect post=2.6ms display=14.4ms
[target_vision_2-3] VISION FPS=30.0
[target_vision_2-3] Library QUIRC is not linked. No decoding is performed. Take it to the OpenCV repository.
[target_vision_2-3] VISION PERF read=16.6ms detect=198.2ms/detect post=2.6ms display=13.9ms
[target_vision_2-3] VISION FPS=30.1
[target_vision_2-3] VISION PERF read=16.1ms detect=180.3ms/detect post=2.9ms display=14.3ms
[target_vision_2-3] VISION FPS=30.0
[target_vision_2-3] VISION PERF read=16.2ms detect=181.5ms/detect post=2.8ms display=14.2ms
[target_vision_2-3] VISION FPS=29.9
[target_vision_2-3] VISION PERF read=16.6ms detect=186.9ms/detect post=2.7ms display=13.8ms
[target_vision_2-3] VISION FPS=30.0
[target_vision_2-3] VISION PERF read=16.8ms detect=200.0ms/detect post=2.5ms display=13.9ms
[target_vision_2-3] VISION FPS=30.0
[target_vision_2-3] VISION PERF read=16.8ms detect=195.1ms/detect post=2.7ms display=13.8ms
[target_vision_2-3] VISION FPS=30.0
[target_vision_2-3] Library QUIRC is not linked. No decoding is performed. Take it to the OpenCV repository.
[target_vision_2-3] Library QUIRC is not linked. No decoding is performed. Take it to the OpenCV repository.
[target_vision_2-3] Library QUIRC is not linked. No decoding is performed. Take it to the OpenCV repository.
[target_vision_2-3] VISION PERF read=16.6ms detect=193.6ms/detect post=2.5ms display=14.1ms
[target_vision_2-3] Library QUIRC is not linked. No decoding is performed. Take it to the OpenCV repository.
[target_vision_2-3] VISION FPS=29.8
[target_vision_2-3] Library QUIRC is not linked. No decoding is performed. Take it to the OpenCV repository.
[target_vision_2-3] Library QUIRC is not linked. No decoding is performed. Take it to the OpenCV repository.
[target_vision_2-3] VISION PERF read=14.2ms detect=236.5ms/detect post=3.5ms display=15.5ms
[target_vision_2-3] VISION FPS=30.0
[target_vision_2-3] VISION PERF read=12.6ms detect=257.1ms/detect post=4.2ms display=16.3ms
[target_vision_2-3] VISION FPS=30.1
[target_vision_2-3] VISION PERF read=13.0ms detect=256.9ms/detect post=4.4ms display=16.0ms
[target_vision_2-3] VISION FPS=30.1
[target_vision_2-3] Library QUIRC is not linked. No decoding is performed. Take it to the OpenCV repository.
[target_vision_2-3] VISION PERF read=12.9ms detect=263.3ms/detect post=4.0ms display=16.3ms
[target_vision_2-3] VISION FPS=30.0
[target_vision_2-3] Library QUIRC is not linked. No decoding is performed. Take it to the OpenCV repository.
[target_vision_2-3] VISION PERF read=12.1ms detect=255.9ms/detect post=4.4ms display=16.7ms
[target_vision_2-3] VISION FPS=30.7
[target_vision_2-3] Library QUIRC is not linked. No decoding is performed. Take it to the OpenCV repository.
[target_vision_2-3] VISION PERF read=12.2ms detect=254.4ms/detect post=4.7ms display=16.3ms
[target_vision_2-3] VISION FPS=30.4
[target_vision_2-3] VISION PERF read=12.1ms detect=255.7ms/detect post=4.6ms display=16.7ms
[target_vision_2-3] VISION FPS=30.2
[target_vision_2-3] VISION PERF read=13.0ms detect=254.8ms/detect post=4.5ms display=15.7ms
[target_vision_2-3] VISION FPS=29.6
[target_vision_2-3] VISION PERF read=12.5ms detect=252.5ms/detect post=4.3ms display=16.4ms
[target_vision_2-3] VISION FPS=30.0
[target_vision_2-3] VISION PERF read=12.7ms detect=255.2ms/detect post=4.3ms display=16.4ms
[target_vision_2-3] VISION FPS=30.2
[target_vision_2-3] Library QUIRC is not linked. No decoding is performed. Take it to the OpenCV repository.
[target_vision_2-3] VISION PERF read=12.7ms detect=258.6ms/detect post=4.5ms display=16.0ms
[target_vision_2-3] VISION FPS=30.0
[target_vision_2-3] Library QUIRC is not linked. No decoding is performed. Take it to the OpenCV repository.
[target_vision_2-3] Library QUIRC is not linked. No decoding is performed. Take it to the OpenCV repository.
[target_vision_2-3] VISION PERF read=13.0ms detect=248.5ms/detect post=4.0ms display=16.3ms
[target_vision_2-3] Library QUIRC is not linked. No decoding is performed. Take it to the OpenCV repository.
[target_vision_2-3] VISION FPS=30.1
[target_vision_2-3] Library QUIRC is not linked. No decoding is performed. Take it to the OpenCV repository.
[target_vision_2-3] VISION PERF read=13.6ms detect=221.2ms/detect post=3.8ms display=15.9ms
[target_vision_2-3] VISION FPS=30.3
[target_vision_2-3] Library QUIRC is not linked. No decoding is performed. Take it to the OpenCV repository.
[target_vision_2-3] VISION PERF read=14.7ms detect=249.1ms/detect post=3.4ms display=15.2ms
[target_vision_2-3] VISION FPS=30.0
[target_vision_2-3] Library QUIRC is not linked. No decoding is performed. Take it to the OpenCV repository.
[target_vision_2-3] VISION PERF read=15.9ms detect=218.8ms/detect post=2.7ms display=14.6ms
[target_vision_2-3] Library QUIRC is not linked. No decoding is performed. Take it to the OpenCV repository.
[target_vision_2-3] VISION FPS=30.0
[target_vision_2-3] Library QUIRC is not linked. No decoding is performed. Take it to the OpenCV repository.
[target_vision_2-3] VISION PERF read=16.4ms detect=256.0ms/detect post=2.7ms display=14.1ms
[target_vision_2-3] VISION FPS=30.0
[target_vision_2-3] VISION PERF read=15.2ms detect=211.6ms/detect post=2.9ms display=15.1ms
[target_vision_2-3] Library QUIRC is not linked. No decoding is performed. Take it to the OpenCV repository.
[target_vision_2-3] VISION FPS=30.0
[target_vision_2-3] Library QUIRC is not linked. No decoding is performed. Take it to the OpenCV repository.
[target_vision_2-3] VISION PERF read=16.6ms detect=239.2ms/detect post=2.6ms display=14.0ms
[target_vision_2-3] VISION FPS=30.1
[target_vision_2-3] VISION PERF read=16.7ms detect=244.0ms/detect post=2.7ms display=13.9ms
[target_vision_2-3] VISION FPS=30.1
[target_vision_2-3] VISION PERF read=16.2ms detect=216.1ms/detect post=2.8ms display=14.2ms
[target_vision_2-3] VISION FPS=30.0
[target_vision_2-3] VISION PERF read=16.3ms detect=199.3ms/detect post=2.9ms display=14.1ms
[target_vision_2-3] VISION FPS=30.1
[target_vision_2-3] VISION PERF read=16.2ms detect=192.4ms/detect post=2.8ms display=14.3ms
[target_vision_2-3] VISION FPS=30.0
[target_vision_2-3] VISION PERF read=16.2ms detect=207.3ms/detect post=2.9ms display=14.1ms
[target_vision_2-3] VISION FPS=30.0
[target_vision_2-3] Library QUIRC is not linked. No decoding is performed. Take it to the OpenCV repository.
[target_vision_2-3] Library QUIRC is not linked. No decoding is performed. Take it to the OpenCV repository.
[target_vision_2-3] VISION PERF read=15.9ms detect=210.4ms/detect post=3.1ms display=14.2ms
[target_vision_2-3] VISION FPS=30.1
[target_vision_2-3] Library QUIRC is not linked. No decoding is performed. Take it to the OpenCV repository.
[target_vision_2-3] Library QUIRC is not linked. No decoding is performed. Take it to the OpenCV repository.
[target_vision_2-3] Library QUIRC is not linked. No decoding is performed. Take it to the OpenCV repository.
[target_vision_2-3] Library QUIRC is not linked. No decoding is performed. Take it to the OpenCV repository.
[target_vision_2-3] VISION PERF read=15.2ms detect=205.1ms/detect post=3.4ms display=14.6ms
[target_vision_2-3] VISION FPS=30.2
[target_vision_2-3] Library QUIRC is not linked. No decoding is performed. Take it to the OpenCV repository.
[target_vision_2-3] VISION PERF read=15.0ms detect=200.5ms/detect post=3.2ms display=15.0ms
[target_vision_2-3] VISION FPS=30.0
[target_vision_2-3] Library QUIRC is not linked. No decoding is performed. Take it to the OpenCV repository.
[target_vision_2-3] Library QUIRC is not linked. No decoding is performed. Take it to the OpenCV repository.
[target_vision_2-3] Library QUIRC is not linked. No decoding is performed. Take it to the OpenCV repository.
[target_vision_2-3] VISION PERF read=15.2ms detect=204.6ms/detect post=2.8ms display=15.3ms
[target_vision_2-3] VISION FPS=29.9
[target_vision_2-3] VISION PERF read=13.2ms detect=245.6ms/detect post=3.9ms display=16.0ms
[target_vision_2-3] VISION FPS=30.1
[target_vision_2-3] VISION PERF read=13.6ms detect=255.0ms/detect post=3.8ms display=15.8ms
[target_vision_2-3] VISION FPS=30.0
[target_vision_2-3] Library QUIRC is not linked. No decoding is performed. Take it to the OpenCV repository.
[target_vision_2-3] VISION PERF read=13.5ms detect=262.2ms/detect post=4.1ms display=15.6ms
[target_vision_2-3] VISION FPS=29.9
[target_vision_2-3] VISION PERF read=13.4ms detect=252.1ms/detect post=3.8ms display=16.1ms
[target_vision_2-3] VISION FPS=30.1
[target_vision_2-3] VISION PERF read=13.6ms detect=269.7ms/detect post=4.1ms display=15.5ms
[target_vision_2-3] VISION FPS=30.1
[target_vision_2-3] VISION PERF read=13.5ms detect=266.5ms/detect post=4.1ms display=15.6ms
[target_vision_2-3] VISION FPS=30.1
[target_vision_2-3] Library QUIRC is not linked. No decoding is performed. Take it to the OpenCV repository.
[target_vision_2-3] VISION PERF read=13.7ms detect=279.3ms/detect post=4.1ms display=15.5ms
[target_vision_2-3] Library QUIRC is not linked. No decoding is performed. Take it to the OpenCV repository.
[target_vision_2-3] VISION FPS=30.2
[target_vision_2-3] VISION PERF read=13.4ms detect=272.5ms/detect post=4.3ms display=15.5ms
[target_vision_2-3] VISION FPS=30.1
[target_vision_2-3] Library QUIRC is not linked. No decoding is performed. Take it to the OpenCV repository.
[target_vision_2-3] VISION PERF read=12.7ms detect=254.0ms/detect post=4.4ms display=16.2ms
[target_vision_2-3] VISION FPS=30.0
[target_vision_2-3] VISION PERF read=13.3ms detect=254.4ms/detect post=4.0ms display=15.9ms
[target_vision_2-3] VISION FPS=29.7
[target_vision_2-3] Library QUIRC is not linked. No decoding is performed. Take it to the OpenCV repository.
[target_vision_2-3] VISION PERF read=13.5ms detect=254.4ms/detect post=4.2ms display=15.6ms
[target_vision_2-3] VISION FPS=29.8
[target_vision_2-3] VISION PERF read=13.1ms detect=254.4ms/detect post=4.2ms display=15.9ms
[target_vision_2-3] VISION FPS=30.1
[target_vision_2-3] VISION PERF read=13.1ms detect=257.7ms/detect post=4.1ms display=16.0ms
[target_vision_2-3] Library QUIRC is not linked. No decoding is performed. Take it to the OpenCV repository.
[target_vision_2-3] VISION FPS=30.3
[target_vision_2-3] Library QUIRC is not linked. No decoding is performed. Take it to the OpenCV repository.
[target_vision_2-3] VISION PERF read=13.4ms detect=250.6ms/detect post=3.9ms display=15.8ms
[target_vision_2-3] VISION FPS=30.0
[target_vision_2-3] Library QUIRC is not linked. No decoding is performed. Take it to the OpenCV repository.
[target_vision_2-3] Library QUIRC is not linked. No decoding is performed. Take it to the OpenCV repository.
[target_vision_2-3] Library QUIRC is not linked. No decoding is performed. Take it to the OpenCV repository.
[target_vision_2-3] VISION PERF read=15.6ms detect=212.0ms/detect post=2.7ms display=15.0ms
[target_vision_2-3] VISION FPS=30.0
[target_vision_2-3] VISION PERF read=15.4ms detect=216.9ms/detect post=2.7ms display=15.2ms
[target_vision_2-3] Library QUIRC is not linked. No decoding is performed. Take it to the OpenCV repository.
[target_vision_2-3] VISION FPS=30.0
[target_vision_2-3] Library QUIRC is not linked. No decoding is performed. Take it to the OpenCV repository.
[target_vision_2-3] Library QUIRC is not linked. No decoding is performed. Take it to the OpenCV repository.
[target_vision_2-3] VISION PERF read=15.1ms detect=216.9ms/detect post=2.6ms display=15.5ms
[target_vision_2-3] VISION FPS=30.2
[target_vision_2-3] Library QUIRC is not linked. No decoding is performed. Take it to the OpenCV repository.
[target_vision_2-3] Library QUIRC is not linked. No decoding is performed. Take it to the OpenCV repository.
[target_vision_2-3] VISION PERF read=15.6ms detect=209.7ms/detect post=2.7ms display=14.8ms
[target_vision_2-3] VISION FPS=30.1
[target_vision_2-3] VISION PERF read=16.3ms detect=196.7ms/detect post=2.8ms display=14.1ms
[target_vision_2-3] VISION FPS=30.2
[target_vision_2-3] VISION PERF read=15.1ms detect=217.8ms/detect post=2.6ms display=15.5ms
[target_vision_2-3] VISION FPS=30.0
[target_vision_2-3] Library QUIRC is not linked. No decoding is performed. Take it to the OpenCV repository.
[target_vision_2-3] VISION PERF read=15.8ms detect=205.2ms/detect post=2.6ms display=14.9ms
[target_vision_2-3] VISION FPS=30.1
[target_vision_2-3] VISION PERF read=16.8ms detect=198.5ms/detect post=2.4ms display=14.1ms
[target_vision_2-3] VISION FPS=30.0
[target_vision_2-3] Library QUIRC is not linked. No decoding is performed. Take it to the OpenCV repository.
[target_vision_2-3] VISION PERF read=16.9ms detect=231.9ms/detect post=2.5ms display=13.9ms
[target_vision_2-3] VISION FPS=30.2
[target_vision_2-3] Library QUIRC is not linked. No decoding is performed. Take it to the OpenCV repository.
[target_vision_2-3] VISION PERF read=16.9ms detect=206.2ms/detect post=2.5ms display=13.8ms
[target_vision_2-3] VISION FPS=30.0
[target_vision_2-3] Library QUIRC is not linked. No decoding is performed. Take it to the OpenCV repository.
[target_vision_2-3] VISION PERF read=16.7ms detect=204.0ms/detect post=2.6ms display=14.0ms
[target_vision_2-3] VISION FPS=30.1
[target_vision_2-3] VISION PERF read=16.4ms detect=193.2ms/detect post=2.5ms display=14.3ms
[target_vision_2-3] Library QUIRC is not linked. No decoding is performed. Take it to the OpenCV repository.
[target_vision_2-3] VISION FPS=30.2
[target_vision_2-3] Library QUIRC is not linked. No decoding is performed. Take it to the OpenCV repository.
[target_vision_2-3] Library QUIRC is not linked. No decoding is performed. Take it to the OpenCV repository.
[target_vision_2-3] VISION PERF read=15.1ms detect=205.3ms/detect post=2.9ms display=15.2ms
[target_vision_2-3] VISION FPS=30.1
[target_vision_2-3] VISION PERF read=14.8ms detect=208.4ms/detect post=2.8ms display=15.5ms
[target_vision_2-3] VISION FPS=30.0
[target_vision_2-3] VISION PERF read=14.9ms detect=230.4ms/detect post=2.9ms display=15.5ms
[target_vision_2-3] VISION FPS=29.8
[target_vision_2-3] Library QUIRC is not linked. No decoding is performed. Take it to the OpenCV repository.
[target_vision_2-3] VISION PERF read=14.0ms detect=250.6ms/detect post=3.7ms display=15.6ms
[target_vision_2-3] VISION FPS=30.3
[target_vision_2-3] VISION PERF read=13.5ms detect=252.6ms/detect post=3.4ms display=16.3ms
[target_vision_2-3] VISION FPS=30.0
[target_vision_2-3] VISION PERF read=14.1ms detect=249.2ms/detect post=3.1ms display=16.1ms
[target_vision_2-3] VISION FPS=29.9
[target_vision_2-3] Library QUIRC is not linked. No decoding is performed. Take it to the OpenCV repository.
[target_vision_2-3] VISION PERF read=13.6ms detect=257.4ms/detect post=3.6ms display=16.1ms
[target_vision_2-3] VISION FPS=30.0
[target_vision_2-3] VISION PERF read=13.9ms detect=263.4ms/detect post=3.5ms display=15.8ms
[target_vision_2-3] VISION FPS=30.0
[target_vision_2-3] VISION PERF read=13.7ms detect=246.5ms/detect post=3.4ms display=16.1ms
[target_vision_2-3] VISION FPS=30.2
[target_vision_2-3] Library QUIRC is not linked. No decoding is performed. Take it to the OpenCV repository.
[target_vision_2-3] Library QUIRC is not linked. No decoding is performed. Take it to the OpenCV repository.
[target_vision_2-3] VISION PERF read=16.0ms detect=219.2ms/detect post=2.9ms display=14.4ms
[target_vision_2-3] VISION FPS=29.8
[target_vision_2-3] Library QUIRC is not linked. No decoding is performed. Take it to the OpenCV repository.
[target_vision_2-3] Library QUIRC is not linked. No decoding is performed. Take it to the OpenCV repository.
[target_vision_2-3] VISION PERF read=15.0ms detect=255.2ms/detect post=3.1ms display=15.1ms
[target_vision_2-3] VISION FPS=29.9
[target_vision_2-3] VISION PERF read=14.5ms detect=216.6ms/detect post=3.2ms display=15.6ms
[target_vision_2-3] VISION FPS=30.3
[target_vision_2-3] Library QUIRC is not linked. No decoding is performed. Take it to the OpenCV repository.
[target_vision_2-3] Library QUIRC is not linked. No decoding is performed. Take it to the OpenCV repository.
[target_vision_2-3] Library QUIRC is not linked. No decoding is performed. Take it to the OpenCV repository.
[target_vision_2-3] VISION PERF read=15.3ms detect=239.9ms/detect post=3.2ms display=14.8ms
[target_vision_2-3] VISION FPS=30.0
[target_vision_2-3] VISION PERF read=14.8ms detect=216.9ms/detect post=3.3ms display=15.0ms
[target_vision_2-3] VISION FPS=30.2
[target_vision_2-3] Library QUIRC is not linked. No decoding is performed. Take it to the OpenCV repository.
[target_vision_2-3] VISION PERF read=15.9ms detect=206.0ms/detect post=2.9ms display=14.4ms
[target_vision_2-3] VISION FPS=30.3
[target_vision_2-3] Library QUIRC is not linked. No decoding is performed. Take it to the OpenCV repository.
[target_vision_2-3] VISION PERF read=15.8ms detect=197.8ms/detect post=3.1ms display=14.4ms
[target_vision_2-3] VISION FPS=30.2
[target_vision_2-3] VISION PERF read=15.5ms detect=201.5ms/detect post=3.1ms display=14.7ms
[target_vision_2-3] VISION FPS=29.5
[target_vision_2-3] Library QUIRC is not linked. No decoding is performed. Take it to the OpenCV repository.
[target_vision_2-3] Library QUIRC is not linked. No decoding is performed. Take it to the OpenCV repository.
[target_vision_2-3] Library QUIRC is not linked. No decoding is performed. Take it to the OpenCV repository.
[target_vision_2-3] VISION PERF read=14.6ms detect=211.0ms/detect post=3.5ms display=15.0ms
[target_vision_2-3] VISION FPS=30.0
[target_vision_2-3] Library QUIRC is not linked. No decoding is performed. Take it to the OpenCV repository.
[target_vision_2-3] VISION PERF read=14.3ms detect=212.0ms/detect post=3.6ms display=15.3ms
[target_vision_2-3] VISION FPS=29.9
[target_vision_2-3] Library QUIRC is not linked. No decoding is performed. Take it to the OpenCV repository.
[target_vision_2-3] VISION PERF read=14.7ms detect=214.3ms/detect post=3.5ms display=14.9ms
[target_vision_2-3] VISION FPS=30.0
[target_vision_2-3] Library QUIRC is not linked. No decoding is performed. Take it to the OpenCV repository.
[target_vision_2-3] VISION PERF read=15.3ms detect=237.0ms/detect post=3.5ms display=14.4ms
[target_vision_2-3] VISION FPS=30.0
[target_vision_2-3] VISION PERF read=14.6ms detect=207.0ms/detect post=3.8ms display=14.9ms
[target_vision_2-3] VISION FPS=29.9
[target_vision_2-3] Library QUIRC is not linked. No decoding is performed. Take it to the OpenCV repository.
[target_vision_2-3] Library QUIRC is not linked. No decoding is performed. Take it to the OpenCV repository.
[target_vision_2-3] VISION PERF read=14.3ms detect=213.3ms/detect post=3.7ms display=15.2ms
[target_vision_2-3] VISION FPS=30.0
[target_vision_2-3] Library QUIRC is not linked. No decoding is performed. Take it to the OpenCV repository.
[target_vision_2-3] Library QUIRC is not linked. No decoding is performed. Take it to the OpenCV repository.
[target_vision_2-3] Library QUIRC is not linked. No decoding is performed. Take it to the OpenCV repository.
[target_vision_2-3] Library QUIRC is not linked. No decoding is performed. Take it to the OpenCV repository.
[target_vision_2-3] VISION PERF read=14.6ms detect=226.3ms/detect post=3.6ms display=15.0ms
[target_vision_2-3] VISION FPS=30.1
[target_vision_2-3] Library QUIRC is not linked. No decoding is performed. Take it to the OpenCV repository.
[target_vision_2-3] Library QUIRC is not linked. No decoding is performed. Take it to the OpenCV repository.
[target_vision_2-3] VISION PERF read=15.4ms detect=228.8ms/detect post=3.5ms display=14.4ms
[target_vision_2-3] Library QUIRC is not linked. No decoding is performed. Take it to the OpenCV repository.
[target_vision_2-3] VISION FPS=30.3
[target_vision_2-3] Library QUIRC is not linked. No decoding is performed. Take it to the OpenCV repository.
[target_vision_2-3] Library QUIRC is not linked. No decoding is performed. Take it to the OpenCV repository.
[target_vision_2-3] VISION PERF read=14.2ms detect=217.0ms/detect post=3.7ms display=15.4ms
[target_vision_2-3] VISION FPS=30.0
[target_vision_2-3] Library QUIRC is not linked. No decoding is performed. Take it to the OpenCV repository.
[target_vision_2-3] VISION PERF read=14.5ms detect=213.4ms/detect post=3.5ms display=15.2ms
[target_vision_2-3] VISION FPS=30.0
[target_vision_2-3] VISION PERF read=17.5ms detect=181.0ms/detect post=3.3ms display=12.3ms
[target_vision_2-3] Library QUIRC is not linked. No decoding is performed. Take it to the OpenCV repository.
[target_vision_2-3] VISION FPS=30.0
[target_vision_2-3] VISION PERF read=20.0ms detect=152.6ms/detect post=2.8ms display=10.5ms
[target_vision_2-3] VISION FPS=30.0
[target_vision_2-3] Library QUIRC is not linked. No decoding is performed. Take it to the OpenCV repository.
[target_vision_2-3] Library QUIRC is not linked. No decoding is performed. Take it to the OpenCV repository.
[target_vision_2-3] VISION PERF read=20.1ms detect=146.8ms/detect post=2.8ms display=10.3ms
[target_vision_2-3] Library QUIRC is not linked. No decoding is performed. Take it to the OpenCV repository.
[target_vision_2-3] Library QUIRC is not linked. No decoding is performed. Take it to the OpenCV repository.
[target_vision_2-3] VISION FPS=29.9
[target_vision_2-3] Library QUIRC is not linked. No decoding is performed. Take it to the OpenCV repository.
[target_vision_2-3] Library QUIRC is not linked. No decoding is performed. Take it to the OpenCV repository.
[target_vision_2-3] VISION PERF read=20.3ms detect=144.4ms/detect post=2.5ms display=10.5ms
[target_vision_2-3] VISION FPS=30.1
[target_vision_2-3] Library QUIRC is not linked. No decoding is performed. Take it to the OpenCV repository.
[target_vision_2-3] Library QUIRC is not linked. No decoding is performed. Take it to the OpenCV repository.
[target_vision_2-3] VISION PERF read=20.5ms detect=145.3ms/detect post=2.5ms display=10.3ms
[target_vision_2-3] Library QUIRC is not linked. No decoding is performed. Take it to the OpenCV repository.
[target_vision_2-3] VISION FPS=30.2
[target_vision_2-3] Library QUIRC is not linked. No decoding is performed. Take it to the OpenCV repository.
[target_vision_2-3] VISION PERF read=20.4ms detect=145.1ms/detect post=2.4ms display=10.4ms
[target_vision_2-3] VISION FPS=30.0
[target_vision_2-3] Library QUIRC is not linked. No decoding is performed. Take it to the OpenCV repository.
[target_vision_2-3] VISION PERF read=20.7ms detect=140.8ms/detect post=2.3ms display=10.3ms
[target_vision_2-3] VISION FPS=30.0
[target_vision_2-3] Library QUIRC is not linked. No decoding is performed. Take it to the OpenCV repository.
[target_vision_2-3] Library QUIRC is not linked. No decoding is performed. Take it to the OpenCV repository.
[target_vision_2-3] VISION PERF read=20.5ms detect=140.4ms/detect post=2.3ms display=10.4ms
[target_vision_2-3] Library QUIRC is not linked. No decoding is performed. Take it to the OpenCV repository.
[target_vision_2-3] VISION FPS=29.9
[target_vision_2-3] Library QUIRC is not linked. No decoding is performed. Take it to the OpenCV repository.
[target_vision_2-3] Library QUIRC is not linked. No decoding is performed. Take it to the OpenCV repository.
[target_vision_2-3] VISION PERF read=20.2ms detect=141.7ms/detect post=2.3ms display=10.7ms
[target_vision_2-3] VISION FPS=29.9
[target_vision_2-3] VISION PERF read=19.7ms detect=145.1ms/detect post=2.5ms display=11.0ms
[target_vision_2-3] VISION FPS=30.0
[target_vision_2-3] VISION PERF read=19.7ms detect=147.9ms/detect post=2.4ms display=11.2ms
[target_vision_2-3] VISION FPS=30.2
[target_vision_2-3] VISION PERF read=19.2ms detect=169.0ms/detect post=2.4ms display=11.6ms
[target_vision_2-3] Library QUIRC is not linked. No decoding is performed. Take it to the OpenCV repository.
[target_vision_2-3] VISION FPS=29.9
[target_vision_2-3] Library QUIRC is not linked. No decoding is performed. Take it to the OpenCV repository.
[target_vision_2-3] Library QUIRC is not linked. No decoding is performed. Take it to the OpenCV repository.
[target_vision_2-3] Library QUIRC is not linked. No decoding is performed. Take it to the OpenCV repository.
[target_vision_2-3] Library QUIRC is not linked. No decoding is performed. Take it to the OpenCV repository.
[target_vision_2-3] VISION PERF read=19.2ms detect=168.9ms/detect post=2.5ms display=11.6ms
[target_vision_2-3] VISION FPS=30.2
[target_vision_2-3] Library QUIRC is not linked. No decoding is performed. Take it to the OpenCV repository.
[target_vision_2-3] Library QUIRC is not linked. No decoding is performed. Take it to the OpenCV repository.
[target_vision_2-3] Library QUIRC is not linked. No decoding is performed. Take it to the OpenCV repository.
[target_vision_2-3] VISION PERF read=18.6ms detect=167.2ms/detect post=2.8ms display=11.9ms
[target_vision_2-3] VISION FPS=30.2
[target_vision_2-3] VISION PERF read=17.4ms detect=186.9ms/detect post=3.4ms display=12.4ms
[target_vision_2-3] VISION FPS=30.1
[target_vision_2-3] Library QUIRC is not linked. No decoding is performed. Take it to the OpenCV repository.
[target_vision_2-3] VISION PERF read=17.0ms detect=185.4ms/detect post=3.4ms display=12.8ms
[target_vision_2-3] VISION FPS=30.1
[target_vision_2-3] Library QUIRC is not linked. No decoding is performed. Take it to the OpenCV repository.
[target_vision_2-3] Library QUIRC is not linked. No decoding is performed. Take it to the OpenCV repository.
[target_vision_2-3] Library QUIRC is not linked. No decoding is performed. Take it to the OpenCV repository.
[target_vision_2-3] VISION PERF read=16.7ms detect=188.9ms/detect post=3.5ms display=13.0ms
[target_vision_2-3] VISION FPS=30.1
[target_vision_2-3] Library QUIRC is not linked. No decoding is performed. Take it to the OpenCV repository.
[target_vision_2-3] VISION PERF read=16.5ms detect=187.8ms/detect post=3.7ms display=13.0ms
[target_vision_2-3] VISION FPS=29.9
[target_vision_2-3] Library QUIRC is not linked. No decoding is performed. Take it to the OpenCV repository.
[target_vision_2-3] VISION PERF read=16.6ms detect=191.3ms/detect post=3.4ms display=13.3ms
[target_vision_2-3] VISION FPS=30.0
[target_vision_2-3] Library QUIRC is not linked. No decoding is performed. Take it to the OpenCV repository.
[target_vision_2-3] VISION PERF read=16.8ms detect=190.8ms/detect post=3.4ms display=13.0ms
[target_vision_2-3] VISION FPS=29.9
[target_vision_2-3] VISION PERF read=16.4ms detect=189.6ms/detect post=3.7ms display=13.1ms
[target_vision_2-3] VISION FPS=30.3
[target_vision_2-3] Library QUIRC is not linked. No decoding is performed. Take it to the OpenCV repository.
[target_vision_2-3] Library QUIRC is not linked. No decoding is performed. Take it to the OpenCV repository.
[target_vision_2-3] Library QUIRC is not linked. No decoding is performed. Take it to the OpenCV repository.
[target_vision_2-3] Library QUIRC is not linked. No decoding is performed. Take it to the OpenCV repository.
[target_vision_2-3] VISION PERF read=16.6ms detect=194.2ms/detect post=3.7ms display=13.0ms
[target_vision_2-3] VISION FPS=30.1
[target_vision_2-3] Library QUIRC is not linked. No decoding is performed. Take it to the OpenCV repository.
[target_vision_2-3] Library QUIRC is not linked. No decoding is performed. Take it to the OpenCV repository.
[target_vision_2-3] VISION PERF read=16.6ms detect=191.7ms/detect post=3.5ms display=13.1ms
[target_vision_2-3] Library QUIRC is not linked. No decoding is performed. Take it to the OpenCV repository.
[target_vision_2-3] VISION FPS=30.0
[target_vision_2-3] VISION PERF read=16.5ms detect=193.3ms/detect post=3.6ms display=13.1ms
[target_vision_2-3] VISION FPS=30.4
[target_vision_2-3] Library QUIRC is not linked. No decoding is performed. Take it to the OpenCV repository.
[target_vision_2-3] VISION PERF read=16.6ms detect=193.0ms/detect post=3.5ms display=13.2ms
[target_vision_2-3] Library QUIRC is not linked. No decoding is performed. Take it to the OpenCV repository.
[target_vision_2-3] VISION FPS=30.1
[target_vision_2-3] Library QUIRC is not linked. No decoding is performed. Take it to the OpenCV repository.
[target_vision_2-3] Library QUIRC is not linked. No decoding is performed. Take it to the OpenCV repository.
[target_vision_2-3] VISION PERF read=16.7ms detect=200.8ms/detect post=3.2ms display=13.4ms
[target_vision_2-3] VISION FPS=30.0
[target_vision_2-3] Library QUIRC is not linked. No decoding is performed. Take it to the OpenCV repository.
[target_vision_2-3] VISION PERF read=16.5ms detect=196.0ms/detect post=3.3ms display=13.5ms
[target_vision_2-3] Library QUIRC is not linked. No decoding is performed. Take it to the OpenCV repository.
[target_vision_2-3] VISION FPS=29.9
[target_vision_2-3] Library QUIRC is not linked. No decoding is performed. Take it to the OpenCV repository.
[target_vision_2-3] VISION PERF read=16.9ms detect=185.2ms/detect post=3.0ms display=13.3ms
[target_vision_2-3] Library QUIRC is not linked. No decoding is performed. Take it to the OpenCV repository.
[target_vision_2-3] VISION FPS=30.1
[target_vision_2-3] VISION PERF read=17.4ms detect=169.1ms/detect post=2.7ms display=13.1ms
[target_vision_2-3] Library QUIRC is not linked. No decoding is performed. Take it to the OpenCV repository.
[target_vision_2-3] VISION FPS=30.0
[target_vision_2-3] Library QUIRC is not linked. No decoding is performed. Take it to the OpenCV repository.
[target_vision_2-3] VISION PERF read=17.9ms detect=166.0ms/detect post=2.7ms display=12.5ms
[target_vision_2-3] Library QUIRC is not linked. No decoding is performed. Take it to the OpenCV repository.
[target_vision_2-3] VISION FPS=29.9
[target_vision_2-3] Library QUIRC is not linked. No decoding is performed. Take it to the OpenCV repository.
[target_vision_2-3] Library QUIRC is not linked. No decoding is performed. Take it to the OpenCV repository.
[target_vision_2-3] Library QUIRC is not linked. No decoding is performed. Take it to the OpenCV repository.
[target_vision_2-3] VISION PERF read=17.9ms detect=161.7ms/detect post=2.6ms display=12.8ms
[target_vision_2-3] Library QUIRC is not linked. No decoding is performed. Take it to the OpenCV repository.
[target_vision_2-3] VISION FPS=30.3
[target_vision_2-3] Library QUIRC is not linked. No decoding is performed. Take it to the OpenCV repository.
[target_vision_2-3] Library QUIRC is not linked. No decoding is performed. Take it to the OpenCV repository.
[target_vision_2-3] Library QUIRC is not linked. No decoding is performed. Take it to the OpenCV repository.
[target_vision_2-3] VISION PERF read=17.7ms detect=163.0ms/detect post=2.5ms display=13.0ms
[target_vision_2-3] Library QUIRC is not linked. No decoding is performed. Take it to the OpenCV repository.
[target_vision_2-3] VISION FPS=29.9
[target_vision_2-3] VISION PERF read=18.1ms detect=158.7ms/detect post=2.7ms display=12.6ms
[target_vision_2-3] VISION FPS=29.8
[target_vision_2-3] Library QUIRC is not linked. No decoding is performed. Take it to the OpenCV repository.
[target_vision_2-3] VISION PERF read=18.1ms detect=157.8ms/detect post=2.6ms display=12.5ms
[target_vision_2-3] Library QUIRC is not linked. No decoding is performed. Take it to the OpenCV repository.
[target_vision_2-3] VISION FPS=30.1
[target_vision_2-3] Library QUIRC is not linked. No decoding is performed. Take it to the OpenCV repository.
[target_vision_2-3] Library QUIRC is not linked. No decoding is performed. Take it to the OpenCV repository.
[target_vision_2-3] Library QUIRC is not linked. No decoding is performed. Take it to the OpenCV repository.
[target_vision_2-3] VISION PERF read=18.1ms detect=160.3ms/detect post=2.6ms display=12.5ms
[target_vision_2-3] VISION FPS=30.0
[target_vision_2-3] Library QUIRC is not linked. No decoding is performed. Take it to the OpenCV repository.
[target_vision_2-3] Library QUIRC is not linked. No decoding is performed. Take it to the OpenCV repository.
[target_vision_2-3] Library QUIRC is not linked. No decoding is performed. Take it to the OpenCV repository.
[target_vision_2-3] Library QUIRC is not linked. No decoding is performed. Take it to the OpenCV repository.
[target_vision_2-3] VISION PERF read=18.1ms detect=159.0ms/detect post=2.4ms display=12.7ms
[target_vision_2-3] Library QUIRC is not linked. No decoding is performed. Take it to the OpenCV repository.
[target_vision_2-3] VISION FPS=30.0
[target_vision_2-3] Library QUIRC is not linked. No decoding is performed. Take it to the OpenCV repository.
[target_vision_2-3] Library QUIRC is not linked. No decoding is performed. Take it to the OpenCV repository.
[target_vision_2-3] VISION PERF read=17.7ms detect=160.2ms/detect post=3.0ms display=12.6ms
[target_vision_2-3] Library QUIRC is not linked. No decoding is performed. Take it to the OpenCV repository.
[target_vision_2-3] Library QUIRC is not linked. No decoding is performed. Take it to the OpenCV repository.
[target_vision_2-3] VISION FPS=30.1
[target_vision_2-3] Library QUIRC is not linked. No decoding is performed. Take it to the OpenCV repository.
[target_vision_2-3] Library QUIRC is not linked. No decoding is performed. Take it to the OpenCV repository.
[target_vision_2-3] VISION PERF read=16.6ms detect=175.0ms/detect post=3.5ms display=13.2ms
[target_vision_2-3] VISION FPS=30.0
[target_vision_2-3] VISION PERF read=16.5ms detect=184.5ms/detect post=3.1ms display=13.6ms
[target_vision_2-3] VISION FPS=29.9
[target_vision_2-3] Library QUIRC is not linked. No decoding is performed. Take it to the OpenCV repository.
[target_vision_2-3] VISION PERF read=16.3ms detect=191.7ms/detect post=3.4ms display=13.5ms
[target_vision_2-3] VISION FPS=30.0
[target_vision_2-3] VISION PERF read=16.3ms detect=193.3ms/detect post=3.4ms display=13.6ms
[target_vision_2-3] VISION FPS=30.0
[target_vision_2-3] VISION PERF read=15.7ms detect=193.9ms/detect post=3.7ms display=13.7ms
[target_vision_2-3] VISION FPS=30.0
[target_vision_2-3] Library QUIRC is not linked. No decoding is performed. Take it to the OpenCV repository.
[target_vision_2-3] VISION PERF read=16.1ms detect=192.6ms/detect post=3.5ms display=13.6ms
[target_vision_2-3] VISION FPS=30.0
[target_vision_2-3] VISION PERF read=16.4ms detect=194.0ms/detect post=3.4ms display=13.5ms
[target_vision_2-3] VISION FPS=30.0
[target_vision_2-3] VISION PERF read=16.1ms detect=193.6ms/detect post=3.6ms display=13.5ms
[target_vision_2-3] VISION FPS=30.0
[target_vision_2-3] VISION PERF read=16.4ms detect=193.9ms/detect post=3.4ms display=13.5ms
[target_vision_2-3] VISION FPS=30.0
[target_vision_2-3] VISION PERF read=16.5ms detect=194.4ms/detect post=3.6ms display=13.1ms
[target_vision_2-3] VISION FPS=30.0
[target_vision_2-3] Library QUIRC is not linked. No decoding is performed. Take it to the OpenCV repository.
[target_vision_2-3] Library QUIRC is not linked. No decoding is performed. Take it to the OpenCV repository.
[target_vision_2-3] VISION PERF read=17.3ms detect=184.5ms/detect post=2.9ms display=13.0ms
[target_vision_2-3] VISION FPS=30.0
[target_vision_2-3] VISION PERF read=16.9ms detect=177.5ms/detect post=3.1ms display=13.2ms
[target_vision_2-3] VISION FPS=30.1
[target_vision_2-3] Library QUIRC is not linked. No decoding is performed. Take it to the OpenCV repository.
[target_vision_2-3] VISION PERF read=16.1ms detect=185.3ms/detect post=3.7ms display=13.5ms
[target_vision_2-3] VISION FPS=30.0
[target_vision_2-3] VISION PERF read=15.8ms detect=181.8ms/detect post=3.9ms display=13.5ms
[target_vision_2-3] VISION FPS=30.0
[target_vision_2-3] VISION PERF read=16.1ms detect=181.6ms/detect post=3.6ms display=13.6ms
[target_vision_2-3] Library QUIRC is not linked. No decoding is performed. Take it to the OpenCV repository.
[target_vision_2-3] VISION FPS=30.0
[target_vision_2-3] Library QUIRC is not linked. No decoding is performed. Take it to the OpenCV repository.
[target_vision_2-3] VISION PERF read=16.6ms detect=182.0ms/detect post=3.4ms display=13.3ms
[target_vision_2-3] VISION FPS=29.9
[target_vision_2-3] VISION PERF read=17.5ms detect=171.2ms/detect post=2.8ms display=12.9ms
[target_vision_2-3] VISION FPS=30.0
[target_vision_2-3] VISION PERF read=17.3ms detect=168.9ms/detect post=2.9ms display=13.0ms
[target_vision_2-3] VISION FPS=29.9
[target_vision_2-3] VISION PERF read=17.1ms detect=172.8ms/detect post=2.9ms display=13.2ms
[target_vision_2-3] Library QUIRC is not linked. No decoding is performed. Take it to the OpenCV repository.
[target_vision_2-3] VISION FPS=29.9
[target_vision_2-3] Library QUIRC is not linked. No decoding is performed. Take it to the OpenCV repository.
[target_vision_2-3] VISION PERF read=16.9ms detect=173.7ms/detect post=3.1ms display=13.3ms
[target_vision_2-3] Library QUIRC is not linked. No decoding is performed. Take it to the OpenCV repository.
[target_vision_2-3] VISION FPS=30.0
[target_vision_2-3] VISION PERF read=17.1ms detect=170.6ms/detect post=3.1ms display=13.0ms
[target_vision_2-3] VISION FPS=30.1
[target_vision_2-3] Library QUIRC is not linked. No decoding is performed. Take it to the OpenCV repository.
[target_vision_2-3] VISION PERF read=17.0ms detect=170.7ms/detect post=3.2ms display=13.0ms
[target_vision_2-3] VISION FPS=30.0
[target_vision_2-3] Library QUIRC is not linked. No decoding is performed. Take it to the OpenCV repository.
[target_vision_2-3] VISION PERF read=16.7ms detect=174.9ms/detect post=3.2ms display=13.3ms
[target_vision_2-3] Library QUIRC is not linked. No decoding is performed. Take it to the OpenCV repository.
[target_vision_2-3] VISION FPS=30.0
[target_vision_2-3] Library QUIRC is not linked. No decoding is performed. Take it to the OpenCV repository.
[target_vision_2-3] VISION PERF read=17.1ms detect=171.4ms/detect post=3.2ms display=12.9ms
[target_vision_2-3] Library QUIRC is not linked. No decoding is performed. Take it to the OpenCV repository.
[target_vision_2-3] Library QUIRC is not linked. No decoding is performed. Take it to the OpenCV repository.
[target_vision_2-3] VISION FPS=30.2
[target_vision_2-3] Library QUIRC is not linked. No decoding is performed. Take it to the OpenCV repository.
[target_vision_2-3] VISION PERF read=17.2ms detect=169.8ms/detect post=3.2ms display=12.8ms
[target_vision_2-3] VISION FPS=30.0
[target_vision_2-3] Library QUIRC is not linked. No decoding is performed. Take it to the OpenCV repository.
[target_vision_2-3] Library QUIRC is not linked. No decoding is performed. Take it to the OpenCV repository.
[target_vision_2-3] VISION PERF read=17.2ms detect=174.3ms/detect post=3.0ms display=13.0ms
[target_vision_2-3] VISION FPS=29.9
[target_vision_2-3] Library QUIRC is not linked. No decoding is performed. Take it to the OpenCV repository.
[target_vision_2-3] VISION PERF read=16.9ms detect=181.1ms/detect post=3.3ms display=13.0ms
[target_vision_2-3] VISION FPS=29.9
[target_vision_2-3] VISION PERF read=16.4ms detect=182.8ms/detect post=3.5ms display=13.3ms
[target_vision_2-3] VISION FPS=30.1
[target_vision_2-3] VISION PERF read=16.0ms detect=189.1ms/detect post=3.5ms display=13.7ms
[target_vision_2-3] VISION FPS=30.1
[target_vision_2-3] VISION PERF read=16.2ms detect=189.7ms/detect post=3.3ms display=13.7ms
[target_vision_2-3] Library QUIRC is not linked. No decoding is performed. Take it to the OpenCV repository.
[target_vision_2-3] Library QUIRC is not linked. No decoding is performed. Take it to the OpenCV repository.
[target_vision_2-3] VISION FPS=29.9
[target_vision_2-3] VISION PERF read=16.4ms detect=188.3ms/detect post=3.6ms display=13.2ms
[target_vision_2-3] Library QUIRC is not linked. No decoding is performed. Take it to the OpenCV repository.
[target_vision_2-3] VISION FPS=30.0
[target_vision_2-3] VISION PERF read=16.4ms detect=190.1ms/detect post=3.5ms display=13.4ms
[target_vision_2-3] VISION FPS=30.0
[target_vision_2-3] Library QUIRC is not linked. No decoding is performed. Take it to the OpenCV repository.
[target_vision_2-3] VISION PERF read=16.3ms detect=190.2ms/detect post=3.7ms display=13.4ms
[target_vision_2-3] Library QUIRC is not linked. No decoding is performed. Take it to the OpenCV repository.
[target_vision_2-3] VISION FPS=30.0
[target_vision_2-3] VISION PERF read=16.2ms detect=189.5ms/detect post=3.6ms display=13.3ms
[target_vision_2-3] Library QUIRC is not linked. No decoding is performed. Take it to the OpenCV repository.
[target_vision_2-3] VISION FPS=30.0
[target_vision_2-3] VISION PERF read=16.4ms detect=188.9ms/detect post=3.8ms display=13.1ms
[target_vision_2-3] VISION FPS=30.0
[target_vision_2-3] VISION PERF read=16.6ms detect=189.4ms/detect post=3.4ms display=13.2ms
[target_vision_2-3] VISION FPS=30.1
[target_vision_2-3] Library QUIRC is not linked. No decoding is performed. Take it to the OpenCV repository.
[target_vision_2-3] VISION PERF read=16.2ms detect=190.4ms/detect post=3.6ms display=13.4ms
[target_vision_2-3] VISION FPS=30.0
[target_vision_2-3] VISION PERF read=16.3ms detect=190.0ms/detect post=3.5ms display=13.4ms
[target_vision_2-3] VISION FPS=30.0
[target_vision_2-3] VISION PERF read=16.3ms detect=191.3ms/detect post=3.3ms display=13.6ms
[target_vision_2-3] VISION FPS=30.0
[target_vision_2-3] Library QUIRC is not linked. No decoding is performed. Take it to the OpenCV repository.
[target_vision_2-3] Library QUIRC is not linked. No decoding is performed. Take it to the OpenCV repository.
[target_vision_2-3] VISION PERF read=16.1ms detect=195.9ms/detect post=3.5ms display=13.6ms
[target_vision_2-3] VISION FPS=30.0
[target_vision_2-3] VISION PERF read=16.7ms detect=187.0ms/detect post=3.0ms display=13.5ms
[target_vision_2-3] VISION FPS=30.0
[target_vision_2-3] VISION PERF read=17.0ms detect=180.2ms/detect post=2.7ms display=13.5ms
[target_vision_2-3] Library QUIRC is not linked. No decoding is performed. Take it to the OpenCV repository.
[target_vision_2-3] VISION FPS=30.0
[target_vision_2-3] Library QUIRC is not linked. No decoding is performed. Take it to the OpenCV repository.
[target_vision_2-3] Library QUIRC is not linked. No decoding is performed. Take it to the OpenCV repository.
[target_vision_2-3] VISION PERF read=16.8ms detect=181.2ms/detect post=3.0ms display=13.4ms
[target_vision_2-3] Library QUIRC is not linked. No decoding is performed. Take it to the OpenCV repository.
[target_vision_2-3] VISION FPS=29.9
[target_vision_2-3] Library QUIRC is not linked. No decoding is performed. Take it to the OpenCV repository.
[target_vision_2-3] Library QUIRC is not linked. No decoding is performed. Take it to the OpenCV repository.
[target_vision_2-3] VISION PERF read=17.5ms detect=171.1ms/detect post=2.8ms display=12.9ms
[target_vision_2-3] VISION FPS=30.1
[target_vision_2-3] Library QUIRC is not linked. No decoding is performed. Take it to the OpenCV repository.
[target_vision_2-3] VISION PERF read=17.9ms detect=167.5ms/detect post=2.7ms display=12.6ms
[target_vision_2-3] VISION FPS=30.0
[target_vision_2-3] Library QUIRC is not linked. No decoding is performed. Take it to the OpenCV repository.
[target_vision_2-3] VISION PERF read=17.4ms detect=168.5ms/detect post=2.9ms display=12.9ms
[target_vision_2-3] VISION FPS=30.1
[target_vision_2-3] Library QUIRC is not linked. No decoding is performed. Take it to the OpenCV repository.
[target_vision_2-3] VISION PERF read=17.7ms detect=168.2ms/detect post=2.8ms display=12.7ms
[target_vision_2-3] Library QUIRC is not linked. No decoding is performed. Take it to the OpenCV repository.
[target_vision_2-3] VISION FPS=29.9
[target_vision_2-3] VISION PERF read=17.9ms detect=166.7ms/detect post=2.8ms display=12.5ms
[target_vision_2-3] VISION FPS=30.1
[target_vision_2-3] Library QUIRC is not linked. No decoding is performed. Take it to the OpenCV repository.
[target_vision_2-3] Library QUIRC is not linked. No decoding is performed. Take it to the OpenCV repository.
[target_vision_2-3] Library QUIRC is not linked. No decoding is performed. Take it to the OpenCV repository.
[target_vision_2-3] VISION PERF read=17.5ms detect=178.9ms/detect post=2.9ms display=12.9ms
[target_vision_2-3] VISION FPS=30.0
[target_vision_2-3] Library QUIRC is not linked. No decoding is performed. Take it to the OpenCV repository.
[target_vision_2-3] VISION PERF read=16.7ms detect=191.7ms/detect post=3.4ms display=13.0ms
[target_vision_2-3] VISION FPS=30.2
[target_vision_2-3] Library QUIRC is not linked. No decoding is performed. Take it to the OpenCV repository.
[target_vision_2-3] VISION PERF read=17.1ms detect=178.5ms/detect post=3.2ms display=12.9ms
[target_vision_2-3] VISION FPS=29.9
[target_vision_2-3] Library QUIRC is not linked. No decoding is performed. Take it to the OpenCV repository.
[target_vision_2-3] VISION PERF read=16.0ms detect=188.0ms/detect post=3.8ms display=13.5ms
[target_vision_2-3] Library QUIRC is not linked. No decoding is performed. Take it to the OpenCV repository.
[target_vision_2-3] VISION FPS=29.9
[target_vision_2-3] Library QUIRC is not linked. No decoding is performed. Take it to the OpenCV repository.
[target_vision_2-3] VISION PERF read=15.8ms detect=197.0ms/detect post=4.0ms display=13.4ms
[target_vision_2-3] VISION FPS=30.0
[target_vision_2-3] Library QUIRC is not linked. No decoding is performed. Take it to the OpenCV repository.
[target_vision_2-3] VISION PERF read=15.6ms detect=194.2ms/detect post=4.2ms display=13.6ms
[target_vision_2-3] VISION FPS=29.9
[target_vision_2-3] VISION PERF read=15.2ms detect=224.0ms/detect post=3.4ms display=14.5ms
[target_vision_2-3] VISION FPS=30.0
[target_vision_2-3] VISION PERF read=15.3ms detect=230.3ms/detect post=3.2ms display=14.8ms
[target_vision_2-3] VISION FPS=30.0
[target_vision_2-3] VISION PERF read=16.1ms detect=192.0ms/detect post=3.3ms display=13.7ms
[target_vision_2-3] Library QUIRC is not linked. No decoding is performed. Take it to the OpenCV repository.
[target_vision_2-3] VISION FPS=30.0
[target_vision_2-3] VISION PERF read=16.5ms detect=184.9ms/detect post=3.5ms display=13.2ms
[target_vision_2-3] VISION FPS=30.0
[target_vision_2-3] Library QUIRC is not linked. No decoding is performed. Take it to the OpenCV repository.
[target_vision_2-3] Library QUIRC is not linked. No decoding is performed. Take it to the OpenCV repository.
[target_vision_2-3] VISION PERF read=16.3ms detect=189.8ms/detect post=3.6ms display=13.3ms
[target_vision_2-3] Library QUIRC is not linked. No decoding is performed. Take it to the OpenCV repository.
[target_vision_2-3] VISION FPS=30.1
[target_vision_2-3] Library QUIRC is not linked. No decoding is performed. Take it to the OpenCV repository.
[target_vision_2-3] VISION PERF read=16.6ms detect=187.6ms/detect post=3.6ms display=13.1ms
[target_vision_2-3] VISION FPS=29.9
[target_vision_2-3] VISION PERF read=16.3ms detect=187.1ms/detect post=3.7ms display=13.3ms
[target_vision_2-3] VISION FPS=30.0
[target_vision_2-3] Library QUIRC is not linked. No decoding is performed. Take it to the OpenCV repository.
[target_vision_2-3] Library QUIRC is not linked. No decoding is performed. Take it to the OpenCV repository.
[target_vision_2-3] VISION PERF read=16.0ms detect=187.1ms/detect post=3.7ms display=13.5ms
[target_vision_2-3] VISION FPS=30.1
[target_vision_2-3] VISION PERF read=16.2ms detect=188.8ms/detect post=3.7ms display=13.4ms
[target_vision_2-3] VISION FPS=30.0
[target_vision_2-3] Library QUIRC is not linked. No decoding is performed. Take it to the OpenCV repository.
[target_vision_2-3] Library QUIRC is not linked. No decoding is performed. Take it to the OpenCV repository.
[target_vision_2-3] Library QUIRC is not linked. No decoding is performed. Take it to the OpenCV repository.
[target_vision_2-3] VISION PERF read=16.2ms detect=194.2ms/detect post=3.6ms display=13.4ms
[target_vision_2-3] VISION FPS=30.0
[target_vision_2-3] VISION PERF read=17.7ms detect=175.5ms/detect post=2.9ms display=12.6ms
[target_vision_2-3] VISION FPS=30.0
[target_vision_2-3] Library QUIRC is not linked. No decoding is performed. Take it to the OpenCV repository.
[target_vision_2-3] Library QUIRC is not linked. No decoding is performed. Take it to the OpenCV repository.
[target_vision_2-3] VISION PERF read=18.1ms detect=157.7ms/detect post=2.7ms display=12.4ms
[target_vision_2-3] VISION FPS=30.0
[target_vision_2-3] VISION PERF read=18.0ms detect=156.7ms/detect post=2.8ms display=12.5ms
[target_vision_2-3] VISION FPS=30.1
[target_vision_2-3] Library QUIRC is not linked. No decoding is performed. Take it to the OpenCV repository.
[target_vision_2-3] VISION PERF read=17.7ms detect=156.2ms/detect post=2.6ms display=12.9ms
[target_vision_2-3] VISION FPS=30.1
[target_vision_2-3] Library QUIRC is not linked. No decoding is performed. Take it to the OpenCV repository.
[target_vision_2-3] VISION PERF read=18.2ms detect=157.0ms/detect post=2.6ms display=12.4ms
[target_vision_2-3] VISION FPS=30.2
[target_vision_2-3] Library QUIRC is not linked. No decoding is performed. Take it to the OpenCV repository.
[target_vision_2-3] VISION PERF read=18.1ms detect=156.4ms/detect post=2.8ms display=12.3ms
[target_vision_2-3] Library QUIRC is not linked. No decoding is performed. Take it to the OpenCV repository.
[target_vision_2-3] VISION FPS=30.2
[target_vision_2-3] Library QUIRC is not linked. No decoding is performed. Take it to the OpenCV repository.
[target_vision_2-3] VISION PERF read=18.0ms detect=156.7ms/detect post=2.7ms display=12.5ms
[target_vision_2-3] VISION FPS=30.1
[target_vision_2-3] Library QUIRC is not linked. No decoding is performed. Take it to the OpenCV repository.
[target_vision_2-3] VISION PERF read=16.7ms detect=166.7ms/detect post=3.3ms display=13.2ms
[target_vision_2-3] Library QUIRC is not linked. No decoding is performed. Take it to the OpenCV repository.
[target_vision_2-3] VISION FPS=30.0
[target_vision_2-3] Library QUIRC is not linked. No decoding is performed. Take it to the OpenCV repository.
[target_vision_2-3] VISION PERF read=16.2ms detect=184.7ms/detect post=3.5ms display=13.5ms
[target_vision_2-3] VISION FPS=30.0
[target_vision_2-3] VISION PERF read=16.8ms detect=178.5ms/detect post=3.0ms display=13.4ms
[target_vision_2-3] Library QUIRC is not linked. No decoding is performed. Take it to the OpenCV repository.
[target_vision_2-3] VISION FPS=29.9
[target_vision_2-3] Library QUIRC is not linked. No decoding is performed. Take it to the OpenCV repository.
[target_vision_2-3] VISION PERF read=16.8ms detect=187.8ms/detect post=3.2ms display=13.3ms
[target_vision_2-3] VISION FPS=30.0
[target_vision_2-3] VISION PERF read=16.2ms detect=186.4ms/detect post=3.4ms display=13.6ms
[target_vision_2-3] VISION FPS=30.1
[target_vision_2-3] Library QUIRC is not linked. No decoding is performed. Take it to the OpenCV repository.
[target_vision_2-3] VISION PERF read=16.2ms detect=188.2ms/detect post=3.5ms display=13.5ms
[target_vision_2-3] VISION FPS=30.0
[target_vision_2-3] VISION PERF read=17.3ms detect=197.9ms/detect post=3.1ms display=12.8ms
[target_vision_2-3] VISION FPS=30.1
[target_vision_2-3] VISION PERF read=16.7ms detect=189.9ms/detect post=3.3ms display=13.2ms
[target_vision_2-3] VISION FPS=30.0
[target_vision_2-3] VISION PERF read=16.6ms detect=188.2ms/detect post=3.4ms display=13.2ms
[target_vision_2-3] VISION FPS=30.1
[target_vision_2-3] VISION PERF read=16.3ms detect=186.8ms/detect post=3.2ms display=13.8ms
[target_vision_2-3] VISION FPS=29.9
[target_vision_2-3] VISION PERF read=16.3ms detect=186.6ms/detect post=3.5ms display=13.4ms
[target_vision_2-3] VISION FPS=30.1
[target_vision_2-3] VISION PERF read=16.5ms detect=186.3ms/detect post=3.5ms display=13.2ms
[target_vision_2-3] VISION FPS=30.0
[target_vision_2-3] VISION PERF read=16.1ms detect=187.4ms/detect post=3.5ms display=13.8ms
[target_vision_2-3] VISION FPS=30.2
[target_vision_2-3] VISION PERF read=16.7ms detect=186.7ms/detect post=3.4ms display=13.1ms
[target_vision_2-3] VISION FPS=30.0
[target_vision_2-3] Library QUIRC is not linked. No decoding is performed. Take it to the OpenCV repository.
[target_vision_2-3] VISION PERF read=16.7ms detect=188.2ms/detect post=3.3ms display=13.2ms
[target_vision_2-3] VISION FPS=29.9
[target_vision_2-3] VISION PERF read=16.4ms detect=186.1ms/detect post=3.5ms display=13.4ms
[target_vision_2-3] VISION FPS=29.9
[target_vision_2-3] Library QUIRC is not linked. No decoding is performed. Take it to the OpenCV repository.
[target_vision_2-3] VISION PERF read=16.6ms detect=185.8ms/detect post=3.4ms display=13.1ms
[target_vision_2-3] VISION FPS=30.0
[target_vision_2-3] Library QUIRC is not linked. No decoding is performed. Take it to the OpenCV repository.
[target_vision_2-3] VISION PERF read=16.7ms detect=187.7ms/detect post=3.2ms display=13.3ms
[target_vision_2-3] VISION FPS=29.9
[target_vision_2-3] VISION PERF read=16.5ms detect=187.7ms/detect post=3.4ms display=13.4ms
[target_vision_2-3] Library QUIRC is not linked. No decoding is performed. Take it to the OpenCV repository.
[target_vision_2-3] VISION FPS=30.0
[target_vision_2-3] Library QUIRC is not linked. No decoding is performed. Take it to the OpenCV repository.
[target_vision_2-3] VISION PERF read=16.2ms detect=189.4ms/detect post=3.6ms display=13.3ms
[target_vision_2-3] Library QUIRC is not linked. No decoding is performed. Take it to the OpenCV repository.
[target_vision_2-3] VISION FPS=29.9
[target_vision_2-3] Library QUIRC is not linked. No decoding is performed. Take it to the OpenCV repository.
[target_vision_2-3] VISION PERF read=16.6ms detect=192.3ms/detect post=3.5ms display=13.1ms
[target_vision_2-3] VISION FPS=29.9
[target_vision_2-3] VISION PERF read=17.5ms detect=163.6ms/detect post=3.1ms display=12.6ms
[target_vision_2-3] Library QUIRC is not linked. No decoding is performed. Take it to the OpenCV repository.
[target_vision_2-3] VISION FPS=30.0
[target_vision_2-3] VISION PERF read=17.3ms detect=156.7ms/detect post=3.3ms display=12.6ms
[target_vision_2-3] VISION FPS=30.0
[target_vision_2-3] Library QUIRC is not linked. No decoding is performed. Take it to the OpenCV repository.
[target_vision_2-3] VISION PERF read=17.8ms detect=153.8ms/detect post=2.6ms display=12.8ms
[target_vision_2-3] VISION FPS=30.1
[target_vision_2-3] VISION PERF read=18.0ms detect=152.0ms/detect post=2.7ms display=12.5ms
[target_vision_2-3] VISION FPS=30.0
[target_vision_2-3] Library QUIRC is not linked. No decoding is performed. Take it to the OpenCV repository.
[target_vision_2-3] VISION PERF read=17.8ms detect=153.1ms/detect post=2.8ms display=12.6ms
[target_vision_2-3] VISION FPS=30.0
[target_vision_2-3] VISION PERF read=18.0ms detect=152.3ms/detect post=2.8ms display=12.5ms
[target_vision_2-3] VISION FPS=30.2
[target_vision_2-3] VISION PERF read=17.9ms detect=152.0ms/detect post=3.0ms display=12.4ms
[target_vision_2-3] VISION FPS=30.2
[target_vision_2-3] Library QUIRC is not linked. No decoding is performed. Take it to the OpenCV repository.
[target_vision_2-3] VISION PERF read=17.9ms detect=152.9ms/detect post=2.9ms display=12.4ms
[target_vision_2-3] VISION FPS=30.0
[target_vision_2-3] VISION PERF read=18.0ms detect=152.1ms/detect post=2.7ms display=12.5ms
[target_vision_2-3] VISION FPS=30.2
[target_vision_2-3] Library QUIRC is not linked. No decoding is performed. Take it to the OpenCV repository.
[target_vision_2-3] Library QUIRC is not linked. No decoding is performed. Take it to the OpenCV repository.
[target_vision_2-3] VISION PERF read=17.9ms detect=153.1ms/detect post=2.8ms display=12.5ms
[target_vision_2-3] VISION FPS=29.9
[target_vision_2-3] VISION PERF read=17.6ms detect=162.4ms/detect post=2.9ms display=12.7ms
[target_vision_2-3] VISION FPS=30.2
[target_vision_2-3] Library QUIRC is not linked. No decoding is performed. Take it to the OpenCV repository.
[target_vision_2-3] VISION PERF read=17.8ms detect=167.5ms/detect post=2.9ms display=12.6ms
[target_vision_2-3] VISION FPS=30.1
[target_vision_2-3] Library QUIRC is not linked. No decoding is performed. Take it to the OpenCV repository.
[target_vision_2-3] VISION PERF read=17.8ms detect=175.7ms/detect post=2.8ms display=12.7ms
[target_vision_2-3] Library QUIRC is not linked. No decoding is performed. Take it to the OpenCV repository.
[target_vision_2-3] Library QUIRC is not linked. No decoding is performed. Take it to the OpenCV repository.
[target_vision_2-3] VISION FPS=30.0
[target_vision_2-3] Library QUIRC is not linked. No decoding is performed. Take it to the OpenCV repository.
[target_vision_2-3] Library QUIRC is not linked. No decoding is performed. Take it to the OpenCV repository.
[target_vision_2-3] VISION PERF read=17.0ms detect=180.2ms/detect post=3.0ms display=13.2ms
[target_vision_2-3] VISION FPS=29.9
[target_vision_2-3] Library QUIRC is not linked. No decoding is performed. Take it to the OpenCV repository.
[target_vision_2-3] Library QUIRC is not linked. No decoding is performed. Take it to the OpenCV repository.
[target_vision_2-3] Library QUIRC is not linked. No decoding is performed. Take it to the OpenCV repository.
[target_vision_2-3] VISION PERF read=16.6ms detect=187.1ms/detect post=3.3ms display=13.4ms
[target_vision_2-3] VISION FPS=29.8
[target_vision_2-3] VISION PERF read=16.4ms detect=187.1ms/detect post=3.5ms display=13.4ms
[target_vision_2-3] VISION FPS=30.0
[target_vision_2-3] Library QUIRC is not linked. No decoding is performed. Take it to the OpenCV repository.
[target_vision_2-3] Library QUIRC is not linked. No decoding is performed. Take it to the OpenCV repository.
[target_vision_2-3] VISION PERF read=16.3ms detect=188.2ms/detect post=3.4ms display=13.5ms
[target_vision_2-3] Library QUIRC is not linked. No decoding is performed. Take it to the OpenCV repository.
[target_vision_2-3] VISION FPS=30.0
[target_vision_2-3] Library QUIRC is not linked. No decoding is performed. Take it to the OpenCV repository.
[target_vision_2-3] VISION PERF read=16.1ms detect=186.3ms/detect post=3.5ms display=13.5ms
[target_vision_2-3] VISION FPS=30.3
[target_vision_2-3] Library QUIRC is not linked. No decoding is performed. Take it to the OpenCV repository.
[target_vision_2-3] VISION PERF read=16.6ms detect=185.9ms/detect post=3.4ms display=13.2ms
[target_vision_2-3] VISION FPS=30.0
[target_vision_2-3] Library QUIRC is not linked. No decoding is performed. Take it to the OpenCV repository.
[target_vision_2-3] VISION PERF read=16.4ms detect=186.5ms/detect post=3.6ms display=13.3ms
[target_vision_2-3] VISION FPS=30.1
[target_vision_2-3] Library QUIRC is not linked. No decoding is performed. Take it to the OpenCV repository.
[target_vision_2-3] Library QUIRC is not linked. No decoding is performed. Take it to the OpenCV repository.
[target_vision_2-3] VISION PERF read=16.7ms detect=186.0ms/detect post=3.3ms display=13.2ms
[target_vision_2-3] Library QUIRC is not linked. No decoding is performed. Take it to the OpenCV repository.
[target_vision_2-3] VISION FPS=30.0
[target_vision_2-3] Library QUIRC is not linked. No decoding is performed. Take it to the OpenCV repository.
[target_vision_2-3] VISION PERF read=16.2ms detect=201.7ms/detect post=3.7ms display=13.3ms
[target_vision_2-3] VISION FPS=30.2
[target_vision_2-3] Library QUIRC is not linked. No decoding is performed. Take it to the OpenCV repository.
[target_vision_2-3] Library QUIRC is not linked. No decoding is performed. Take it to the OpenCV repository.
[target_vision_2-3] VISION PERF read=16.8ms detect=185.4ms/detect post=3.1ms display=13.3ms
[target_vision_2-3] VISION FPS=30.1
[target_vision_2-3] VISION PERF read=18.2ms detect=161.2ms/detect post=2.6ms display=12.3ms
[target_vision_2-3] VISION FPS=30.1
[target_vision_2-3] Library QUIRC is not linked. No decoding is performed. Take it to the OpenCV repository.
[target_vision_2-3] Library QUIRC is not linked. No decoding is performed. Take it to the OpenCV repository.
[target_vision_2-3] VISION PERF read=18.0ms detect=163.1ms/detect post=2.6ms display=12.6ms
[target_vision_2-3] VISION FPS=30.2
[target_vision_2-3] VISION PERF read=18.1ms detect=175.2ms/detect post=2.6ms display=12.5ms
[target_vision_2-3] VISION FPS=30.1
[target_vision_2-3] VISION PERF read=17.8ms detect=163.8ms/detect post=2.8ms display=12.7ms
[target_vision_2-3] VISION FPS=30.0
[target_vision_2-3] VISION PERF read=17.7ms detect=163.4ms/detect post=2.9ms display=12.6ms
[target_vision_2-3] VISION FPS=30.0
[target_vision_2-3] VISION PERF read=18.0ms detect=162.2ms/detect post=2.7ms display=12.6ms
[target_vision_2-3] VISION FPS=30.0
[target_vision_2-3] VISION PERF read=18.0ms detect=161.2ms/detect post=2.7ms display=12.4ms
[target_vision_2-3] VISION FPS=30.1
[target_vision_2-3] VISION PERF read=17.3ms detect=168.4ms/detect post=2.8ms display=13.2ms
[target_vision_2-3] VISION FPS=30.1
[target_vision_2-3] Library QUIRC is not linked. No decoding is performed. Take it to the OpenCV repository.
[target_vision_2-3] VISION PERF read=16.8ms detect=179.0ms/detect post=2.7ms display=13.7ms
[target_vision_2-3] VISION FPS=30.0
[target_vision_2-3] VISION PERF read=17.7ms detect=179.0ms/detect post=2.7ms display=12.9ms
[target_vision_2-3] Library QUIRC is not linked. No decoding is performed. Take it to the OpenCV repository.
[target_vision_2-3] VISION FPS=30.0
[target_vision_2-3] Library QUIRC is not linked. No decoding is performed. Take it to the OpenCV repository.
[target_vision_2-3] Library QUIRC is not linked. No decoding is performed. Take it to the OpenCV repository.
[target_vision_2-3] Library QUIRC is not linked. No decoding is performed. Take it to the OpenCV repository.
[target_vision_2-3] VISION PERF read=17.5ms detect=168.0ms/detect post=3.1ms display=12.6ms
[target_vision_2-3] VISION FPS=30.0
[target_vision_2-3] VISION PERF read=16.9ms detect=179.2ms/detect post=2.9ms display=13.5ms
[target_vision_2-3] VISION FPS=30.0
[target_vision_2-3] Library QUIRC is not linked. No decoding is performed. Take it to the OpenCV repository.
[target_vision_2-3] Library QUIRC is not linked. No decoding is performed. Take it to the OpenCV repository.
[target_vision_2-3] Library QUIRC is not linked. No decoding is performed. Take it to the OpenCV repository.
[target_vision_2-3] VISION PERF read=17.3ms detect=187.5ms/detect post=2.7ms display=13.2ms
[target_vision_2-3] VISION FPS=29.9
[target_vision_2-3] VISION PERF read=16.7ms detect=187.4ms/detect post=2.8ms display=13.6ms
[target_vision_2-3] VISION FPS=30.1
[target_vision_2-3] Library QUIRC is not linked. No decoding is performed. Take it to the OpenCV repository.
[target_vision_2-3] VISION PERF read=17.2ms detect=185.8ms/detect post=2.7ms display=13.4ms
[target_vision_2-3] VISION FPS=30.0
[target_vision_2-3] Library QUIRC is not linked. No decoding is performed. Take it to the OpenCV repository.
[target_vision_2-3] Library QUIRC is not linked. No decoding is performed. Take it to the OpenCV repository.
[target_vision_2-3] VISION PERF read=16.8ms detect=187.0ms/detect post=3.1ms display=13.3ms
[target_vision_2-3] VISION FPS=30.1
[target_vision_2-3] Library QUIRC is not linked. No decoding is performed. Take it to the OpenCV repository.
[target_vision_2-3] VISION PERF read=17.1ms detect=200.6ms/detect post=3.0ms display=13.1ms
[target_vision_2-3] Library QUIRC is not linked. No decoding is performed. Take it to the OpenCV repository.
[target_vision_2-3] VISION FPS=30.0
[target_vision_2-3] Library QUIRC is not linked. No decoding is performed. Take it to the OpenCV repository.
[target_vision_2-3] VISION PERF read=16.6ms detect=192.2ms/detect post=3.0ms display=13.6ms
[target_vision_2-3] VISION FPS=29.9
[target_vision_2-3] Library QUIRC is not linked. No decoding is performed. Take it to the OpenCV repository.
[target_vision_2-3] VISION PERF read=16.6ms detect=192.8ms/detect post=3.1ms display=13.5ms
[target_vision_2-3] VISION FPS=30.0
[target_vision_2-3] VISION PERF read=16.5ms detect=187.4ms/detect post=3.3ms display=13.4ms
[target_vision_2-3] Library QUIRC is not linked. No decoding is performed. Take it to the OpenCV repository.
[target_vision_2-3] VISION FPS=30.1
[target_vision_2-3] VISION PERF read=17.3ms detect=194.2ms/detect post=3.1ms display=12.9ms
[target_vision_2-3] Library QUIRC is not linked. No decoding is performed. Take it to the OpenCV repository.
[target_vision_2-3] VISION FPS=30.0
[target_vision_2-3] VISION PERF read=17.0ms detect=192.9ms/detect post=3.0ms display=13.1ms
[target_vision_2-3] VISION FPS=30.1
[target_vision_2-3] VISION PERF read=17.2ms detect=207.2ms/detect post=2.9ms display=13.2ms
[target_vision_2-3] VISION FPS=29.9
[target_vision_2-3] VISION PERF read=17.0ms detect=202.4ms/detect post=3.1ms display=13.0ms
[target_vision_2-3] VISION FPS=30.2
[target_vision_2-3] VISION PERF read=16.8ms detect=187.3ms/detect post=3.1ms display=13.3ms
[target_vision_2-3] VISION FPS=30.1
[target_vision_2-3] VISION PERF read=16.7ms detect=185.9ms/detect post=3.0ms display=13.6ms
[target_vision_2-3] VISION FPS=30.0
[target_vision_2-3] Library QUIRC is not linked. No decoding is performed. Take it to the OpenCV repository.
[target_vision_2-3] VISION PERF read=16.7ms detect=183.5ms/detect post=2.8ms display=13.8ms
[target_vision_2-3] Library QUIRC is not linked. No decoding is performed. Take it to the OpenCV repository.
[target_vision_2-3] VISION FPS=30.0
[target_vision_2-3] Library QUIRC is not linked. No decoding is performed. Take it to the OpenCV repository.
[target_vision_2-3] VISION PERF read=16.6ms detect=187.2ms/detect post=3.1ms display=13.5ms
[target_vision_2-3] VISION FPS=30.1
[target_vision_2-3] VISION PERF read=17.2ms detect=184.8ms/detect post=2.9ms display=13.1ms
[target_vision_2-3] VISION FPS=30.0
[target_vision_2-3] VISION PERF read=16.8ms detect=178.1ms/detect post=2.8ms display=13.6ms
[target_vision_2-3] VISION FPS=29.9
[target_vision_2-3] Library QUIRC is not linked. No decoding is performed. Take it to the OpenCV repository.
[target_vision_2-3] VISION PERF read=17.0ms detect=176.7ms/detect post=3.0ms display=13.2ms
[target_vision_2-3] VISION FPS=30.0
[target_vision_2-3] VISION PERF read=17.0ms detect=175.4ms/detect post=3.0ms display=13.2ms
[target_vision_2-3] VISION FPS=30.0
[target_vision_2-3] VISION PERF read=17.2ms detect=174.6ms/detect post=2.9ms display=13.1ms
[target_vision_2-3] VISION FPS=30.1
[target_vision_2-3] VISION PERF read=17.5ms detect=177.7ms/detect post=3.0ms display=12.7ms
[target_vision_2-3] VISION FPS=30.0
[target_vision_2-3] VISION PERF read=17.1ms detect=173.8ms/detect post=3.2ms display=13.0ms
[target_vision_2-3] VISION FPS=30.1
[target_vision_2-3] VISION PERF read=17.3ms detect=172.0ms/detect post=3.2ms display=12.7ms
[target_vision_2-3] VISION FPS=30.0
[target_vision_2-3] Library QUIRC is not linked. No decoding is performed. Take it to the OpenCV repository.
[target_vision_2-3] VISION PERF read=16.9ms detect=196.9ms/detect post=2.9ms display=13.5ms
[target_vision_2-3] VISION FPS=29.9
[target_vision_2-3] VISION PERF read=15.8ms detect=231.5ms/detect post=2.8ms display=14.5ms
[target_vision_2-3] VISION FPS=30.0
[target_vision_2-3] VISION PERF read=16.2ms detect=220.8ms/detect post=2.7ms display=14.3ms
[target_vision_2-3] VISION FPS=30.0
[target_vision_2-3] VISION PERF read=16.5ms detect=199.6ms/detect post=2.9ms display=13.8ms
[target_vision_2-3] Library QUIRC is not linked. No decoding is performed. Take it to the OpenCV repository.
[target_vision_2-3] VISION FPS=30.0
[target_vision_2-3] Library QUIRC is not linked. No decoding is performed. Take it to the OpenCV repository.
[target_vision_2-3] VISION PERF read=17.4ms detect=184.4ms/detect post=2.8ms display=13.0ms
[target_vision_2-3] VISION FPS=30.0
[target_vision_2-3] VISION PERF read=17.0ms detect=188.9ms/detect post=3.1ms display=13.1ms
[target_vision_2-3] VISION FPS=30.2
[target_vision_2-3] VISION PERF read=16.9ms detect=184.5ms/detect post=2.9ms display=13.4ms
[target_vision_2-3] VISION FPS=30.0
[target_vision_2-3] Library QUIRC is not linked. No decoding is performed. Take it to the OpenCV repository.
[target_vision_2-3] VISION PERF read=17.5ms detect=176.2ms/detect post=2.8ms display=12.9ms
[target_vision_2-3] VISION FPS=30.0
[target_vision_2-3] VISION PERF read=16.9ms detect=179.0ms/detect post=3.1ms display=13.3ms
[target_vision_2-3] Library QUIRC is not linked. No decoding is performed. Take it to the OpenCV repository.
[target_vision_2-3] VISION FPS=29.8
[target_vision_2-3] VISION PERF read=16.6ms detect=192.0ms/detect post=3.0ms display=13.6ms
[target_vision_2-3] VISION FPS=30.3
[target_vision_2-3] VISION PERF read=15.8ms detect=225.3ms/detect post=3.2ms display=14.3ms
[target_vision_2-3] Library QUIRC is not linked. No decoding is performed. Take it to the OpenCV repository.
[target_vision_2-3] VISION FPS=30.2
[target_vision_2-3] Library QUIRC is not linked. No decoding is performed. Take it to the OpenCV repository.
[target_vision_2-3] VISION PERF read=16.7ms detect=187.5ms/detect post=2.9ms display=13.6ms
[target_vision_2-3] VISION FPS=30.2
[target_vision_2-3] Library QUIRC is not linked. No decoding is performed. Take it to the OpenCV repository.
[target_vision_2-3] VISION PERF read=17.0ms detect=182.6ms/detect post=3.1ms display=13.1ms
[target_vision_2-3] VISION FPS=30.1
[target_vision_2-3] Library QUIRC is not linked. No decoding is performed. Take it to the OpenCV repository.
[target_vision_2-3] VISION PERF read=16.7ms detect=186.0ms/detect post=3.1ms display=13.4ms
[target_vision_2-3] VISION FPS=30.0
[target_vision_2-3] Library QUIRC is not linked. No decoding is performed. Take it to the OpenCV repository.
[target_vision_2-3] VISION PERF read=17.0ms detect=183.7ms/detect post=3.3ms display=13.0ms
[target_vision_2-3] VISION FPS=30.0
[target_vision_2-3] VISION PERF read=16.7ms detect=184.3ms/detect post=3.1ms display=13.4ms
[target_vision_2-3] VISION FPS=30.2
[target_vision_2-3] Library QUIRC is not linked. No decoding is performed. Take it to the OpenCV repository.
[target_vision_2-3] Library QUIRC is not linked. No decoding is performed. Take it to the OpenCV repository.
[target_vision_2-3] VISION PERF read=16.8ms detect=186.1ms/detect post=3.1ms display=13.4ms
[target_vision_2-3] VISION FPS=29.9
[target_vision_2-3] VISION PERF read=17.3ms detect=179.0ms/detect post=2.9ms display=12.9ms
[target_vision_2-3] Library QUIRC is not linked. No decoding is performed. Take it to the OpenCV repository.
[target_vision_2-3] VISION FPS=30.0
[target_vision_2-3] VISION PERF read=17.3ms detect=183.1ms/detect post=2.9ms display=13.1ms
[target_vision_2-3] VISION FPS=30.0
[target_vision_2-3] Library QUIRC is not linked. No decoding is performed. Take it to the OpenCV repository.
[target_vision_2-3] VISION PERF read=17.5ms detect=180.7ms/detect post=2.8ms display=12.9ms
[target_vision_2-3] Library QUIRC is not linked. No decoding is performed. Take it to the OpenCV repository.
[target_vision_2-3] VISION FPS=30.0
[target_vision_2-3] Library QUIRC is not linked. No decoding is performed. Take it to the OpenCV repository.
[target_vision_2-3] VISION PERF read=17.2ms detect=187.9ms/detect post=2.8ms display=13.2ms
[target_vision_2-3] Library QUIRC is not linked. No decoding is performed. Take it to the OpenCV repository.
[target_vision_2-3] Library QUIRC is not linked. No decoding is performed. Take it to the OpenCV repository.
[target_vision_2-3] VISION FPS=30.0
[target_vision_2-3] Library QUIRC is not linked. No decoding is performed. Take it to the OpenCV repository.
[target_vision_2-3] VISION PERF read=17.5ms detect=176.8ms/detect post=3.0ms display=12.7ms
[target_vision_2-3] Library QUIRC is not linked. No decoding is performed. Take it to the OpenCV repository.
[target_vision_2-3] VISION FPS=30.0
[target_vision_2-3] Library QUIRC is not linked. No decoding is performed. Take it to the OpenCV repository.
[target_vision_2-3] VISION PERF read=18.2ms detect=165.3ms/detect post=2.8ms display=12.2ms
[target_vision_2-3] Library QUIRC is not linked. No decoding is performed. Take it to the OpenCV repository.
[target_vision_2-3] VISION FPS=29.9
[target_vision_2-3] Library QUIRC is not linked. No decoding is performed. Take it to the OpenCV repository.
[target_vision_2-3] VISION PERF read=17.9ms detect=156.6ms/detect post=2.8ms display=12.5ms
[target_vision_2-3] VISION FPS=30.1
[target_vision_2-3] VISION PERF read=18.1ms detect=153.2ms/detect post=2.7ms display=12.5ms
[target_vision_2-3] Library QUIRC is not linked. No decoding is performed. Take it to the OpenCV repository.
[target_vision_2-3] VISION FPS=29.9
[target_vision_2-3] Library QUIRC is not linked. No decoding is performed. Take it to the OpenCV repository.
[target_vision_2-3] VISION PERF read=18.2ms detect=154.7ms/detect post=2.6ms display=12.4ms
[target_vision_2-3] VISION FPS=30.0
[target_vision_2-3] VISION PERF read=18.0ms detect=151.9ms/detect post=2.8ms display=12.4ms
[target_vision_2-3] VISION FPS=29.7
[target_vision_2-3] VISION PERF read=17.9ms detect=153.9ms/detect post=2.8ms display=12.4ms
[target_vision_2-3] VISION FPS=30.1
[target_vision_2-3] Library QUIRC is not linked. No decoding is performed. Take it to the OpenCV repository.
[target_vision_2-3] VISION PERF read=18.2ms detect=153.1ms/detect post=2.7ms display=12.3ms
[target_vision_2-3] VISION FPS=30.1
[target_vision_2-3] Library QUIRC is not linked. No decoding is performed. Take it to the OpenCV repository.
[target_vision_2-3] VISION PERF read=18.3ms detect=152.3ms/detect post=2.6ms display=12.3ms
[target_vision_2-3] VISION FPS=29.9
[target_vision_2-3] Library QUIRC is not linked. No decoding is performed. Take it to the OpenCV repository.
[target_vision_2-3] VISION PERF read=18.4ms detect=152.9ms/detect post=2.7ms display=12.1ms
[target_vision_2-3] VISION FPS=30.0
[target_vision_2-3] Library QUIRC is not linked. No decoding is performed. Take it to the OpenCV repository.
[target_vision_2-3] VISION PERF read=18.2ms detect=153.3ms/detect post=2.7ms display=12.4ms
[target_vision_2-3] VISION FPS=30.0
[target_vision_2-3] VISION PERF read=17.9ms detect=153.5ms/detect post=2.8ms display=12.4ms
[target_vision_2-3] VISION FPS=30.0
[target_vision_2-3] VISION PERF read=18.2ms detect=154.1ms/detect post=2.7ms display=12.3ms
[target_vision_2-3] Library QUIRC is not linked. No decoding is performed. Take it to the OpenCV repository.
[target_vision_2-3] VISION FPS=30.2
[target_vision_2-3] VISION PERF read=17.8ms detect=155.2ms/detect post=2.7ms display=12.7ms
[target_vision_2-3] Library QUIRC is not linked. No decoding is performed. Take it to the OpenCV repository.
[target_vision_2-3] VISION FPS=30.0
[target_vision_2-3] VISION PERF read=17.8ms detect=155.0ms/detect post=2.6ms display=12.8ms
[target_vision_2-3] VISION FPS=30.0
[target_vision_2-3] Library QUIRC is not linked. No decoding is performed. Take it to the OpenCV repository.
[target_vision_2-3] Library QUIRC is not linked. No decoding is performed. Take it to the OpenCV repository.
[target_vision_2-3] VISION PERF read=18.0ms detect=156.4ms/detect post=2.7ms display=12.6ms
[target_vision_2-3] Library QUIRC is not linked. No decoding is performed. Take it to the OpenCV repository.
[target_vision_2-3] Library QUIRC is not linked. No decoding is performed. Take it to the OpenCV repository.
[target_vision_2-3] VISION FPS=30.0
[target_vision_2-3] VISION PERF read=17.8ms detect=156.9ms/detect post=2.7ms display=12.7ms
[target_vision_2-3] VISION FPS=30.1
[target_vision_2-3] VISION PERF read=17.7ms detect=156.8ms/detect post=2.6ms display=13.0ms
[target_vision_2-3] VISION FPS=30.0
[target_vision_2-3] VISION PERF read=17.9ms detect=155.8ms/detect post=2.7ms display=12.6ms
[target_vision_2-3] VISION FPS=30.0
[target_vision_2-3] VISION PERF read=17.9ms detect=156.0ms/detect post=2.5ms display=12.7ms
[target_vision_2-3] VISION FPS=30.2
[target_vision_2-3] Library QUIRC is not linked. No decoding is performed. Take it to the OpenCV repository.
[target_vision_2-3] VISION PERF read=18.0ms detect=157.3ms/detect post=2.6ms display=12.6ms
[target_vision_2-3] VISION FPS=30.0
[target_vision_2-3] VISION PERF read=17.9ms detect=155.5ms/detect post=2.6ms display=12.8ms
[target_vision_2-3] Library QUIRC is not linked. No decoding is performed. Take it to the OpenCV repository.
[target_vision_2-3] VISION FPS=30.0
[target_vision_2-3] Library QUIRC is not linked. No decoding is performed. Take it to the OpenCV repository.
[target_vision_2-3] Library QUIRC is not linked. No decoding is performed. Take it to the OpenCV repository.
[target_vision_2-3] VISION PERF read=17.5ms detect=158.2ms/detect post=2.7ms display=13.0ms
[target_vision_2-3] VISION FPS=29.9
[target_vision_2-3] VISION PERF read=18.0ms detect=155.7ms/detect post=2.8ms display=12.5ms
[target_vision_2-3] VISION FPS=30.1
[target_vision_2-3] Library QUIRC is not linked. No decoding is performed. Take it to the OpenCV repository.
[target_vision_2-3] VISION PERF read=18.2ms detect=157.2ms/detect post=2.5ms display=12.6ms
[target_vision_2-3] VISION FPS=30.0
[target_vision_2-3] VISION PERF read=17.9ms detect=157.2ms/detect post=2.7ms display=12.5ms
[target_vision_2-3] VISION FPS=30.0
[target_vision_2-3] VISION PERF read=17.9ms detect=154.3ms/detect post=2.7ms display=12.7ms
[target_vision_2-3] VISION FPS=30.0
[target_vision_2-3] VISION PERF read=18.0ms detect=155.4ms/detect post=2.7ms display=12.4ms
[target_vision_2-3] VISION FPS=29.9
[target_vision_2-3] VISION PERF read=18.1ms detect=156.6ms/detect post=2.7ms display=12.4ms
[target_vision_2-3] VISION FPS=30.1
[target_vision_2-3] VISION PERF read=18.0ms detect=154.3ms/detect post=2.7ms display=12.5ms
[target_vision_2-3] VISION FPS=30.0
[target_vision_2-3] VISION PERF read=18.1ms detect=155.6ms/detect post=2.7ms display=12.4ms
[target_vision_2-3] VISION FPS=30.0
[target_vision_2-3] VISION PERF read=17.7ms detect=155.3ms/detect post=2.8ms display=12.7ms
[target_vision_2-3] VISION FPS=29.9
[target_vision_2-3] VISION PERF read=17.9ms detect=156.0ms/detect post=2.6ms display=12.7ms
[target_vision_2-3] VISION FPS=29.9
[target_vision_2-3] Library QUIRC is not linked. No decoding is performed. Take it to the OpenCV repository.
[target_vision_2-3] Library QUIRC is not linked. No decoding is performed. Take it to the OpenCV repository.
[target_vision_2-3] VISION PERF read=17.9ms detect=156.4ms/detect post=2.7ms display=12.6ms
[target_vision_2-3] VISION FPS=29.9
[target_vision_2-3] VISION PERF read=18.3ms detect=156.5ms/detect post=2.7ms display=12.2ms
[target_vision_2-3] VISION FPS=29.9
[target_vision_2-3] VISION PERF read=18.2ms detect=156.7ms/detect post=2.7ms display=12.3ms
[target_vision_2-3] VISION FPS=29.8
[target_vision_2-3] VISION PERF read=18.1ms detect=157.1ms/detect post=2.6ms display=12.5ms
[target_vision_2-3] VISION FPS=30.0
[target_vision_2-3] VISION PERF read=18.0ms detect=157.7ms/detect post=2.6ms display=12.6ms
[target_vision_2-3] VISION FPS=30.2
[target_vision_2-3] VISION PERF read=18.2ms detect=156.9ms/detect post=2.7ms display=12.4ms
[target_vision_2-3] VISION FPS=30.1
[target_vision_2-3] VISION PERF read=18.1ms detect=157.0ms/detect post=2.8ms display=12.3ms
[target_vision_2-3] VISION FPS=29.8
[target_vision_2-3] Library QUIRC is not linked. No decoding is performed. Take it to the OpenCV repository.
[target_vision_2-3] VISION PERF read=17.9ms detect=158.2ms/detect post=2.6ms display=12.6ms
[target_vision_2-3] VISION FPS=30.1
[target_vision_2-3] VISION PERF read=18.1ms detect=157.1ms/detect post=2.6ms display=12.6ms
[target_vision_2-3] VISION FPS=30.0
[target_vision_2-3] VISION PERF read=18.1ms detect=156.5ms/detect post=2.6ms display=12.5ms
[target_vision_2-3] VISION FPS=30.0
[target_vision_2-3] VISION PERF read=18.2ms detect=156.2ms/detect post=2.6ms display=12.3ms
[target_vision_2-3] VISION FPS=30.0
[target_vision_2-3] VISION PERF read=18.3ms detect=154.2ms/detect post=2.7ms display=12.3ms
[target_vision_2-3] VISION FPS=30.2
[target_vision_2-3] VISION PERF read=18.0ms detect=155.2ms/detect post=2.7ms display=12.5ms
[target_vision_2-3] VISION FPS=30.2
[target_vision_2-3] VISION PERF read=18.0ms detect=155.1ms/detect post=2.6ms display=12.6ms
[target_vision_2-3] Library QUIRC is not linked. No decoding is performed. Take it to the OpenCV repository.
[target_vision_2-3] VISION FPS=30.2
[target_vision_2-3] Library QUIRC is not linked. No decoding is performed. Take it to the OpenCV repository.
[target_vision_2-3] Library QUIRC is not linked. No decoding is performed. Take it to the OpenCV repository.
[target_vision_2-3] VISION PERF read=18.1ms detect=159.7ms/detect post=2.5ms display=12.6ms
[target_vision_2-3] VISION FPS=29.9
[target_vision_2-3] VISION PERF read=18.2ms detect=157.1ms/detect post=2.7ms display=12.4ms
[target_vision_2-3] VISION FPS=30.0
[target_vision_2-3] VISION PERF read=18.3ms detect=157.5ms/detect post=2.6ms display=12.4ms
[target_vision_2-3] VISION FPS=30.0
[target_vision_2-3] Library QUIRC is not linked. No decoding is performed. Take it to the OpenCV repository.
[target_vision_2-3] VISION PERF read=18.0ms detect=156.9ms/detect post=2.7ms display=12.6ms
[target_vision_2-3] VISION FPS=30.1
[target_vision_2-3] VISION PERF read=18.2ms detect=156.1ms/detect post=2.7ms display=12.3ms
[target_vision_2-3] VISION FPS=30.0
[target_vision_2-3] VISION PERF read=17.9ms detect=156.7ms/detect post=2.8ms display=12.5ms
[target_vision_2-3] VISION FPS=30.2
[target_vision_2-3] VISION PERF read=18.1ms detect=156.8ms/detect post=2.7ms display=12.5ms
[target_vision_2-3] VISION FPS=29.9
[target_vision_2-3] VISION PERF read=18.0ms detect=158.4ms/detect post=2.6ms display=12.7ms
[target_vision_2-3] VISION FPS=30.0
[target_vision_2-3] VISION PERF read=18.1ms detect=158.3ms/detect post=2.6ms display=12.5ms
[target_vision_2-3] VISION FPS=30.2
[target_vision_2-3] VISION PERF read=17.9ms detect=157.2ms/detect post=2.8ms display=12.6ms
[target_vision_2-3] VISION FPS=30.1
[target_vision_2-3] Library QUIRC is not linked. No decoding is performed. Take it to the OpenCV repository.
[target_vision_2-3] VISION PERF read=17.9ms detect=158.4ms/detect post=2.6ms display=12.7ms
[target_vision_2-3] VISION FPS=30.0
[target_vision_2-3] Library QUIRC is not linked. No decoding is performed. Take it to the OpenCV repository.
[target_vision_2-3] VISION PERF read=18.1ms detect=157.7ms/detect post=2.6ms display=12.6ms
[target_vision_2-3] VISION FPS=29.9
[target_vision_2-3] VISION PERF read=17.8ms detect=157.6ms/detect post=2.7ms display=12.7ms
[target_vision_2-3] VISION FPS=30.1
[target_vision_2-3] Library QUIRC is not linked. No decoding is performed. Take it to the OpenCV repository.
[target_vision_2-3] VISION PERF read=18.4ms detect=158.6ms/detect post=2.6ms display=12.2ms
[target_vision_2-3] VISION FPS=29.9
[target_vision_2-3] Library QUIRC is not linked. No decoding is performed. Take it to the OpenCV repository.
[target_vision_2-3] VISION PERF read=18.3ms detect=157.4ms/detect post=2.7ms display=12.2ms
[target_vision_2-3] VISION FPS=30.1
[target_vision_2-3] VISION PERF read=18.2ms detect=157.0ms/detect post=2.5ms display=12.4ms
[target_vision_2-3] VISION FPS=30.0
[target_vision_2-3] VISION PERF read=18.3ms detect=156.6ms/detect post=2.6ms display=12.4ms
[target_vision_2-3] VISION FPS=30.1
[target_vision_2-3] VISION PERF read=18.2ms detect=157.6ms/detect post=2.6ms display=12.4ms
[target_vision_2-3] VISION FPS=30.0
[target_vision_2-3] Library QUIRC is not linked. No decoding is performed. Take it to the OpenCV repository.
[target_vision_2-3] VISION PERF read=18.2ms detect=157.8ms/detect post=2.8ms display=12.2ms
[target_vision_2-3] VISION FPS=30.0
[target_vision_2-3] VISION PERF read=17.7ms detect=154.3ms/detect post=2.6ms display=12.8ms
[target_vision_2-3] VISION FPS=30.0
[target_vision_2-3] VISION PERF read=17.7ms detect=153.3ms/detect post=2.7ms display=12.8ms
[target_vision_2-3] VISION FPS=30.1
[target_vision_2-3] VISION PERF read=18.1ms detect=153.0ms/detect post=2.6ms display=12.5ms
[target_vision_2-3] VISION FPS=30.0
[target_vision_2-3] VISION PERF read=17.8ms detect=155.9ms/detect post=2.8ms display=12.6ms
[target_vision_2-3] VISION FPS=30.0
[target_vision_2-3] Library QUIRC is not linked. No decoding is performed. Take it to the OpenCV repository.
[target_vision_2-3] VISION PERF read=17.7ms detect=162.4ms/detect post=2.9ms display=12.7ms
[target_vision_2-3] VISION FPS=30.1
[target_vision_2-3] Library QUIRC is not linked. No decoding is performed. Take it to the OpenCV repository.
[target_vision_2-3] VISION PERF read=18.1ms detect=177.8ms/detect post=2.5ms display=12.6ms
[target_vision_2-3] VISION FPS=30.0
[target_vision_2-3] VISION PERF read=18.0ms detect=163.5ms/detect post=2.4ms display=12.8ms
[target_vision_2-3] VISION FPS=29.9
[target_vision_2-3] VISION PERF read=17.1ms detect=175.6ms/detect post=2.9ms display=13.2ms
[target_vision_2-3] Library QUIRC is not linked. No decoding is performed. Take it to the OpenCV repository.
[target_vision_2-3] VISION FPS=30.0
[target_vision_2-3] VISION PERF read=16.5ms detect=203.4ms/detect post=3.0ms display=13.8ms
[target_vision_2-3] VISION FPS=30.1
[target_vision_2-3] VISION PERF read=15.4ms detect=219.3ms/detect post=3.3ms display=14.5ms
[target_vision_2-3] VISION FPS=30.0
[target_vision_2-3] VISION PERF read=16.2ms detect=203.1ms/detect post=3.1ms display=14.0ms
[target_vision_2-3] VISION FPS=30.3
[target_vision_2-3] Library QUIRC is not linked. No decoding is performed. Take it to the OpenCV repository.
[target_vision_2-3] VISION PERF read=15.8ms detect=206.8ms/detect post=3.5ms display=14.0ms
[target_vision_2-3] VISION FPS=30.0
[target_vision_2-3] Library QUIRC is not linked. No decoding is performed. Take it to the OpenCV repository.
[target_vision_2-3] Library QUIRC is not linked. No decoding is performed. Take it to the OpenCV repository.
[target_vision_2-3] VISION PERF read=16.2ms detect=203.1ms/detect post=3.3ms display=13.7ms
[target_vision_2-3] VISION FPS=30.2
[target_vision_2-3] VISION PERF read=16.3ms detect=200.2ms/detect post=3.3ms display=13.6ms
[target_vision_2-3] Library QUIRC is not linked. No decoding is performed. Take it to the OpenCV repository.
[target_vision_2-3] VISION FPS=29.9
[target_vision_2-3] VISION PERF read=15.6ms detect=215.1ms/detect post=3.6ms display=14.0ms
[target_vision_2-3] VISION FPS=30.2
[target_vision_2-3] VISION PERF read=16.1ms detect=205.0ms/detect post=3.1ms display=14.0ms
[target_vision_2-3] Library QUIRC is not linked. No decoding is performed. Take it to the OpenCV repository.
[target_vision_2-3] VISION FPS=30.0
[target_vision_2-3] Library QUIRC is not linked. No decoding is performed. Take it to the OpenCV repository.
[target_vision_2-3] VISION PERF read=16.6ms detect=200.7ms/detect post=2.9ms display=13.7ms
[target_vision_2-3] VISION FPS=30.2
[target_vision_2-3] VISION PERF read=16.5ms detect=195.6ms/detect post=2.8ms display=13.8ms
[target_vision_2-3] VISION FPS=30.0
[target_vision_2-3] VISION PERF read=16.6ms detect=198.5ms/detect post=2.9ms display=13.8ms
[target_vision_2-3] Library QUIRC is not linked. No decoding is performed. Take it to the OpenCV repository.
[target_vision_2-3] VISION FPS=29.9
[target_vision_2-3] VISION PERF read=16.1ms detect=201.2ms/detect post=3.0ms display=14.0ms
[target_vision_2-3] Library QUIRC is not linked. No decoding is performed. Take it to the OpenCV repository.
[target_vision_2-3] VISION FPS=29.7
[target_vision_2-3] Library QUIRC is not linked. No decoding is performed. Take it to the OpenCV repository.
[target_vision_2-3] VISION PERF read=16.1ms detect=204.6ms/detect post=3.0ms display=14.1ms
[target_vision_2-3] VISION FPS=29.4
[target_vision_2-3] VISION PERF read=16.2ms detect=199.9ms/detect post=3.2ms display=13.9ms
[target_vision_2-3] VISION FPS=29.8
[target_vision_2-3] Library QUIRC is not linked. No decoding is performed. Take it to the OpenCV repository.
[target_vision_2-3] VISION PERF read=15.9ms detect=201.5ms/detect post=3.4ms display=13.9ms
[target_vision_2-3] VISION FPS=30.0
[target_vision_2-3] Library QUIRC is not linked. No decoding is performed. Take it to the OpenCV repository.
[target_vision_2-3] VISION PERF read=16.6ms detect=198.6ms/detect post=3.1ms display=13.5ms
[target_vision_2-3] VISION FPS=29.9
[target_vision_2-3] VISION PERF read=16.8ms detect=195.5ms/detect post=3.0ms display=13.4ms
[target_vision_2-3] VISION FPS=30.2
[target_vision_2-3] VISION PERF read=17.1ms detect=192.7ms/detect post=3.0ms display=13.2ms
[target_vision_2-3] VISION FPS=30.0
[target_vision_2-3] Library QUIRC is not linked. No decoding is performed. Take it to the OpenCV repository.
[target_vision_2-3] VISION PERF read=16.7ms detect=196.5ms/detect post=3.0ms display=13.5ms
[target_vision_2-3] VISION FPS=30.1
[target_vision_2-3] Library QUIRC is not linked. No decoding is performed. Take it to the OpenCV repository.
[target_vision_2-3] VISION PERF read=16.3ms detect=194.6ms/detect post=3.4ms display=13.5ms
[target_vision_2-3] Library QUIRC is not linked. No decoding is performed. Take it to the OpenCV repository.
[target_vision_2-3] VISION FPS=29.9
[target_vision_2-3] VISION PERF read=16.5ms detect=196.3ms/detect post=3.2ms display=13.5ms
[target_vision_2-3] Library QUIRC is not linked. No decoding is performed. Take it to the OpenCV repository.
[target_vision_2-3] VISION FPS=29.8
[target_vision_2-3] Library QUIRC is not linked. No decoding is performed. Take it to the OpenCV repository.
[target_vision_2-3] VISION PERF read=16.6ms detect=200.6ms/detect post=3.2ms display=13.4ms
[target_vision_2-3] Library QUIRC is not linked. No decoding is performed. Take it to the OpenCV repository.
[target_vision_2-3] VISION FPS=30.0
[target_vision_2-3] Library QUIRC is not linked. No decoding is performed. Take it to the OpenCV repository.
[target_vision_2-3] VISION PERF read=16.3ms detect=200.7ms/detect post=3.5ms display=13.5ms
[target_vision_2-3] VISION FPS=30.0
[target_vision_2-3] Library QUIRC is not linked. No decoding is performed. Take it to the OpenCV repository.
[target_vision_2-3] VISION PERF read=16.3ms detect=198.9ms/detect post=3.3ms display=13.7ms
[target_vision_2-3] VISION FPS=30.0
[target_vision_2-3] Library QUIRC is not linked. No decoding is performed. Take it to the OpenCV repository.
[target_vision_2-3] VISION PERF read=15.9ms detect=204.8ms/detect post=3.5ms display=13.8ms
[target_vision_2-3] VISION FPS=29.8
[target_vision_2-3] Library QUIRC is not linked. No decoding is performed. Take it to the OpenCV repository.
[target_vision_2-3] VISION PERF read=17.0ms detect=184.1ms/detect post=2.7ms display=13.6ms
[target_vision_2-3] VISION FPS=30.0
[target_vision_2-3] VISION PERF read=17.9ms detect=195.0ms/detect post=2.5ms display=12.8ms
[target_vision_2-3] Library QUIRC is not linked. No decoding is performed. Take it to the OpenCV repository.
[target_vision_2-3] VISION FPS=29.9
[target_vision_2-3] VISION PERF read=18.0ms detect=184.6ms/detect post=2.5ms display=12.8ms
[target_vision_2-3] Library QUIRC is not linked. No decoding is performed. Take it to the OpenCV repository.
[target_vision_2-3] VISION FPS=30.1
[target_vision_2-3] Library QUIRC is not linked. No decoding is performed. Take it to the OpenCV repository.
[target_vision_2-3] Library QUIRC is not linked. No decoding is performed. Take it to the OpenCV repository.
[target_vision_2-3] VISION PERF read=18.3ms detect=199.6ms/detect post=2.4ms display=12.5ms
[target_vision_2-3] VISION FPS=30.0
[target_vision_2-3] Library QUIRC is not linked. No decoding is performed. Take it to the OpenCV repository.
[target_vision_2-3] VISION PERF read=18.1ms detect=186.9ms/detect post=2.5ms display=12.8ms
[target_vision_2-3] VISION FPS=30.0
[target_vision_2-3] Library QUIRC is not linked. No decoding is performed. Take it to the OpenCV repository.
[target_vision_2-3] VISION PERF read=17.6ms detect=172.2ms/detect post=2.5ms display=13.0ms
[target_vision_2-3] Library QUIRC is not linked. No decoding is performed. Take it to the OpenCV repository.
[target_vision_2-3] VISION FPS=30.2
[target_vision_2-3] VISION PERF read=18.4ms detect=167.5ms/detect post=2.6ms display=12.3ms
[target_vision_2-3] Library QUIRC is not linked. No decoding is performed. Take it to the OpenCV repository.
[target_vision_2-3] VISION FPS=30.0
[target_vision_2-3] Library QUIRC is not linked. No decoding is performed. Take it to the OpenCV repository.
[target_vision_2-3] VISION PERF read=17.9ms detect=177.2ms/detect post=2.7ms display=12.7ms
[target_vision_2-3] VISION FPS=30.0
[target_vision_2-3] VISION PERF read=18.3ms detect=166.8ms/detect post=2.5ms display=12.4ms
[target_vision_2-3] VISION FPS=30.0
[target_vision_2-3] VISION PERF read=18.2ms detect=167.3ms/detect post=2.5ms display=12.5ms
[target_vision_2-3] Library QUIRC is not linked. No decoding is performed. Take it to the OpenCV repository.
[target_vision_2-3] VISION FPS=30.0
[target_vision_2-3] Library QUIRC is not linked. No decoding is performed. Take it to the OpenCV repository.
[target_vision_2-3] VISION PERF read=18.1ms detect=169.8ms/detect post=2.5ms display=12.7ms
[target_vision_2-3] VISION FPS=29.9
[target_vision_2-3] VISION PERF read=18.2ms detect=165.2ms/detect post=2.6ms display=12.4ms
[target_vision_2-3] VISION FPS=30.0
[target_vision_2-3] Library QUIRC is not linked. No decoding is performed. Take it to the OpenCV repository.
[target_vision_2-3] VISION PERF read=18.2ms detect=160.4ms/detect post=2.7ms display=12.3ms
[target_vision_2-3] Library QUIRC is not linked. No decoding is performed. Take it to the OpenCV repository.
[target_vision_2-3] Library QUIRC is not linked. No decoding is performed. Take it to the OpenCV repository.
[target_vision_2-3] VISION FPS=30.1
[target_vision_2-3] Library QUIRC is not linked. No decoding is performed. Take it to the OpenCV repository.
[target_vision_2-3] Library QUIRC is not linked. No decoding is performed. Take it to the OpenCV repository.
[target_vision_2-3] Library QUIRC is not linked. No decoding is performed. Take it to the OpenCV repository.
[target_vision_2-3] Library QUIRC is not linked. No decoding is performed. Take it to the OpenCV repository.
[target_vision_2-3] VISION PERF read=18.3ms detect=162.9ms/detect post=2.6ms display=12.3ms
[target_vision_2-3] VISION FPS=30.1
[target_vision_2-3] VISION PERF read=18.4ms detect=162.9ms/detect post=2.7ms display=12.2ms
[target_vision_2-3] Library QUIRC is not linked. No decoding is performed. Take it to the OpenCV repository.
[target_vision_2-3] VISION FPS=29.9
[target_vision_2-3] Library QUIRC is not linked. No decoding is performed. Take it to the OpenCV repository.
[target_vision_2-3] VISION PERF read=16.6ms detect=187.3ms/detect post=3.2ms display=13.4ms
[target_vision_2-3] VISION FPS=30.0
[target_vision_2-3] VISION PERF read=16.3ms detect=192.0ms/detect post=3.5ms display=13.5ms
[target_vision_2-3] Library QUIRC is not linked. No decoding is performed. Take it to the OpenCV repository.
[target_vision_2-3] VISION FPS=30.0
[target_vision_2-3] Library QUIRC is not linked. No decoding is performed. Take it to the OpenCV repository.
[target_vision_2-3] VISION PERF read=16.6ms detect=195.2ms/detect post=3.6ms display=13.1ms
[target_vision_2-3] VISION FPS=30.3
[target_vision_2-3] VISION PERF read=16.1ms detect=203.5ms/detect post=3.4ms display=13.8ms
[target_vision_2-3] VISION FPS=30.2
[target_vision_2-3] VISION PERF read=15.1ms detect=231.8ms/detect post=3.8ms display=14.4ms
[target_vision_2-3] VISION FPS=30.1
[target_vision_2-3] VISION PERF read=15.8ms detect=228.1ms/detect post=3.0ms display=14.4ms
[target_vision_2-3] Library QUIRC is not linked. No decoding is performed. Take it to the OpenCV repository.
[target_vision_2-3] VISION FPS=29.7
[target_vision_2-3] VISION PERF read=16.7ms detect=198.0ms/detect post=3.0ms display=13.6ms
[target_vision_2-3] VISION FPS=29.9
[target_vision_2-3] VISION PERF read=16.2ms detect=197.9ms/detect post=3.2ms display=13.8ms
[target_vision_2-3] VISION FPS=30.0
[target_vision_2-3] VISION PERF read=17.4ms detect=194.1ms/detect post=3.2ms display=12.8ms
[target_vision_2-3] VISION FPS=30.0
[target_vision_2-3] Library QUIRC is not linked. No decoding is performed. Take it to the OpenCV repository.
[target_vision_2-3] Library QUIRC is not linked. No decoding is performed. Take it to the OpenCV repository.
[target_vision_2-3] Library QUIRC is not linked. No decoding is performed. Take it to the OpenCV repository.
[target_vision_2-3] VISION PERF read=16.4ms detect=196.1ms/detect post=3.5ms display=13.3ms
[target_vision_2-3] Library QUIRC is not linked. No decoding is performed. Take it to the OpenCV repository.
[target_vision_2-3] VISION FPS=30.0
[target_vision_2-3] Library QUIRC is not linked. No decoding is performed. Take it to the OpenCV repository.
[target_vision_2-3] Library QUIRC is not linked. No decoding is performed. Take it to the OpenCV repository.
[target_vision_2-3] VISION PERF read=16.5ms detect=201.9ms/detect post=3.3ms display=13.5ms
[target_vision_2-3] VISION FPS=30.0
[target_vision_2-3] VISION PERF read=16.9ms detect=190.0ms/detect post=3.1ms display=13.2ms
[target_vision_2-3] VISION FPS=30.0
[target_vision_2-3] VISION PERF read=16.8ms detect=191.2ms/detect post=3.1ms display=13.3ms
[target_vision_2-3] VISION FPS=30.1
[target_vision_2-3] VISION PERF read=16.9ms detect=192.6ms/detect post=3.1ms display=13.3ms
[target_vision_2-3] Library QUIRC is not linked. No decoding is performed. Take it to the OpenCV repository.
[target_vision_2-3] VISION FPS=30.0
[target_vision_2-3] Library QUIRC is not linked. No decoding is performed. Take it to the OpenCV repository.
[target_vision_2-3] VISION PERF read=16.6ms detect=190.9ms/detect post=3.3ms display=13.3ms
[target_vision_2-3] VISION FPS=29.9
[target_vision_2-3] Library QUIRC is not linked. No decoding is performed. Take it to the OpenCV repository.
[target_vision_2-3] Library QUIRC is not linked. No decoding is performed. Take it to the OpenCV repository.
[target_vision_2-3] VISION PERF read=16.5ms detect=200.7ms/detect post=3.3ms display=13.4ms
[target_vision_2-3] VISION FPS=30.2
[target_vision_2-3] Library QUIRC is not linked. No decoding is performed. Take it to the OpenCV repository.
[target_vision_2-3] VISION PERF read=16.3ms detect=196.1ms/detect post=3.5ms display=13.5ms
[target_vision_2-3] VISION FPS=29.9
[target_vision_2-3] Library QUIRC is not linked. No decoding is performed. Take it to the OpenCV repository.
[target_vision_2-3] VISION PERF read=16.7ms detect=192.7ms/detect post=3.5ms display=13.0ms
[target_vision_2-3] Library QUIRC is not linked. No decoding is performed. Take it to the OpenCV repository.
[target_vision_2-3] VISION FPS=30.1
[target_vision_2-3] Library QUIRC is not linked. No decoding is performed. Take it to the OpenCV repository.
[target_vision_2-3] VISION PERF read=16.5ms detect=196.6ms/detect post=3.4ms display=13.3ms
[target_vision_2-3] VISION FPS=30.0
[target_vision_2-3] Library QUIRC is not linked. No decoding is performed. Take it to the OpenCV repository.
[target_vision_2-3] Library QUIRC is not linked. No decoding is performed. Take it to the OpenCV repository.
[target_vision_2-3] VISION PERF read=16.6ms detect=199.9ms/detect post=3.1ms display=13.5ms
[target_vision_2-3] VISION FPS=30.2
[target_vision_2-3] VISION PERF read=16.8ms detect=197.5ms/detect post=3.1ms display=13.3ms
[target_vision_2-3] VISION FPS=30.0
[target_vision_2-3] VISION PERF read=16.9ms detect=225.5ms/detect post=3.1ms display=13.3ms
[target_vision_2-3] VISION FPS=30.0
[target_vision_2-3] VISION PERF read=16.7ms detect=197.8ms/detect post=3.2ms display=13.4ms
[target_vision_2-3] VISION FPS=30.0
[target_vision_2-3] VISION PERF read=16.7ms detect=195.2ms/detect post=3.1ms display=13.4ms
[target_vision_2-3] VISION FPS=30.0
[target_vision_2-3] Library QUIRC is not linked. No decoding is performed. Take it to the OpenCV repository.
[target_vision_2-3] VISION PERF read=16.4ms detect=196.1ms/detect post=3.3ms display=13.5ms
[target_vision_2-3] VISION FPS=29.7
[target_vision_2-3] VISION PERF read=16.7ms detect=196.8ms/detect post=3.4ms display=13.2ms
[target_vision_2-3] VISION FPS=30.3
[target_vision_2-3] VISION PERF read=17.0ms detect=211.6ms/detect post=3.0ms display=13.2ms
[target_vision_2-3] VISION FPS=29.8
[target_vision_2-3] Library QUIRC is not linked. No decoding is performed. Take it to the OpenCV repository.
[target_vision_2-3] Library QUIRC is not linked. No decoding is performed. Take it to the OpenCV repository.
[target_vision_2-3] VISION PERF read=16.7ms detect=196.0ms/detect post=3.4ms display=13.3ms
[target_vision_2-3] VISION FPS=29.9
[target_vision_2-3] Library QUIRC is not linked. No decoding is performed. Take it to the OpenCV repository.
[target_vision_2-3] VISION PERF read=16.5ms detect=197.7ms/detect post=3.2ms display=13.4ms
[target_vision_2-3] VISION FPS=30.1
[target_vision_2-3] VISION PERF read=16.4ms detect=194.4ms/detect post=3.5ms display=13.4ms
[target_vision_2-3] VISION FPS=30.1
[target_vision_2-3] VISION PERF read=16.4ms detect=194.5ms/detect post=3.3ms display=13.5ms
[target_vision_2-3] VISION FPS=30.0
[target_vision_2-3] VISION PERF read=16.1ms detect=195.2ms/detect post=3.2ms display=13.9ms
[target_vision_2-3] VISION FPS=29.9
[target_vision_2-3] VISION PERF read=16.6ms detect=195.3ms/detect post=3.2ms display=13.4ms
[target_vision_2-3] Library QUIRC is not linked. No decoding is performed. Take it to the OpenCV repository.
[target_vision_2-3] VISION FPS=30.1
[target_vision_2-3] VISION PERF read=16.4ms detect=194.9ms/detect post=3.2ms display=13.6ms
[target_vision_2-3] VISION FPS=29.9
[target_vision_2-3] VISION PERF read=16.7ms detect=194.7ms/detect post=3.3ms display=13.3ms
[target_vision_2-3] VISION FPS=30.0
[target_vision_2-3] VISION PERF read=16.6ms detect=193.8ms/detect post=3.2ms display=13.3ms
[target_vision_2-3] VISION FPS=30.0
[target_vision_2-3] VISION PERF read=16.5ms detect=196.6ms/detect post=3.3ms display=13.5ms
[target_vision_2-3] Library QUIRC is not linked. No decoding is performed. Take it to the OpenCV repository.
[target_vision_2-3] VISION FPS=30.0
[target_vision_2-3] VISION PERF read=16.7ms detect=200.0ms/detect post=3.1ms display=13.4ms
[target_vision_2-3] VISION FPS=30.0
[target_vision_2-3] VISION PERF read=16.6ms detect=194.5ms/detect post=3.3ms display=13.3ms
[target_vision_2-3] VISION FPS=30.1
[target_vision_2-3] VISION PERF read=16.7ms detect=199.6ms/detect post=3.2ms display=13.3ms
[target_vision_2-3] VISION FPS=30.1
[target_vision_2-3] Library QUIRC is not linked. No decoding is performed. Take it to the OpenCV repository.
[target_vision_2-3] VISION PERF read=16.5ms detect=197.8ms/detect post=3.3ms display=13.4ms
[target_vision_2-3] Library QUIRC is not linked. No decoding is performed. Take it to the OpenCV repository.
[target_vision_2-3] VISION FPS=29.9
[target_vision_2-3] Library QUIRC is not linked. No decoding is performed. Take it to the OpenCV repository.
[target_vision_2-3] VISION PERF read=16.6ms detect=204.3ms/detect post=3.2ms display=13.5ms
[target_vision_2-3] Library QUIRC is not linked. No decoding is performed. Take it to the OpenCV repository.
[target_vision_2-3] VISION FPS=30.0
[target_vision_2-3] Library QUIRC is not linked. No decoding is performed. Take it to the OpenCV repository.
[target_vision_2-3] VISION PERF read=16.6ms detect=197.8ms/detect post=3.2ms display=13.5ms
[target_vision_2-3] VISION FPS=30.0
[target_vision_2-3] VISION PERF read=16.6ms detect=197.3ms/detect post=3.3ms display=13.4ms
[target_vision_2-3] VISION FPS=30.3
[target_vision_2-3] VISION PERF read=16.6ms detect=195.6ms/detect post=3.2ms display=13.4ms
[target_vision_2-3] VISION FPS=29.9
[target_vision_2-3] VISION PERF read=16.1ms detect=196.4ms/detect post=3.4ms display=13.7ms
[target_vision_2-3] Library QUIRC is not linked. No decoding is performed. Take it to the OpenCV repository.
[target_vision_2-3] VISION FPS=30.0
[target_vision_2-3] Library QUIRC is not linked. No decoding is performed. Take it to the OpenCV repository.
[target_vision_2-3] Library QUIRC is not linked. No decoding is performed. Take it to the OpenCV repository.
[target_vision_2-3] Library QUIRC is not linked. No decoding is performed. Take it to the OpenCV repository.
[target_vision_2-3] VISION PERF read=16.4ms detect=199.2ms/detect post=3.4ms display=13.5ms
[target_vision_2-3] VISION FPS=29.9
[target_vision_2-3] VISION PERF read=16.2ms detect=195.6ms/detect post=3.0ms display=13.9ms
[target_vision_2-3] VISION FPS=30.0
[target_vision_2-3] VISION PERF read=16.5ms detect=195.4ms/detect post=3.3ms display=13.5ms
[target_vision_2-3] VISION FPS=30.0
[target_vision_2-3] Library QUIRC is not linked. No decoding is performed. Take it to the OpenCV repository.
[target_vision_2-3] VISION PERF read=16.8ms detect=195.1ms/detect post=3.1ms display=13.3ms
[target_vision_2-3] VISION FPS=30.0
[target_vision_2-3] VISION PERF read=16.2ms detect=195.5ms/detect post=3.3ms display=13.7ms
[target_vision_2-3] Library QUIRC is not linked. No decoding is performed. Take it to the OpenCV repository.
[target_vision_2-3] VISION FPS=30.0
[target_vision_2-3] VISION PERF read=16.6ms detect=195.9ms/detect post=3.3ms display=13.2ms
[target_vision_2-3] VISION FPS=30.1
[target_vision_2-3] VISION PERF read=16.5ms detect=195.4ms/detect post=3.3ms display=13.4ms
[target_vision_2-3] VISION FPS=30.0
[target_vision_2-3] VISION PERF read=16.3ms detect=195.7ms/detect post=3.4ms display=13.6ms
[target_vision_2-3] VISION FPS=30.1
[target_vision_2-3] VISION PERF read=16.6ms detect=195.8ms/detect post=3.2ms display=13.4ms
[target_vision_2-3] VISION FPS=29.9
[target_vision_2-3] Library QUIRC is not linked. No decoding is performed. Take it to the OpenCV repository.
[target_vision_2-3] VISION PERF read=16.8ms detect=198.2ms/detect post=3.4ms display=13.0ms
[target_vision_2-3] Library QUIRC is not linked. No decoding is performed. Take it to the OpenCV repository.
[target_vision_2-3] VISION FPS=30.1
[target_vision_2-3] Library QUIRC is not linked. No decoding is performed. Take it to the OpenCV repository.
[target_vision_2-3] VISION PERF read=16.6ms detect=197.0ms/detect post=3.4ms display=13.2ms
[target_vision_2-3] VISION FPS=30.0
[target_vision_2-3] Library QUIRC is not linked. No decoding is performed. Take it to the OpenCV repository.
[target_vision_2-3] VISION PERF read=16.6ms detect=197.5ms/detect post=3.2ms display=13.4ms
[target_vision_2-3] VISION FPS=30.0
[target_vision_2-3] VISION PERF read=16.3ms detect=197.4ms/detect post=3.1ms display=13.9ms
[target_vision_2-3] VISION FPS=30.1
[target_vision_2-3] VISION PERF read=16.5ms detect=196.4ms/detect post=3.5ms display=13.2ms
[target_vision_2-3] Library QUIRC is not linked. No decoding is performed. Take it to the OpenCV repository.
[target_vision_2-3] VISION FPS=30.2
[target_vision_2-3] VISION PERF read=16.5ms detect=195.3ms/detect post=3.2ms display=13.5ms
[target_vision_2-3] VISION FPS=30.0
[target_vision_2-3] VISION PERF read=16.7ms detect=195.0ms/detect post=3.3ms display=13.2ms
[target_vision_2-3] Library QUIRC is not linked. No decoding is performed. Take it to the OpenCV repository.
[target_vision_2-3] VISION FPS=30.0
[target_vision_2-3] VISION PERF read=16.6ms detect=195.8ms/detect post=3.3ms display=13.3ms
[target_vision_2-3] VISION FPS=30.2
[target_vision_2-3] VISION PERF read=16.5ms detect=195.6ms/detect post=3.2ms display=13.5ms
[target_vision_2-3] VISION FPS=30.2
[target_vision_2-3] Library QUIRC is not linked. No decoding is performed. Take it to the OpenCV repository.
[target_vision_2-3] VISION PERF read=16.4ms detect=198.5ms/detect post=3.3ms display=13.5ms
[target_vision_2-3] Library QUIRC is not linked. No decoding is performed. Take it to the OpenCV repository.
[target_vision_2-3] VISION FPS=30.1
[target_vision_2-3] Library QUIRC is not linked. No decoding is performed. Take it to the OpenCV repository.
[target_vision_2-3] VISION PERF read=14.2ms detect=216.0ms/detect post=3.3ms display=15.8ms
[target_vision_2-3] VISION FPS=30.0
[target_vision_2-3] VISION PERF read=15.0ms detect=226.6ms/detect post=3.2ms display=15.0ms
[target_vision_2-3] VISION FPS=30.0
[target_vision_2-3] VISION PERF read=14.7ms detect=215.7ms/detect post=3.5ms display=15.1ms
[target_vision_2-3] VISION FPS=30.0
[target_vision_2-3] VISION PERF read=14.7ms detect=212.1ms/detect post=3.4ms display=15.2ms
[target_vision_2-3] Library QUIRC is not linked. No decoding is performed. Take it to the OpenCV repository.
[target_vision_2-3] VISION FPS=30.0
[target_vision_2-3] VISION PERF read=14.5ms detect=219.1ms/detect post=3.6ms display=15.2ms
[target_vision_2-3] VISION FPS=30.3
[target_vision_2-3] VISION PERF read=14.2ms detect=218.6ms/detect post=3.5ms display=15.5ms
[target_vision_2-3] VISION FPS=30.0
[target_vision_2-3] Library QUIRC is not linked. No decoding is performed. Take it to the OpenCV repository.
[target_vision_2-3] VISION PERF read=14.2ms detect=219.1ms/detect post=3.2ms display=15.8ms
[target_vision_2-3] VISION FPS=29.9
[target_vision_2-3] Library QUIRC is not linked. No decoding is performed. Take it to the OpenCV repository.
[target_vision_2-3] VISION PERF read=14.5ms detect=216.6ms/detect post=3.5ms display=15.3ms
[target_vision_2-3] VISION FPS=30.0
[target_vision_2-3] VISION PERF read=14.5ms detect=214.5ms/detect post=3.5ms display=15.1ms
[target_vision_2-3] Library QUIRC is not linked. No decoding is performed. Take it to the OpenCV repository.
[target_vision_2-3] VISION FPS=30.0
[target_vision_2-3] VISION PERF read=19.2ms detect=172.1ms/detect post=3.0ms display=11.0ms
[target_vision_2-3] VISION FPS=30.0
[target_vision_2-3] Library QUIRC is not linked. No decoding is performed. Take it to the OpenCV repository.
[target_vision_2-3] VISION PERF read=19.5ms detect=170.3ms/detect post=3.0ms display=10.7ms
[target_vision_2-3] VISION FPS=30.3
[target_vision_2-3] VISION PERF read=19.6ms detect=167.0ms/detect post=3.0ms display=10.5ms
[target_vision_2-3] VISION FPS=30.1
[target_vision_2-3] VISION PERF read=19.7ms detect=168.0ms/detect post=3.0ms display=10.5ms
[target_vision_2-3] VISION FPS=30.0
[target_vision_2-3] Library QUIRC is not linked. No decoding is performed. Take it to the OpenCV repository.
[target_vision_2-3] VISION PERF read=19.0ms detect=171.2ms/detect post=3.2ms display=11.0ms
[target_vision_2-3] VISION FPS=30.0
[target_vision_2-3] VISION PERF read=18.7ms detect=175.0ms/detect post=2.9ms display=11.6ms
[target_vision_2-3] Library QUIRC is not linked. No decoding is performed. Take it to the OpenCV repository.
[target_vision_2-3] Library QUIRC is not linked. No decoding is performed. Take it to the OpenCV repository.
[target_vision_2-3] VISION FPS=30.0
[target_vision_2-3] VISION PERF read=18.4ms detect=177.5ms/detect post=3.0ms display=11.8ms
[target_vision_2-3] VISION FPS=29.9
[target_vision_2-3] VISION PERF read=18.1ms detect=183.0ms/detect post=3.3ms display=11.9ms
[target_vision_2-3] VISION FPS=30.1
[target_vision_2-3] VISION PERF read=17.3ms detect=185.7ms/detect post=3.5ms display=12.4ms
[target_vision_2-3] VISION FPS=29.9
[target_vision_2-3] Library QUIRC is not linked. No decoding is performed. Take it to the OpenCV repository.
[target_vision_2-3] VISION PERF read=16.9ms detect=188.9ms/detect post=3.5ms display=12.9ms
[target_vision_2-3] Library QUIRC is not linked. No decoding is performed. Take it to the OpenCV repository.
[target_vision_2-3] VISION FPS=30.0
[target_vision_2-3] VISION PERF read=16.9ms detect=188.3ms/detect post=3.2ms display=13.1ms
[target_vision_2-3] VISION FPS=30.0
[target_vision_2-3] Library QUIRC is not linked. No decoding is performed. Take it to the OpenCV repository.
[target_vision_2-3] Library QUIRC is not linked. No decoding is performed. Take it to the OpenCV repository.
[target_vision_2-3] VISION PERF read=16.6ms detect=190.5ms/detect post=3.4ms display=13.2ms
[target_vision_2-3] VISION FPS=30.0
[target_vision_2-3] Library QUIRC is not linked. No decoding is performed. Take it to the OpenCV repository.
[target_vision_2-3] VISION PERF read=16.7ms detect=193.2ms/detect post=3.2ms display=13.3ms
[target_vision_2-3] VISION FPS=30.2
[target_vision_2-3] VISION PERF read=16.6ms detect=194.2ms/detect post=3.3ms display=13.3ms
[target_vision_2-3] VISION FPS=30.0
[target_vision_2-3] Library QUIRC is not linked. No decoding is performed. Take it to the OpenCV repository.
[target_vision_2-3] Library QUIRC is not linked. No decoding is performed. Take it to the OpenCV repository.
[target_vision_2-3] VISION PERF read=16.5ms detect=193.0ms/detect post=3.2ms display=13.5ms
[target_vision_2-3] VISION FPS=30.1
[target_vision_2-3] VISION PERF read=16.8ms detect=192.1ms/detect post=3.2ms display=13.2ms
[target_vision_2-3] VISION FPS=30.1
[target_vision_2-3] VISION PERF read=16.6ms detect=194.8ms/detect post=3.4ms display=13.3ms
[target_vision_2-3] VISION FPS=30.1
[target_vision_2-3] Library QUIRC is not linked. No decoding is performed. Take it to the OpenCV repository.
[target_vision_2-3] VISION PERF read=16.9ms detect=199.5ms/detect post=3.2ms display=13.2ms
[target_vision_2-3] Library QUIRC is not linked. No decoding is performed. Take it to the OpenCV repository.
[target_vision_2-3] VISION FPS=29.9
[target_vision_2-3] Library QUIRC is not linked. No decoding is performed. Take it to the OpenCV repository.
[target_vision_2-3] VISION PERF read=14.3ms detect=221.0ms/detect post=3.4ms display=15.5ms
[target_vision_2-3] Library QUIRC is not linked. No decoding is performed. Take it to the OpenCV repository.
[target_vision_2-3] VISION FPS=30.1
[target_vision_2-3] VISION PERF read=16.9ms detect=193.6ms/detect post=3.3ms display=13.0ms
[target_vision_2-3] Library QUIRC is not linked. No decoding is performed. Take it to the OpenCV repository.
[target_vision_2-3] VISION FPS=30.3
[target_vision_2-3] VISION PERF read=16.5ms detect=193.2ms/detect post=3.2ms display=13.5ms
[target_vision_2-3] VISION FPS=30.0
[target_vision_2-3] Library QUIRC is not linked. No decoding is performed. Take it to the OpenCV repository.
[target_vision_2-3] VISION PERF read=16.6ms detect=198.1ms/detect post=3.3ms display=13.5ms
[target_vision_2-3] VISION FPS=30.3
[target_vision_2-3] VISION PERF read=16.6ms detect=193.8ms/detect post=3.3ms display=13.4ms
[target_vision_2-3] Library QUIRC is not linked. No decoding is performed. Take it to the OpenCV repository.
[target_vision_2-3] VISION FPS=30.0
[target_vision_2-3] Library QUIRC is not linked. No decoding is performed. Take it to the OpenCV repository.
[target_vision_2-3] VISION PERF read=16.3ms detect=196.5ms/detect post=3.1ms display=13.9ms
[target_vision_2-3] VISION FPS=29.9
[target_vision_2-3] VISION PERF read=16.8ms detect=192.2ms/detect post=3.2ms display=13.2ms
[target_vision_2-3] Library QUIRC is not linked. No decoding is performed. Take it to the OpenCV repository.
[target_vision_2-3] VISION FPS=30.1
[target_vision_2-3] VISION PERF read=16.9ms detect=191.5ms/detect post=3.1ms display=13.2ms
[target_vision_2-3] VISION FPS=29.9
[target_vision_2-3] VISION PERF read=16.7ms detect=192.1ms/detect post=3.3ms display=13.2ms
[target_vision_2-3] VISION FPS=30.1
[target_vision_2-3] Library QUIRC is not linked. No decoding is performed. Take it to the OpenCV repository.
[target_vision_2-3] Library QUIRC is not linked. No decoding is performed. Take it to the OpenCV repository.
[target_vision_2-3] VISION PERF read=17.1ms detect=204.0ms/detect post=3.2ms display=12.9ms
[target_vision_2-3] VISION FPS=30.2
[target_vision_2-3] VISION PERF read=16.7ms detect=192.1ms/detect post=3.4ms display=13.2ms
[target_vision_2-3] VISION FPS=30.0
[target_vision_2-3] Library QUIRC is not linked. No decoding is performed. Take it to the OpenCV repository.
[target_vision_2-3] VISION PERF read=16.7ms detect=194.4ms/detect post=3.4ms display=13.1ms
[target_vision_2-3] VISION FPS=30.0
[target_vision_2-3] VISION PERF read=16.1ms detect=192.0ms/detect post=3.5ms display=13.6ms
[target_vision_2-3] VISION FPS=30.1
[target_vision_2-3] VISION PERF read=16.4ms detect=193.3ms/detect post=3.2ms display=13.5ms
[target_vision_2-3] Library QUIRC is not linked. No decoding is performed. Take it to the OpenCV repository.
[target_vision_2-3] VISION FPS=29.9
[target_vision_2-3] Library QUIRC is not linked. No decoding is performed. Take it to the OpenCV repository.
[target_vision_2-3] VISION PERF read=16.9ms detect=192.7ms/detect post=3.4ms display=13.0ms
[target_vision_2-3] VISION FPS=29.9
[target_vision_2-3] VISION PERF read=16.7ms detect=194.8ms/detect post=3.4ms display=13.2ms
[target_vision_2-3] VISION FPS=30.0
[target_vision_2-3] Library QUIRC is not linked. No decoding is performed. Take it to the OpenCV repository.
[target_vision_2-3] VISION PERF read=16.7ms detect=195.3ms/detect post=3.3ms display=13.1ms
[target_vision_2-3] VISION FPS=30.0
[target_vision_2-3] VISION PERF read=15.9ms detect=194.5ms/detect post=3.6ms display=13.8ms
[target_vision_2-3] VISION FPS=29.9
[target_vision_2-3] VISION PERF read=16.5ms detect=197.1ms/detect post=3.1ms display=13.7ms
[target_vision_2-3] VISION FPS=29.9
[target_vision_2-3] VISION PERF read=16.4ms detect=194.2ms/detect post=3.3ms display=13.4ms
[target_vision_2-3] VISION FPS=30.2
[target_vision_2-3] Library QUIRC is not linked. No decoding is performed. Take it to the OpenCV repository.
[target_vision_2-3] VISION PERF read=16.3ms detect=194.9ms/detect post=3.3ms display=13.6ms
[target_vision_2-3] VISION FPS=29.9
[target_vision_2-3] VISION PERF read=16.0ms detect=193.6ms/detect post=3.5ms display=13.8ms
[target_vision_2-3] VISION FPS=30.0
[target_vision_2-3] VISION PERF read=16.6ms detect=194.9ms/detect post=3.3ms display=13.4ms
[target_vision_2-3] Library QUIRC is not linked. No decoding is performed. Take it to the OpenCV repository.
[target_vision_2-3] VISION FPS=29.8
[target_vision_2-3] Library QUIRC is not linked. No decoding is performed. Take it to the OpenCV repository.
[target_vision_2-3] Library QUIRC is not linked. No decoding is performed. Take it to the OpenCV repository.
[target_vision_2-3] VISION PERF read=16.8ms detect=195.7ms/detect post=3.1ms display=13.4ms
[target_vision_2-3] VISION FPS=29.9
[target_vision_2-3] Library QUIRC is not linked. No decoding is performed. Take it to the OpenCV repository.
[target_vision_2-3] VISION PERF read=16.9ms detect=206.6ms/detect post=3.3ms display=13.1ms
[target_vision_2-3] VISION FPS=30.2
[target_vision_2-3] Library QUIRC is not linked. No decoding is performed. Take it to the OpenCV repository.
[target_vision_2-3] VISION PERF read=16.5ms detect=195.4ms/detect post=3.4ms display=13.3ms
[target_vision_2-3] VISION FPS=30.0
[target_vision_2-3] VISION PERF read=15.6ms detect=201.2ms/detect post=3.3ms display=14.4ms
[target_vision_2-3] VISION FPS=30.0
[target_vision_2-3] Library QUIRC is not linked. No decoding is performed. Take it to the OpenCV repository.
[target_vision_2-3] Library QUIRC is not linked. No decoding is performed. Take it to the OpenCV repository.
[target_vision_2-3] VISION PERF read=14.8ms detect=214.8ms/detect post=3.3ms display=15.1ms
[target_vision_2-3] VISION FPS=29.9
[target_vision_2-3] VISION PERF read=14.5ms detect=213.6ms/detect post=3.5ms display=15.2ms
[target_vision_2-3] VISION FPS=30.0
[target_vision_2-3] Library QUIRC is not linked. No decoding is performed. Take it to the OpenCV repository.
[target_vision_2-3] VISION PERF read=14.6ms detect=215.8ms/detect post=3.5ms display=15.2ms
[target_vision_2-3] VISION FPS=30.2
[target_vision_2-3] Library QUIRC is not linked. No decoding is performed. Take it to the OpenCV repository.
[target_vision_2-3] Library QUIRC is not linked. No decoding is performed. Take it to the OpenCV repository.
[target_vision_2-3] VISION PERF read=15.0ms detect=214.1ms/detect post=3.5ms display=14.8ms
[target_vision_2-3] VISION FPS=30.0
[target_vision_2-3] Library QUIRC is not linked. No decoding is performed. Take it to the OpenCV repository.
[target_vision_2-3] VISION PERF read=14.6ms detect=215.2ms/detect post=3.5ms display=15.2ms
[target_vision_2-3] VISION FPS=30.0
[target_vision_2-3] VISION PERF read=14.8ms detect=216.3ms/detect post=3.4ms display=15.0ms
[target_vision_2-3] VISION FPS=29.8
[target_vision_2-3] Library QUIRC is not linked. No decoding is performed. Take it to the OpenCV repository.
[target_vision_2-3] VISION PERF read=15.0ms detect=233.3ms/detect post=3.6ms display=14.5ms
[target_vision_2-3] Library QUIRC is not linked. No decoding is performed. Take it to the OpenCV repository.
[target_vision_2-3] VISION FPS=30.0
[target_vision_2-3] VISION PERF read=15.1ms detect=234.1ms/detect post=3.4ms display=14.7ms
[target_vision_2-3] Library QUIRC is not linked. No decoding is performed. Take it to the OpenCV repository.
[target_vision_2-3] VISION FPS=30.1
[target_vision_2-3] Library QUIRC is not linked. No decoding is performed. Take it to the OpenCV repository.
[target_vision_2-3] Library QUIRC is not linked. No decoding is performed. Take it to the OpenCV repository.
[target_vision_2-3] VISION PERF read=14.6ms detect=227.0ms/detect post=3.4ms display=15.2ms
[target_vision_2-3] VISION FPS=30.0
[target_vision_2-3] Library QUIRC is not linked. No decoding is performed. Take it to the OpenCV repository.
[target_vision_2-3] Library QUIRC is not linked. No decoding is performed. Take it to the OpenCV repository.
[target_vision_2-3] Library QUIRC is not linked. No decoding is performed. Take it to the OpenCV repository.
[target_vision_2-3] VISION PERF read=15.8ms detect=224.2ms/detect post=3.3ms display=14.3ms
[target_vision_2-3] Library QUIRC is not linked. No decoding is performed. Take it to the OpenCV repository.
[target_vision_2-3] Library QUIRC is not linked. No decoding is performed. Take it to the OpenCV repository.
[target_vision_2-3] VISION FPS=30.1
[target_vision_2-3] Library QUIRC is not linked. No decoding is performed. Take it to the OpenCV repository.
[target_vision_2-3] Library QUIRC is not linked. No decoding is performed. Take it to the OpenCV repository.
[target_vision_2-3] VISION PERF read=14.8ms detect=239.3ms/detect post=3.6ms display=14.7ms
[target_vision_2-3] VISION FPS=30.3
[target_vision_2-3] Library QUIRC is not linked. No decoding is performed. Take it to the OpenCV repository.
[target_vision_2-3] Library QUIRC is not linked. No decoding is performed. Take it to the OpenCV repository.
[target_vision_2-3] VISION PERF read=15.0ms detect=231.2ms/detect post=3.3ms display=15.0ms
[target_vision_2-3] VISION FPS=29.8
[target_vision_2-3] Library QUIRC is not linked. No decoding is performed. Take it to the OpenCV repository.
[target_vision_2-3] VISION PERF read=14.7ms detect=230.0ms/detect post=3.6ms display=15.0ms
[target_vision_2-3] Library QUIRC is not linked. No decoding is performed. Take it to the OpenCV repository.
[target_vision_2-3] VISION FPS=30.0
[target_vision_2-3] Library QUIRC is not linked. No decoding is performed. Take it to the OpenCV repository.
[target_vision_2-3] Library QUIRC is not linked. No decoding is performed. Take it to the OpenCV repository.
[target_vision_2-3] VISION PERF read=14.7ms detect=224.4ms/detect post=3.3ms display=15.1ms
[target_vision_2-3] VISION FPS=30.1
[target_vision_2-3] VISION PERF read=15.4ms detect=206.5ms/detect post=3.3ms display=14.5ms
[target_vision_2-3] VISION FPS=29.9
[target_vision_2-3] VISION PERF read=14.6ms detect=217.6ms/detect post=3.3ms display=15.3ms
[target_vision_2-3] VISION FPS=30.0
[target_vision_2-3] Library QUIRC is not linked. No decoding is performed. Take it to the OpenCV repository.
[target_vision_2-3] VISION PERF read=14.5ms detect=214.0ms/detect post=3.6ms display=15.2ms
[target_vision_2-3] VISION FPS=30.2
[target_vision_2-3] Library QUIRC is not linked. No decoding is performed. Take it to the OpenCV repository.
[target_vision_2-3] VISION PERF read=14.4ms detect=218.2ms/detect post=3.5ms display=15.3ms
[target_vision_2-3] VISION FPS=30.0
[target_vision_2-3] VISION PERF read=14.3ms detect=216.5ms/detect post=3.4ms display=15.6ms
[target_vision_2-3] VISION FPS=29.9
[target_vision_2-3] Library QUIRC is not linked. No decoding is performed. Take it to the OpenCV repository.
[target_vision_2-3] VISION PERF read=14.2ms detect=216.4ms/detect post=3.6ms display=15.5ms
[target_vision_2-3] VISION FPS=29.7
[target_vision_2-3] Library QUIRC is not linked. No decoding is performed. Take it to the OpenCV repository.
[target_vision_2-3] VISION PERF read=14.5ms detect=217.1ms/detect post=3.5ms display=15.2ms
[target_vision_2-3] VISION FPS=30.0
[target_vision_2-3] Library QUIRC is not linked. No decoding is performed. Take it to the OpenCV repository.
[target_vision_2-3] VISION PERF read=14.8ms detect=210.6ms/detect post=3.5ms display=14.9ms
[target_vision_2-3] VISION FPS=29.9
[target_vision_2-3] Library QUIRC is not linked. No decoding is performed. Take it to the OpenCV repository.
[target_vision_2-3] VISION PERF read=14.6ms detect=215.7ms/detect post=3.4ms display=15.3ms
[target_vision_2-3] VISION FPS=30.0
[target_vision_2-3] Library QUIRC is not linked. No decoding is performed. Take it to the OpenCV repository.
[target_vision_2-3] VISION PERF read=15.2ms detect=209.8ms/detect post=3.4ms display=14.6ms
[target_vision_2-3] VISION FPS=29.9
[target_vision_2-3] Library QUIRC is not linked. No decoding is performed. Take it to the OpenCV repository.
[target_vision_2-3] VISION PERF read=15.3ms detect=211.9ms/detect post=3.5ms display=14.5ms
[target_vision_2-3] VISION FPS=29.9
[target_vision_2-3] VISION PERF read=14.5ms detect=213.1ms/detect post=3.5ms display=15.2ms
[target_vision_2-3] VISION FPS=30.1
[target_vision_2-3] VISION PERF read=14.8ms detect=211.7ms/detect post=3.4ms display=14.9ms
[target_vision_2-3] Library QUIRC is not linked. No decoding is performed. Take it to the OpenCV repository.
[target_vision_2-3] VISION FPS=30.3
[target_vision_2-3] Library QUIRC is not linked. No decoding is performed. Take it to the OpenCV repository.
[target_vision_2-3] VISION PERF read=14.4ms detect=213.0ms/detect post=3.5ms display=15.3ms
[target_vision_2-3] Library QUIRC is not linked. No decoding is performed. Take it to the OpenCV repository.
[target_vision_2-3] VISION FPS=29.9
[target_vision_2-3] Library QUIRC is not linked. No decoding is performed. Take it to the OpenCV repository.
[target_vision_2-3] Library QUIRC is not linked. No decoding is performed. Take it to the OpenCV repository.
[target_vision_2-3] Library QUIRC is not linked. No decoding is performed. Take it to the OpenCV repository.
[target_vision_2-3] VISION PERF read=14.7ms detect=228.9ms/detect post=3.4ms display=15.1ms
[target_vision_2-3] Library QUIRC is not linked. No decoding is performed. Take it to the OpenCV repository.
[target_vision_2-3] VISION FPS=30.0
[target_vision_2-3] Library QUIRC is not linked. No decoding is performed. Take it to the OpenCV repository.
[target_vision_2-3] VISION PERF read=14.5ms detect=217.0ms/detect post=3.4ms display=15.3ms
[target_vision_2-3] Library QUIRC is not linked. No decoding is performed. Take it to the OpenCV repository.
[target_vision_2-3] VISION FPS=30.2
[target_vision_2-3] Library QUIRC is not linked. No decoding is performed. Take it to the OpenCV repository.
[target_vision_2-3] VISION PERF read=14.7ms detect=215.4ms/detect post=3.4ms display=15.3ms
[target_vision_2-3] VISION FPS=30.0
[target_vision_2-3] Library QUIRC is not linked. No decoding is performed. Take it to the OpenCV repository.
[target_vision_2-3] Library QUIRC is not linked. No decoding is performed. Take it to the OpenCV repository.
[target_vision_2-3] VISION PERF read=14.3ms detect=216.3ms/detect post=3.7ms display=15.2ms
[target_vision_2-3] VISION FPS=30.3
[target_vision_2-3] Library QUIRC is not linked. No decoding is performed. Take it to the OpenCV repository.
[target_vision_2-3] VISION PERF read=14.0ms detect=213.2ms/detect post=3.7ms display=15.5ms
[target_vision_2-3] Library QUIRC is not linked. No decoding is performed. Take it to the OpenCV repository.
[target_vision_2-3] VISION FPS=29.9
[target_vision_2-3] Library QUIRC is not linked. No decoding is performed. Take it to the OpenCV repository.
[target_vision_2-3] VISION PERF read=14.2ms detect=215.0ms/detect post=3.5ms display=15.6ms
[target_vision_2-3] VISION FPS=30.0
[target_vision_2-3] VISION PERF read=14.6ms detect=214.7ms/detect post=3.5ms display=15.2ms
[target_vision_2-3] VISION FPS=29.8
[target_vision_2-3] Library QUIRC is not linked. No decoding is performed. Take it to the OpenCV repository.
[target_vision_2-3] VISION PERF read=14.0ms detect=216.0ms/detect post=3.4ms display=15.7ms
[target_vision_2-3] VISION FPS=30.0
[target_vision_2-3] Library QUIRC is not linked. No decoding is performed. Take it to the OpenCV repository.
[target_vision_2-3] VISION PERF read=14.0ms detect=217.5ms/detect post=3.5ms display=15.7ms
[target_vision_2-3] Library QUIRC is not linked. No decoding is performed. Take it to the OpenCV repository.
[target_vision_2-3] VISION FPS=30.3
[target_vision_2-3] VISION PERF read=14.8ms detect=215.2ms/detect post=3.3ms display=15.1ms
[target_vision_2-3] VISION FPS=30.0
[target_vision_2-3] VISION PERF read=14.6ms detect=214.6ms/detect post=3.4ms display=15.3ms
[target_vision_2-3] VISION FPS=30.1
[target_vision_2-3] Library QUIRC is not linked. No decoding is performed. Take it to the OpenCV repository.
[target_vision_2-3] VISION PERF read=14.4ms detect=215.0ms/detect post=3.3ms display=15.5ms
[target_vision_2-3] Library QUIRC is not linked. No decoding is performed. Take it to the OpenCV repository.
[target_vision_2-3] VISION FPS=30.1
[target_vision_2-3] VISION PERF read=14.4ms detect=217.4ms/detect post=3.7ms display=15.2ms
[target_vision_2-3] VISION FPS=30.0
[target_vision_2-3] VISION PERF read=15.0ms detect=238.7ms/detect post=3.2ms display=15.0ms
[target_vision_2-3] VISION FPS=30.2
[target_vision_2-3] VISION PERF read=15.4ms detect=233.2ms/detect post=3.0ms display=14.9ms
[target_vision_2-3] VISION FPS=30.0
[target_vision_2-3] VISION PERF read=13.7ms detect=229.5ms/detect post=3.5ms display=15.9ms
[target_vision_2-3] VISION FPS=29.9
[target_vision_2-3] VISION PERF read=14.2ms detect=219.8ms/detect post=3.3ms display=15.7ms
[target_vision_2-3] VISION FPS=30.0
[target_vision_2-3] Library QUIRC is not linked. No decoding is performed. Take it to the OpenCV repository.
[target_vision_2-3] VISION PERF read=14.8ms detect=220.2ms/detect post=3.4ms display=15.0ms
[target_vision_2-3] VISION FPS=30.1
[target_vision_2-3] Library QUIRC is not linked. No decoding is performed. Take it to the OpenCV repository.
[target_vision_2-3] VISION PERF read=14.7ms detect=231.0ms/detect post=3.3ms display=15.3ms
[target_vision_2-3] VISION FPS=29.9
[target_vision_2-3] Library QUIRC is not linked. No decoding is performed. Take it to the OpenCV repository.
[target_vision_2-3] VISION PERF read=14.4ms detect=222.1ms/detect post=3.4ms display=15.4ms
[target_vision_2-3] VISION FPS=29.9
[target_vision_2-3] VISION PERF read=14.1ms detect=219.7ms/detect post=3.5ms display=15.6ms
[target_vision_2-3] VISION FPS=30.0
[target_vision_2-3] VISION PERF read=14.2ms detect=221.3ms/detect post=3.6ms display=15.5ms
[target_vision_2-3] Library QUIRC is not linked. No decoding is performed. Take it to the OpenCV repository.
[target_vision_2-3] VISION FPS=30.0
[target_vision_2-3] VISION PERF read=14.6ms detect=221.6ms/detect post=3.4ms display=15.3ms
[target_vision_2-3] VISION FPS=29.8
[target_vision_2-3] VISION PERF read=14.2ms detect=219.5ms/detect post=3.6ms display=15.3ms
[target_vision_2-3] VISION FPS=29.9
[target_vision_2-3] VISION PERF read=14.4ms detect=218.6ms/detect post=3.4ms display=15.4ms
[target_vision_2-3] VISION FPS=30.0
[target_vision_2-3] VISION PERF read=14.1ms detect=219.8ms/detect post=3.5ms display=15.6ms
[target_vision_2-3] VISION FPS=30.0
[target_vision_2-3] Library QUIRC is not linked. No decoding is performed. Take it to the OpenCV repository.
[target_vision_2-3] Library QUIRC is not linked. No decoding is performed. Take it to the OpenCV repository.
[target_vision_2-3] Library QUIRC is not linked. No decoding is performed. Take it to the OpenCV repository.
[target_vision_2-3] VISION PERF read=14.6ms detect=224.6ms/detect post=3.5ms display=15.1ms
[target_vision_2-3] VISION FPS=29.9
[target_vision_2-3] VISION PERF read=14.5ms detect=233.6ms/detect post=3.3ms display=15.5ms
[target_vision_2-3] Library QUIRC is not linked. No decoding is performed. Take it to the OpenCV repository.
[target_vision_2-3] VISION FPS=30.0
[target_vision_2-3] Library QUIRC is not linked. No decoding is performed. Take it to the OpenCV repository.
[target_vision_2-3] VISION PERF read=14.1ms detect=225.1ms/detect post=3.4ms display=15.7ms
[target_vision_2-3] VISION FPS=29.8
[target_vision_2-3] Library QUIRC is not linked. No decoding is performed. Take it to the OpenCV repository.
[target_vision_2-3] VISION PERF read=14.4ms detect=217.3ms/detect post=3.5ms display=15.3ms
[target_vision_2-3] VISION FPS=30.3
[target_vision_2-3] Library QUIRC is not linked. No decoding is performed. Take it to the OpenCV repository.
[target_vision_2-3] Library QUIRC is not linked. No decoding is performed. Take it to the OpenCV repository.
[target_vision_2-3] VISION PERF read=14.2ms detect=221.7ms/detect post=3.4ms display=15.6ms
[target_vision_2-3] VISION FPS=30.0
[target_vision_2-3] Library QUIRC is not linked. No decoding is performed. Take it to the OpenCV repository.
[target_vision_2-3] Library QUIRC is not linked. No decoding is performed. Take it to the OpenCV repository.
[target_vision_2-3] VISION PERF read=13.9ms detect=225.4ms/detect post=3.6ms display=15.7ms
[target_vision_2-3] VISION FPS=29.9
[target_vision_2-3] Library QUIRC is not linked. No decoding is performed. Take it to the OpenCV repository.
[target_vision_2-3] VISION PERF read=14.6ms detect=219.9ms/detect post=3.6ms display=15.1ms
[target_vision_2-3] VISION FPS=30.0
[target_vision_2-3] Library QUIRC is not linked. No decoding is performed. Take it to the OpenCV repository.
[target_vision_2-3] VISION PERF read=14.1ms detect=221.6ms/detect post=3.5ms display=15.5ms
[target_vision_2-3] VISION FPS=30.1
[target_vision_2-3] VISION PERF read=14.0ms detect=219.6ms/detect post=3.7ms display=15.5ms
[target_vision_2-3] VISION FPS=30.0
[target_vision_2-3] Library QUIRC is not linked. No decoding is performed. Take it to the OpenCV repository.
[target_vision_2-3] VISION PERF read=14.4ms detect=220.3ms/detect post=3.3ms display=15.5ms
[target_vision_2-3] VISION FPS=29.9
[target_vision_2-3] VISION PERF read=14.6ms detect=221.6ms/detect post=3.6ms display=15.0ms
[target_vision_2-3] VISION FPS=29.6
[target_vision_2-3] Library QUIRC is not linked. No decoding is performed. Take it to the OpenCV repository.
[target_vision_2-3] VISION PERF read=14.1ms detect=225.3ms/detect post=3.4ms display=15.8ms
[target_vision_2-3] Library QUIRC is not linked. No decoding is performed. Take it to the OpenCV repository.
[target_vision_2-3] VISION FPS=30.0
[target_vision_2-3] VISION PERF read=14.2ms detect=220.8ms/detect post=3.5ms display=15.6ms
[target_vision_2-3] VISION FPS=30.1
[target_vision_2-3] Library QUIRC is not linked. No decoding is performed. Take it to the OpenCV repository.
[target_vision_2-3] VISION PERF read=14.6ms detect=220.6ms/detect post=3.5ms display=15.2ms
[target_vision_2-3] VISION FPS=30.2
[target_vision_2-3] VISION PERF read=14.7ms detect=223.3ms/detect post=3.1ms display=15.4ms
[target_vision_2-3] Library QUIRC is not linked. No decoding is performed. Take it to the OpenCV repository.
[target_vision_2-3] VISION FPS=30.1
[target_vision_2-3] VISION PERF read=14.8ms detect=218.8ms/detect post=3.7ms display=14.7ms
[target_vision_2-3] VISION FPS=30.0
[target_vision_2-3] VISION PERF read=14.0ms detect=221.5ms/detect post=3.6ms display=15.7ms
[target_vision_2-3] Library QUIRC is not linked. No decoding is performed. Take it to the OpenCV repository.
[target_vision_2-3] VISION FPS=29.9
[target_vision_2-3] VISION PERF read=14.6ms detect=223.9ms/detect post=3.4ms display=15.3ms
[target_vision_2-3] VISION FPS=30.0
[target_vision_2-3] VISION PERF read=14.1ms detect=220.0ms/detect post=3.7ms display=15.5ms
[target_vision_2-3] VISION FPS=30.0
[target_vision_2-3] VISION PERF read=13.7ms detect=223.7ms/detect post=3.5ms display=15.9ms
[target_vision_2-3] VISION FPS=30.2
[target_vision_2-3] VISION PERF read=14.4ms detect=219.5ms/detect post=3.4ms display=15.6ms
[target_vision_2-3] Library QUIRC is not linked. No decoding is performed. Take it to the OpenCV repository.
[target_vision_2-3] VISION FPS=30.0
[target_vision_2-3] VISION PERF read=13.9ms detect=221.5ms/detect post=3.4ms display=15.8ms
[target_vision_2-3] VISION FPS=30.0
[target_vision_2-3] Library QUIRC is not linked. No decoding is performed. Take it to the OpenCV repository.
[target_vision_2-3] Library QUIRC is not linked. No decoding is performed. Take it to the OpenCV repository.
[target_vision_2-3] VISION PERF read=14.8ms detect=220.8ms/detect post=3.5ms display=15.0ms
[target_vision_2-3] Library QUIRC is not linked. No decoding is performed. Take it to the OpenCV repository.
[target_vision_2-3] VISION FPS=30.0
[target_vision_2-3] VISION PERF read=13.9ms detect=220.7ms/detect post=3.7ms display=15.7ms
[target_vision_2-3] VISION FPS=30.0
[target_vision_2-3] Library QUIRC is not linked. No decoding is performed. Take it to the OpenCV repository.
[target_vision_2-3] VISION PERF read=14.5ms detect=220.5ms/detect post=3.6ms display=15.2ms
[target_vision_2-3] VISION FPS=30.3
[target_vision_2-3] VISION PERF read=14.3ms detect=219.8ms/detect post=3.6ms display=15.3ms
[target_vision_2-3] VISION FPS=29.8
[target_vision_2-3] VISION PERF read=14.0ms detect=220.9ms/detect post=3.5ms display=15.7ms
[target_vision_2-3] VISION FPS=30.1
[target_vision_2-3] VISION PERF read=14.4ms detect=221.9ms/detect post=3.5ms display=15.3ms
[target_vision_2-3] Library QUIRC is not linked. No decoding is performed. Take it to the OpenCV repository.
[target_vision_2-3] VISION FPS=30.3
[target_vision_2-3] VISION PERF read=13.9ms detect=222.0ms/detect post=3.6ms display=15.7ms
[target_vision_2-3] VISION FPS=29.8
[target_vision_2-3] VISION PERF read=13.7ms detect=221.2ms/detect post=3.6ms display=15.9ms
[target_vision_2-3] Library QUIRC is not linked. No decoding is performed. Take it to the OpenCV repository.
[target_vision_2-3] VISION FPS=30.0
[target_vision_2-3] Library QUIRC is not linked. No decoding is performed. Take it to the OpenCV repository.
[target_vision_2-3] VISION PERF read=13.9ms detect=223.8ms/detect post=3.6ms display=15.7ms
[target_vision_2-3] VISION FPS=29.9
[target_vision_2-3] VISION PERF read=13.9ms detect=222.6ms/detect post=3.4ms display=15.9ms
[target_vision_2-3] VISION FPS=30.0
[target_vision_2-3] VISION PERF read=13.8ms detect=221.8ms/detect post=3.5ms display=16.0ms
[target_vision_2-3] Library QUIRC is not linked. No decoding is performed. Take it to the OpenCV repository.
[target_vision_2-3] VISION FPS=30.0
[target_vision_2-3] VISION PERF read=14.1ms detect=222.5ms/detect post=3.3ms display=15.8ms
[target_vision_2-3] VISION FPS=30.1
[target_vision_2-3] VISION PERF read=14.5ms detect=228.4ms/detect post=3.7ms display=15.0ms
[target_vision_2-3] VISION FPS=30.2
[target_vision_2-3] VISION PERF read=14.1ms detect=220.2ms/detect post=3.5ms display=15.6ms
[target_vision_2-3] VISION FPS=30.0
[target_vision_2-3] VISION PERF read=14.6ms detect=220.9ms/detect post=3.6ms display=15.1ms
[target_vision_2-3] VISION FPS=29.9
[target_vision_2-3] VISION PERF read=14.0ms detect=221.0ms/detect post=3.7ms display=15.6ms
[target_vision_2-3] Library QUIRC is not linked. No decoding is performed. Take it to the OpenCV repository.
[target_vision_2-3] Library QUIRC is not linked. No decoding is performed. Take it to the OpenCV repository.
[target_vision_2-3] VISION FPS=30.2
[target_vision_2-3] VISION PERF read=14.1ms detect=222.1ms/detect post=3.7ms display=15.3ms
[target_vision_2-3] VISION FPS=29.9
[target_vision_2-3] VISION PERF read=13.6ms detect=222.4ms/detect post=3.7ms display=15.9ms
[target_vision_2-3] Library QUIRC is not linked. No decoding is performed. Take it to the OpenCV repository.
[target_vision_2-3] VISION FPS=30.0
[target_vision_2-3] VISION PERF read=14.2ms detect=222.1ms/detect post=3.7ms display=15.4ms
[target_vision_2-3] Library QUIRC is not linked. No decoding is performed. Take it to the OpenCV repository.
[target_vision_2-3] VISION FPS=30.0
[target_vision_2-3] VISION PERF read=14.2ms detect=221.7ms/detect post=3.7ms display=15.5ms
[target_vision_2-3] Library QUIRC is not linked. No decoding is performed. Take it to the OpenCV repository.
[target_vision_2-3] Library QUIRC is not linked. No decoding is performed. Take it to the OpenCV repository.
[target_vision_2-3] VISION FPS=30.2
[target_vision_2-3] Library QUIRC is not linked. No decoding is performed. Take it to the OpenCV repository.
[target_vision_2-3] Library QUIRC is not linked. No decoding is performed. Take it to the OpenCV repository.
[target_vision_2-3] VISION PERF read=14.0ms detect=222.7ms/detect post=3.5ms display=15.6ms
[target_vision_2-3] VISION FPS=30.0
[target_vision_2-3] Library QUIRC is not linked. No decoding is performed. Take it to the OpenCV repository.
[target_vision_2-3] VISION PERF read=14.4ms detect=219.2ms/detect post=3.7ms display=15.2ms
[target_vision_2-3] VISION FPS=29.9
[target_vision_2-3] VISION PERF read=14.1ms detect=221.2ms/detect post=3.7ms display=15.5ms
[target_vision_2-3] Library QUIRC is not linked. No decoding is performed. Take it to the OpenCV repository.
[target_vision_2-3] VISION FPS=30.0
[target_vision_2-3] VISION PERF read=13.9ms detect=223.0ms/detect post=3.6ms display=15.7ms
[target_vision_2-3] VISION FPS=30.0
[target_vision_2-3] Library QUIRC is not linked. No decoding is performed. Take it to the OpenCV repository.
[target_vision_2-3] VISION PERF read=14.6ms detect=222.8ms/detect post=3.8ms display=14.9ms
[target_vision_2-3] Library QUIRC is not linked. No decoding is performed. Take it to the OpenCV repository.
[target_vision_2-3] VISION FPS=29.9
[target_vision_2-3] VISION PERF read=14.5ms detect=221.2ms/detect post=3.6ms display=15.1ms
[target_vision_2-3] VISION FPS=29.9
[target_vision_2-3] VISION PERF read=14.0ms detect=221.3ms/detect post=3.6ms display=15.6ms
[target_vision_2-3] VISION FPS=30.0
[target_vision_2-3] VISION PERF read=14.3ms detect=222.3ms/detect post=3.6ms display=15.4ms
[target_vision_2-3] VISION FPS=30.2
[target_vision_2-3] VISION PERF read=14.2ms detect=220.2ms/detect post=3.8ms display=15.3ms
[target_vision_2-3] VISION FPS=30.0
[target_vision_2-3] VISION PERF read=13.7ms detect=222.7ms/detect post=3.8ms display=15.8ms
[target_vision_2-3] VISION FPS=30.3
[target_vision_2-3] Library QUIRC is not linked. No decoding is performed. Take it to the OpenCV repository.
[target_vision_2-3] VISION PERF read=14.4ms detect=222.2ms/detect post=3.6ms display=15.2ms
[target_vision_2-3] Library QUIRC is not linked. No decoding is performed. Take it to the OpenCV repository.
[target_vision_2-3] VISION FPS=30.1
[target_vision_2-3] VISION PERF read=13.5ms detect=222.7ms/detect post=3.8ms display=15.8ms
[target_vision_2-3] VISION FPS=30.1
[target_vision_2-3] VISION PERF read=14.0ms detect=222.3ms/detect post=3.8ms display=15.3ms
[target_vision_2-3] Library QUIRC is not linked. No decoding is performed. Take it to the OpenCV repository.
[target_vision_2-3] VISION FPS=30.0
[target_vision_2-3] VISION PERF read=13.9ms detect=223.9ms/detect post=3.7ms display=15.6ms
[target_vision_2-3] VISION FPS=30.0
[target_vision_2-3] Library QUIRC is not linked. No decoding is performed. Take it to the OpenCV repository.
[target_vision_2-3] VISION PERF read=13.9ms detect=220.7ms/detect post=3.8ms display=15.5ms
[target_vision_2-3] Library QUIRC is not linked. No decoding is performed. Take it to the OpenCV repository.
[target_vision_2-3] VISION FPS=30.1
[target_vision_2-3] VISION PERF read=14.0ms detect=222.3ms/detect post=3.8ms display=15.5ms
[target_vision_2-3] VISION FPS=29.9
[target_vision_2-3] VISION PERF read=12.0ms detect=242.7ms/detect post=3.9ms display=17.4ms
[target_vision_2-3] VISION FPS=30.3
[target_vision_2-3] VISION PERF read=12.1ms detect=244.2ms/detect post=3.9ms display=17.2ms
[target_vision_2-3] VISION FPS=30.0
[target_vision_2-3] Library QUIRC is not linked. No decoding is performed. Take it to the OpenCV repository.
[target_vision_2-3] VISION PERF read=14.2ms detect=222.5ms/detect post=3.7ms display=15.4ms
[target_vision_2-3] VISION FPS=30.0
[target_vision_2-3] VISION PERF read=13.8ms detect=222.2ms/detect post=4.1ms display=15.4ms
[target_vision_2-3] VISION FPS=29.9
[target_vision_2-3] Library QUIRC is not linked. No decoding is performed. Take it to the OpenCV repository.
[target_vision_2-3] VISION PERF read=14.3ms detect=222.9ms/detect post=3.5ms display=15.4ms
[target_vision_2-3] Library QUIRC is not linked. No decoding is performed. Take it to the OpenCV repository.
[target_vision_2-3] VISION FPS=29.9
[target_vision_2-3] VISION PERF read=14.1ms detect=221.8ms/detect post=3.6ms display=15.7ms
[target_vision_2-3] VISION FPS=30.0
[target_vision_2-3] VISION PERF read=14.1ms detect=220.2ms/detect post=3.7ms display=15.4ms
[target_vision_2-3] VISION FPS=30.0
[target_vision_2-3] VISION PERF read=13.9ms detect=221.1ms/detect post=3.5ms display=15.8ms
[target_vision_2-3] VISION FPS=30.0
[target_vision_2-3] Library QUIRC is not linked. No decoding is performed. Take it to the OpenCV repository.
[target_vision_2-3] Library QUIRC is not linked. No decoding is performed. Take it to the OpenCV repository.
[target_vision_2-3] VISION PERF read=14.5ms detect=223.0ms/detect post=3.7ms display=15.1ms
[target_vision_2-3] VISION FPS=30.1
[target_vision_2-3] VISION PERF read=13.5ms detect=221.5ms/detect post=3.6ms display=16.0ms
[target_vision_2-3] VISION FPS=30.2
[target_vision_2-3] VISION PERF read=14.1ms detect=219.3ms/detect post=3.5ms display=15.7ms
[target_vision_2-3] Library QUIRC is not linked. No decoding is performed. Take it to the OpenCV repository.
[target_vision_2-3] VISION FPS=30.2
[target_vision_2-3] Library QUIRC is not linked. No decoding is performed. Take it to the OpenCV repository.
[target_vision_2-3] VISION PERF read=15.0ms detect=238.0ms/detect post=3.3ms display=14.9ms
[target_vision_2-3] VISION FPS=29.7
[target_vision_2-3] VISION PERF read=14.4ms detect=215.5ms/detect post=3.5ms display=15.4ms
[target_vision_2-3] VISION FPS=29.9
[target_vision_2-3] VISION PERF read=14.4ms detect=219.4ms/detect post=3.2ms display=15.6ms
[target_vision_2-3] VISION FPS=29.9
[target_vision_2-3] VISION PERF read=14.3ms detect=218.1ms/detect post=3.7ms display=15.3ms
[target_vision_2-3] VISION FPS=30.2
[target_vision_2-3] VISION PERF read=13.7ms detect=220.3ms/detect post=3.5ms display=16.0ms
[target_vision_2-3] Library QUIRC is not linked. No decoding is performed. Take it to the OpenCV repository.
[target_vision_2-3] VISION FPS=29.9
[target_vision_2-3] Library QUIRC is not linked. No decoding is performed. Take it to the OpenCV repository.
[target_vision_2-3] VISION PERF read=14.7ms detect=219.8ms/detect post=3.7ms display=14.9ms
[target_vision_2-3] Library QUIRC is not linked. No decoding is performed. Take it to the OpenCV repository.
[target_vision_2-3] VISION FPS=30.1
[target_vision_2-3] VISION PERF read=14.5ms detect=217.2ms/detect post=3.4ms display=15.2ms
[target_vision_2-3] VISION FPS=30.1
[target_vision_2-3] VISION PERF read=12.8ms detect=243.1ms/detect post=3.8ms display=16.8ms
[target_vision_2-3] Library QUIRC is not linked. No decoding is performed. Take it to the OpenCV repository.
[target_vision_2-3] VISION FPS=29.9
[target_vision_2-3] VISION PERF read=13.6ms detect=229.0ms/detect post=3.6ms display=16.0ms
[target_vision_2-3] VISION FPS=30.0
[target_vision_2-3] Library QUIRC is not linked. No decoding is performed. Take it to the OpenCV repository.
[target_vision_2-3] VISION PERF read=14.4ms detect=218.6ms/detect post=3.4ms display=15.3ms
[target_vision_2-3] VISION FPS=30.0
[target_vision_2-3] VISION PERF read=14.1ms detect=220.6ms/detect post=3.4ms display=15.8ms
[target_vision_2-3] Library QUIRC is not linked. No decoding is performed. Take it to the OpenCV repository.
[target_vision_2-3] VISION FPS=30.0
[target_vision_2-3] VISION PERF read=14.4ms detect=222.8ms/detect post=3.6ms display=15.3ms
[target_vision_2-3] VISION FPS=30.1
[target_vision_2-3] VISION PERF read=14.6ms detect=219.0ms/detect post=3.4ms display=15.2ms
[target_vision_2-3] Library QUIRC is not linked. No decoding is performed. Take it to the OpenCV repository.
[target_vision_2-3] VISION FPS=30.0
[target_vision_2-3] VISION PERF read=14.1ms detect=226.8ms/detect post=3.6ms display=15.6ms
[target_vision_2-3] Library QUIRC is not linked. No decoding is performed. Take it to the OpenCV repository.
[target_vision_2-3] VISION FPS=30.1
[target_vision_2-3] VISION PERF read=9.9ms detect=269.3ms/detect post=4.1ms display=19.3ms
[target_vision_2-3] VISION FPS=30.2
[target_vision_2-3] VISION PERF read=13.8ms detect=229.2ms/detect post=3.5ms display=15.8ms
[target_vision_2-3] VISION FPS=30.1
[target_vision_2-3] VISION PERF read=14.1ms detect=222.8ms/detect post=3.7ms display=15.5ms
[target_vision_2-3] Library QUIRC is not linked. No decoding is performed. Take it to the OpenCV repository.
[target_vision_2-3] VISION FPS=30.0
[target_vision_2-3] VISION PERF read=14.0ms detect=220.2ms/detect post=3.6ms display=15.6ms
[target_vision_2-3] VISION FPS=30.3
[target_vision_2-3] Library QUIRC is not linked. No decoding is performed. Take it to the OpenCV repository.
[target_vision_2-3] VISION PERF read=14.1ms detect=223.8ms/detect post=3.8ms display=15.3ms
[target_vision_2-3] VISION FPS=30.0
[target_vision_2-3] VISION PERF read=14.1ms detect=221.0ms/detect post=3.4ms display=15.7ms
[target_vision_2-3] VISION FPS=30.0
[target_vision_2-3] VISION PERF read=14.2ms detect=218.2ms/detect post=3.5ms display=15.5ms
[target_vision_2-3] VISION FPS=30.2
[target_vision_2-3] Library QUIRC is not linked. No decoding is performed. Take it to the OpenCV repository.
[target_vision_2-3] VISION PERF read=14.3ms detect=220.2ms/detect post=3.6ms display=15.4ms
[target_vision_2-3] VISION FPS=30.2
[target_vision_2-3] VISION PERF read=14.0ms detect=221.1ms/detect post=3.6ms display=15.6ms
[target_vision_2-3] VISION FPS=30.0
[target_vision_2-3] Library QUIRC is not linked. No decoding is performed. Take it to the OpenCV repository.
[target_vision_2-3] VISION PERF read=13.6ms detect=222.4ms/detect post=3.7ms display=15.9ms
[target_vision_2-3] Library QUIRC is not linked. No decoding is performed. Take it to the OpenCV repository.
[target_vision_2-3] VISION FPS=30.1
[target_vision_2-3] Library QUIRC is not linked. No decoding is performed. Take it to the OpenCV repository.
[target_vision_2-3] VISION PERF read=14.3ms detect=222.0ms/detect post=3.6ms display=15.3ms
[target_vision_2-3] VISION FPS=30.0
[target_vision_2-3] VISION PERF read=14.1ms detect=219.9ms/detect post=3.6ms display=15.6ms
[target_vision_2-3] VISION FPS=30.0
[target_vision_2-3] VISION PERF read=14.7ms detect=218.6ms/detect post=3.4ms display=15.1ms
[target_vision_2-3] VISION FPS=29.9
[target_vision_2-3] VISION PERF read=13.8ms detect=219.4ms/detect post=3.8ms display=15.7ms
[target_vision_2-3] Library QUIRC is not linked. No decoding is performed. Take it to the OpenCV repository.
[target_vision_2-3] VISION FPS=30.0
[target_vision_2-3] VISION PERF read=13.7ms detect=220.6ms/detect post=3.5ms display=16.0ms
[target_vision_2-3] VISION FPS=29.9
[target_vision_2-3] VISION PERF read=14.3ms detect=218.2ms/detect post=3.3ms display=15.6ms
[target_vision_2-3] VISION FPS=30.2
[target_vision_2-3] VISION PERF read=13.6ms detect=221.3ms/detect post=3.4ms display=16.2ms
[target_vision_2-3] Library QUIRC is not linked. No decoding is performed. Take it to the OpenCV repository.
[target_vision_2-3] VISION FPS=30.3
[target_vision_2-3] Library QUIRC is not linked. No decoding is performed. Take it to the OpenCV repository.
[target_vision_2-3] VISION PERF read=14.3ms detect=221.2ms/detect post=3.5ms display=15.4ms
[target_vision_2-3] VISION FPS=30.1
[target_vision_2-3] VISION PERF read=13.6ms detect=220.4ms/detect post=3.6ms display=16.0ms
[target_vision_2-3] VISION FPS=29.9
[target_vision_2-3] Library QUIRC is not linked. No decoding is performed. Take it to the OpenCV repository.
[target_vision_2-3] VISION PERF read=14.0ms detect=222.3ms/detect post=3.6ms display=15.7ms
[target_vision_2-3] VISION FPS=29.9
[target_vision_2-3] VISION PERF read=13.8ms detect=220.7ms/detect post=3.8ms display=15.7ms
[target_vision_2-3] VISION FPS=30.0
[target_vision_2-3] Library QUIRC is not linked. No decoding is performed. Take it to the OpenCV repository.
[target_vision_2-3] VISION PERF read=14.0ms detect=221.6ms/detect post=3.6ms display=15.7ms
[target_vision_2-3] VISION FPS=30.0
[target_vision_2-3] VISION PERF read=14.0ms detect=223.9ms/detect post=3.5ms display=15.9ms
[target_vision_2-3] VISION FPS=30.0
[target_vision_2-3] VISION PERF read=13.7ms detect=222.8ms/detect post=3.8ms display=15.7ms
[target_vision_2-3] VISION FPS=29.9
[target_vision_2-3] Library QUIRC is not linked. No decoding is performed. Take it to the OpenCV repository.
[target_vision_2-3] VISION PERF read=14.1ms detect=222.5ms/detect post=3.4ms display=15.7ms
[target_vision_2-3] VISION FPS=30.1
[target_vision_2-3] Library QUIRC is not linked. No decoding is performed. Take it to the OpenCV repository.
[target_vision_2-3] VISION PERF read=13.8ms detect=221.2ms/detect post=3.5ms display=16.0ms
[target_vision_2-3] VISION FPS=30.2
[target_vision_2-3] Library QUIRC is not linked. No decoding is performed. Take it to the OpenCV repository.
[target_vision_2-3] VISION PERF read=13.6ms detect=221.4ms/detect post=3.9ms display=15.7ms
[target_vision_2-3] VISION FPS=30.0
[target_vision_2-3] Library QUIRC is not linked. No decoding is performed. Take it to the OpenCV repository.
[target_vision_2-3] Library QUIRC is not linked. No decoding is performed. Take it to the OpenCV repository.
[target_vision_2-3] VISION PERF read=14.0ms detect=224.6ms/detect post=3.6ms display=15.6ms
[target_vision_2-3] Library QUIRC is not linked. No decoding is performed. Take it to the OpenCV repository.
[target_vision_2-3] VISION FPS=29.7
[target_vision_2-3] VISION PERF read=14.0ms detect=222.2ms/detect post=3.5ms display=15.7ms
[target_vision_2-3] Library QUIRC is not linked. No decoding is performed. Take it to the OpenCV repository.
[target_vision_2-3] VISION FPS=29.8
[target_vision_2-3] VISION PERF read=14.1ms detect=221.6ms/detect post=3.6ms display=15.6ms
[target_vision_2-3] VISION FPS=30.0
[target_vision_2-3] VISION PERF read=14.1ms detect=221.4ms/detect post=3.7ms display=15.3ms
[target_vision_2-3] VISION FPS=30.0
[target_vision_2-3] VISION PERF read=14.3ms detect=219.3ms/detect post=3.7ms display=15.2ms
[target_vision_2-3] VISION FPS=30.0
[target_vision_2-3] VISION PERF read=13.9ms detect=221.3ms/detect post=3.7ms display=15.6ms
[target_vision_2-3] VISION FPS=30.0
[target_vision_2-3] VISION PERF read=14.1ms detect=220.2ms/detect post=3.6ms display=15.6ms
[target_vision_2-3] VISION FPS=29.9
[target_vision_2-3] Library QUIRC is not linked. No decoding is performed. Take it to the OpenCV repository.
[target_vision_2-3] VISION PERF read=13.9ms detect=219.7ms/detect post=3.8ms display=15.6ms
[target_vision_2-3] VISION FPS=29.9
[target_vision_2-3] Library QUIRC is not linked. No decoding is performed. Take it to the OpenCV repository.
[target_vision_2-3] Library QUIRC is not linked. No decoding is performed. Take it to the OpenCV repository.
[target_vision_2-3] VISION PERF read=14.1ms detect=222.2ms/detect post=3.8ms display=15.3ms
[target_vision_2-3] VISION FPS=30.0
[target_vision_2-3] Library QUIRC is not linked. No decoding is performed. Take it to the OpenCV repository.
[target_vision_2-3] VISION PERF read=14.0ms detect=221.7ms/detect post=3.7ms display=15.5ms
[target_vision_2-3] VISION FPS=30.3
[target_vision_2-3] VISION PERF read=14.4ms detect=222.1ms/detect post=3.5ms display=15.3ms
[target_vision_2-3] VISION FPS=30.0
[target_vision_2-3] Library QUIRC is not linked. No decoding is performed. Take it to the OpenCV repository.
[target_vision_2-3] VISION PERF read=14.1ms detect=220.5ms/detect post=3.8ms display=15.4ms
[target_vision_2-3] Library QUIRC is not linked. No decoding is performed. Take it to the OpenCV repository.
[target_vision_2-3] VISION FPS=29.8
[target_vision_2-3] VISION PERF read=14.0ms detect=217.5ms/detect post=3.8ms display=15.5ms
[target_vision_2-3] Library QUIRC is not linked. No decoding is performed. Take it to the OpenCV repository.
[target_vision_2-3] VISION FPS=30.0
[target_vision_2-3] VISION PERF read=14.5ms detect=219.8ms/detect post=3.5ms display=15.1ms
[target_vision_2-3] Library QUIRC is not linked. No decoding is performed. Take it to the OpenCV repository.
[target_vision_2-3] Library QUIRC is not linked. No decoding is performed. Take it to the OpenCV repository.
[target_vision_2-3] VISION FPS=30.0
[target_vision_2-3] Library QUIRC is not linked. No decoding is performed. Take it to the OpenCV repository.
[target_vision_2-3] VISION PERF read=14.7ms detect=221.3ms/detect post=3.4ms display=15.2ms
[target_vision_2-3] VISION FPS=30.1
[target_vision_2-3] Library QUIRC is not linked. No decoding is performed. Take it to the OpenCV repository.
[target_vision_2-3] VISION PERF read=14.0ms detect=221.2ms/detect post=3.5ms display=15.8ms
[target_vision_2-3] VISION FPS=29.9
[target_vision_2-3] VISION PERF read=14.3ms detect=223.0ms/detect post=3.6ms display=15.3ms
[target_vision_2-3] Library QUIRC is not linked. No decoding is performed. Take it to the OpenCV repository.
[target_vision_2-3] VISION FPS=30.0
[target_vision_2-3] VISION PERF read=13.6ms detect=222.5ms/detect post=3.6ms display=16.0ms
[target_vision_2-3] VISION FPS=30.0
[target_vision_2-3] VISION PERF read=13.9ms detect=222.2ms/detect post=3.6ms display=15.9ms
[target_vision_2-3] VISION FPS=30.1
[target_vision_2-3] VISION PERF read=14.3ms detect=221.5ms/detect post=3.6ms display=15.3ms
[target_vision_2-3] VISION FPS=30.2
[target_vision_2-3] VISION PERF read=14.5ms detect=219.8ms/detect post=3.7ms display=15.0ms
[target_vision_2-3] VISION FPS=30.2
[target_vision_2-3] Library QUIRC is not linked. No decoding is performed. Take it to the OpenCV repository.
[target_vision_2-3] VISION PERF read=13.8ms detect=228.0ms/detect post=3.6ms display=15.9ms
[target_vision_2-3] VISION FPS=30.1
[target_vision_2-3] Library QUIRC is not linked. No decoding is performed. Take it to the OpenCV repository.
[target_vision_2-3] VISION PERF read=14.1ms detect=221.4ms/detect post=3.9ms display=15.1ms
[target_vision_2-3] VISION FPS=30.0
[target_vision_2-3] Library QUIRC is not linked. No decoding is performed. Take it to the OpenCV repository.
[target_vision_2-3] VISION PERF read=14.3ms detect=220.8ms/detect post=3.4ms display=15.5ms
[target_vision_2-3] VISION FPS=30.1
[target_vision_2-3] VISION PERF read=14.0ms detect=219.2ms/detect post=3.5ms display=15.7ms
[target_vision_2-3] Library QUIRC is not linked. No decoding is performed. Take it to the OpenCV repository.
[target_vision_2-3] VISION FPS=30.0
[target_vision_2-3] VISION PERF read=14.7ms detect=219.6ms/detect post=3.5ms display=15.0ms
[target_vision_2-3] Library QUIRC is not linked. No decoding is performed. Take it to the OpenCV repository.
[target_vision_2-3] VISION FPS=30.0
[target_vision_2-3] VISION PERF read=14.4ms detect=219.7ms/detect post=3.7ms display=15.1ms
[target_vision_2-3] VISION FPS=30.0
[target_vision_2-3] VISION PERF read=13.8ms detect=219.0ms/detect post=3.8ms display=15.7ms
[target_vision_2-3] VISION FPS=29.9
[target_vision_2-3] Library QUIRC is not linked. No decoding is performed. Take it to the OpenCV repository.
[target_vision_2-3] VISION PERF read=14.1ms detect=220.4ms/detect post=3.7ms display=15.4ms
[target_vision_2-3] VISION FPS=29.9
[target_vision_2-3] VISION PERF read=13.7ms detect=222.2ms/detect post=3.6ms display=16.0ms
[target_vision_2-3] VISION FPS=30.3
[target_vision_2-3] VISION PERF read=13.7ms detect=219.1ms/detect post=3.5ms display=16.0ms
[target_vision_2-3] Library QUIRC is not linked. No decoding is performed. Take it to the OpenCV repository.
[target_vision_2-3] VISION FPS=30.3
[target_vision_2-3] Library QUIRC is not linked. No decoding is performed. Take it to the OpenCV repository.
[target_vision_2-3] VISION PERF read=14.1ms detect=223.2ms/detect post=3.8ms display=15.4ms
[target_vision_2-3] Library QUIRC is not linked. No decoding is performed. Take it to the OpenCV repository.
[target_vision_2-3] Library QUIRC is not linked. No decoding is performed. Take it to the OpenCV repository.
[target_vision_2-3] VISION FPS=30.0
[target_vision_2-3] Library QUIRC is not linked. No decoding is performed. Take it to the OpenCV repository.
[target_vision_2-3] VISION PERF read=14.2ms detect=221.9ms/detect post=3.6ms display=15.5ms
[target_vision_2-3] VISION FPS=30.0
[target_vision_2-3] VISION PERF read=14.3ms detect=219.9ms/detect post=3.5ms display=15.4ms
[target_vision_2-3] Library QUIRC is not linked. No decoding is performed. Take it to the OpenCV repository.
[target_vision_2-3] VISION FPS=30.1
[target_vision_2-3] VISION PERF read=13.8ms detect=220.9ms/detect post=3.6ms display=15.7ms
[target_vision_2-3] VISION FPS=30.0
[target_vision_2-3] Library QUIRC is not linked. No decoding is performed. Take it to the OpenCV repository.
[target_vision_2-3] VISION PERF read=14.1ms detect=221.2ms/detect post=3.9ms display=15.3ms
[target_vision_2-3] Library QUIRC is not linked. No decoding is performed. Take it to the OpenCV repository.
[target_vision_2-3] VISION FPS=30.0
[target_vision_2-3] VISION PERF read=13.7ms detect=221.4ms/detect post=3.8ms display=15.7ms
[target_vision_2-3] Library QUIRC is not linked. No decoding is performed. Take it to the OpenCV repository.
[target_vision_2-3] VISION FPS=30.0
[target_vision_2-3] VISION PERF read=14.0ms detect=221.8ms/detect post=3.7ms display=15.4ms
[target_vision_2-3] VISION FPS=30.0
[target_vision_2-3] VISION PERF read=14.1ms detect=219.6ms/detect post=3.5ms display=15.6ms
[target_vision_2-3] Library QUIRC is not linked. No decoding is performed. Take it to the OpenCV repository.
[target_vision_2-3] VISION FPS=30.1
[target_vision_2-3] VISION PERF read=13.9ms detect=221.8ms/detect post=3.6ms display=15.8ms
[target_vision_2-3] VISION FPS=30.0
[target_vision_2-3] VISION PERF read=13.7ms detect=227.7ms/detect post=3.8ms display=15.7ms
[target_vision_2-3] VISION FPS=30.1
[target_vision_2-3] Library QUIRC is not linked. No decoding is performed. Take it to the OpenCV repository.
[target_vision_2-3] VISION PERF read=14.0ms detect=219.4ms/detect post=3.7ms display=15.5ms
[target_vision_2-3] Library QUIRC is not linked. No decoding is performed. Take it to the OpenCV repository.
[target_vision_2-3] VISION FPS=30.0
[target_vision_2-3] Library QUIRC is not linked. No decoding is performed. Take it to the OpenCV repository.
[target_vision_2-3] VISION PERF read=13.8ms detect=220.7ms/detect post=3.8ms display=15.7ms
[target_vision_2-3] VISION FPS=29.8
[target_vision_2-3] VISION PERF read=13.9ms detect=219.6ms/detect post=3.8ms display=15.4ms
[target_vision_2-3] VISION FPS=30.0
[target_vision_2-3] Library QUIRC is not linked. No decoding is performed. Take it to the OpenCV repository.
[target_vision_2-3] VISION PERF read=14.1ms detect=223.5ms/detect post=3.8ms display=15.4ms
[target_vision_2-3] Library QUIRC is not linked. No decoding is performed. Take it to the OpenCV repository.
[target_vision_2-3] VISION FPS=30.0
[target_vision_2-3] Library QUIRC is not linked. No decoding is performed. Take it to the OpenCV repository.
[target_vision_2-3] Library QUIRC is not linked. No decoding is performed. Take it to the OpenCV repository.
[target_vision_2-3] VISION PERF read=14.0ms detect=220.3ms/detect post=3.7ms display=15.5ms
[target_vision_2-3] VISION FPS=30.0
[target_vision_2-3] Library QUIRC is not linked. No decoding is performed. Take it to the OpenCV repository.
[target_vision_2-3] VISION PERF read=14.3ms detect=217.9ms/detect post=3.7ms display=15.3ms
[target_vision_2-3] Library QUIRC is not linked. No decoding is performed. Take it to the OpenCV repository.
[target_vision_2-3] VISION FPS=30.0
[target_vision_2-3] Library QUIRC is not linked. No decoding is performed. Take it to the OpenCV repository.
[target_vision_2-3] VISION PERF read=14.3ms detect=221.3ms/detect post=3.6ms display=15.4ms
[target_vision_2-3] VISION FPS=30.0
[target_vision_2-3] Library QUIRC is not linked. No decoding is performed. Take it to the OpenCV repository.
[target_vision_2-3] VISION PERF read=13.8ms detect=218.5ms/detect post=3.7ms display=15.7ms
[target_vision_2-3] VISION FPS=30.0
[target_vision_2-3] VISION PERF read=13.9ms detect=218.6ms/detect post=3.8ms display=15.6ms
[target_vision_2-3] Library QUIRC is not linked. No decoding is performed. Take it to the OpenCV repository.
[target_vision_2-3] VISION FPS=30.0
[target_vision_2-3] VISION PERF read=14.3ms detect=220.4ms/detect post=3.8ms display=15.1ms
[target_vision_2-3] VISION FPS=30.1
[target_vision_2-3] VISION PERF read=14.2ms detect=219.9ms/detect post=3.7ms display=15.4ms
[target_vision_2-3] Library QUIRC is not linked. No decoding is performed. Take it to the OpenCV repository.
[target_vision_2-3] VISION FPS=30.0
[target_vision_2-3] VISION PERF read=13.9ms detect=222.1ms/detect post=3.6ms display=15.8ms
[target_vision_2-3] VISION FPS=29.8
[target_vision_2-3] VISION PERF read=14.0ms detect=220.2ms/detect post=3.6ms display=15.6ms
[target_vision_2-3] VISION FPS=29.8
[target_vision_2-3] Library QUIRC is not linked. No decoding is performed. Take it to the OpenCV repository.
[target_vision_2-3] Library QUIRC is not linked. No decoding is performed. Take it to the OpenCV repository.
[target_vision_2-3] VISION PERF read=14.5ms detect=219.3ms/detect post=3.8ms display=14.9ms
[target_vision_2-3] VISION FPS=30.0
[target_vision_2-3] VISION PERF read=14.0ms detect=220.7ms/detect post=3.6ms display=15.5ms
[target_vision_2-3] VISION FPS=30.1
[target_vision_2-3] Library QUIRC is not linked. No decoding is performed. Take it to the OpenCV repository.
[target_vision_2-3] VISION PERF read=14.1ms detect=217.0ms/detect post=3.6ms display=15.6ms
[target_vision_2-3] Library QUIRC is not linked. No decoding is performed. Take it to the OpenCV repository.
[target_vision_2-3] VISION FPS=30.1
[target_vision_2-3] VISION PERF read=14.2ms detect=221.3ms/detect post=3.6ms display=15.5ms
[target_vision_2-3] Library QUIRC is not linked. No decoding is performed. Take it to the OpenCV repository.
[target_vision_2-3] VISION FPS=30.3
[target_vision_2-3] Library QUIRC is not linked. No decoding is performed. Take it to the OpenCV repository.
[target_vision_2-3] Library QUIRC is not linked. No decoding is performed. Take it to the OpenCV repository.
[target_vision_2-3] VISION PERF read=14.5ms detect=220.1ms/detect post=3.5ms display=15.3ms
[target_vision_2-3] VISION FPS=30.0
[target_vision_2-3] VISION PERF read=14.2ms detect=217.8ms/detect post=3.6ms display=15.4ms
[target_vision_2-3] VISION FPS=29.9
[target_vision_2-3] VISION PERF read=14.1ms detect=217.8ms/detect post=3.3ms display=15.8ms
[target_vision_2-3] VISION FPS=30.0
[target_vision_2-3] VISION PERF read=13.8ms detect=220.9ms/detect post=3.5ms display=15.8ms
[target_vision_2-3] VISION FPS=29.9
[target_vision_2-3] Library QUIRC is not linked. No decoding is performed. Take it to the OpenCV repository.
[target_vision_2-3] VISION PERF read=14.8ms detect=221.1ms/detect post=3.2ms display=15.2ms
[target_vision_2-3] VISION FPS=30.0
[target_vision_2-3] VISION PERF read=14.0ms detect=219.1ms/detect post=3.4ms display=15.7ms
[target_vision_2-3] VISION FPS=30.0
[target_vision_2-3] VISION PERF read=14.0ms detect=220.9ms/detect post=3.3ms display=15.9ms
[target_vision_2-3] VISION FPS=30.1
[target_vision_2-3] Library QUIRC is not linked. No decoding is performed. Take it to the OpenCV repository.
[target_vision_2-3] VISION PERF read=14.2ms detect=221.3ms/detect post=3.4ms display=15.7ms
[target_vision_2-3] Library QUIRC is not linked. No decoding is performed. Take it to the OpenCV repository.
[target_vision_2-3] VISION FPS=30.2
[target_vision_2-3] Library QUIRC is not linked. No decoding is performed. Take it to the OpenCV repository.
[target_vision_2-3] Library QUIRC is not linked. No decoding is performed. Take it to the OpenCV repository.
[target_vision_2-3] VISION PERF read=14.2ms detect=220.0ms/detect post=3.6ms display=15.4ms
[target_vision_2-3] VISION FPS=30.1
[target_vision_2-3] VISION PERF read=13.9ms detect=220.8ms/detect post=3.3ms display=16.1ms
[target_vision_2-3] VISION FPS=29.9
[target_vision_2-3] VISION PERF read=13.8ms detect=219.6ms/detect post=3.6ms display=15.8ms
[target_vision_2-3] VISION FPS=30.2
[target_vision_2-3] VISION PERF read=13.9ms detect=218.4ms/detect post=3.4ms display=15.9ms
[target_vision_2-3] VISION FPS=30.2
[target_vision_2-3] VISION PERF read=14.3ms detect=220.0ms/detect post=3.4ms display=15.5ms
[target_vision_2-3] Library QUIRC is not linked. No decoding is performed. Take it to the OpenCV repository.
[target_vision_2-3] VISION FPS=30.2
[target_vision_2-3] VISION PERF read=14.5ms detect=220.0ms/detect post=3.5ms display=15.2ms
[target_vision_2-3] VISION FPS=29.8
[target_vision_2-3] VISION PERF read=14.1ms detect=220.3ms/detect post=3.7ms display=15.5ms
[target_vision_2-3] VISION FPS=30.0
[target_vision_2-3] VISION PERF read=14.5ms detect=219.5ms/detect post=3.5ms display=15.4ms
[target_vision_2-3] Library QUIRC is not linked. No decoding is performed. Take it to the OpenCV repository.
[target_vision_2-3] VISION FPS=29.9
[target_vision_2-3] VISION PERF read=13.9ms detect=222.2ms/detect post=3.6ms display=15.5ms
[target_vision_2-3] Library QUIRC is not linked. No decoding is performed. Take it to the OpenCV repository.
[target_vision_2-3] VISION FPS=29.9
[target_vision_2-3] VISION PERF read=13.8ms detect=218.7ms/detect post=3.6ms display=15.8ms
[target_vision_2-3] Library QUIRC is not linked. No decoding is performed. Take it to the OpenCV repository.
[target_vision_2-3] VISION FPS=30.0
[target_vision_2-3] Library QUIRC is not linked. No decoding is performed. Take it to the OpenCV repository.
[target_vision_2-3] VISION PERF read=13.9ms detect=220.0ms/detect post=3.5ms display=15.9ms
[target_vision_2-3] Library QUIRC is not linked. No decoding is performed. Take it to the OpenCV repository.
[target_vision_2-3] VISION FPS=30.1
[target_vision_2-3] VISION PERF read=13.8ms detect=222.3ms/detect post=3.9ms display=15.5ms
[target_vision_2-3] VISION FPS=30.0
[target_vision_2-3] Library QUIRC is not linked. No decoding is performed. Take it to the OpenCV repository.
[target_vision_2-3] VISION PERF read=13.8ms detect=221.7ms/detect post=3.6ms display=15.8ms
[target_vision_2-3] VISION FPS=30.0
[target_vision_2-3] Library QUIRC is not linked. No decoding is performed. Take it to the OpenCV repository.
[target_vision_2-3] VISION PERF read=13.9ms detect=221.8ms/detect post=3.6ms display=15.8ms
[target_vision_2-3] VISION FPS=30.0
[target_vision_2-3] Library QUIRC is not linked. No decoding is performed. Take it to the OpenCV repository.
[target_vision_2-3] VISION PERF read=14.0ms detect=219.0ms/detect post=3.7ms display=15.5ms
[target_vision_2-3] Library QUIRC is not linked. No decoding is performed. Take it to the OpenCV repository.
[target_vision_2-3] VISION FPS=29.9
[target_vision_2-3] VISION PERF read=14.2ms detect=220.2ms/detect post=3.7ms display=15.4ms
[target_vision_2-3] VISION FPS=30.2
[target_vision_2-3] VISION PERF read=14.0ms detect=218.1ms/detect post=3.8ms display=15.4ms
[target_vision_2-3] VISION FPS=30.0
[target_vision_2-3] VISION PERF read=13.7ms detect=221.5ms/detect post=3.7ms display=15.9ms
[target_vision_2-3] Library QUIRC is not linked. No decoding is performed. Take it to the OpenCV repository.
[target_vision_2-3] VISION FPS=30.2
[target_vision_2-3] VISION PERF read=14.3ms detect=220.2ms/detect post=3.8ms display=15.1ms
[target_vision_2-3] Library QUIRC is not linked. No decoding is performed. Take it to the OpenCV repository.
[target_vision_2-3] Library QUIRC is not linked. No decoding is performed. Take it to the OpenCV repository.
[target_vision_2-3] VISION FPS=30.1
[target_vision_2-3] Library QUIRC is not linked. No decoding is performed. Take it to the OpenCV repository.
[target_vision_2-3] VISION PERF read=13.7ms detect=223.3ms/detect post=3.6ms display=15.9ms
[target_vision_2-3] Library QUIRC is not linked. No decoding is performed. Take it to the OpenCV repository.
[target_vision_2-3] VISION FPS=30.3
[target_vision_2-3] VISION PERF read=13.7ms detect=223.0ms/detect post=3.6ms display=16.1ms
[target_vision_2-3] VISION FPS=30.1
[target_vision_2-3] Library QUIRC is not linked. No decoding is performed. Take it to the OpenCV repository.
[target_vision_2-3] Library QUIRC is not linked. No decoding is performed. Take it to the OpenCV repository.
[target_vision_2-3] VISION PERF read=13.8ms detect=221.7ms/detect post=3.7ms display=15.6ms
[target_vision_2-3] VISION FPS=30.1
[target_vision_2-3] VISION PERF read=14.1ms detect=219.2ms/detect post=3.8ms display=15.4ms
[target_vision_2-3] VISION FPS=30.0
[target_vision_2-3] VISION PERF read=14.2ms detect=219.2ms/detect post=3.5ms display=15.4ms
[target_vision_2-3] VISION FPS=30.3
[target_vision_2-3] VISION PERF read=14.2ms detect=219.6ms/detect post=4.0ms display=15.1ms
[target_vision_2-3] Library QUIRC is not linked. No decoding is performed. Take it to the OpenCV repository.
[target_vision_2-3] VISION FPS=29.9
[target_vision_2-3] Library QUIRC is not linked. No decoding is performed. Take it to the OpenCV repository.
[target_vision_2-3] Library QUIRC is not linked. No decoding is performed. Take it to the OpenCV repository.
[target_vision_2-3] VISION PERF read=13.7ms detect=225.9ms/detect post=3.6ms display=16.0ms
[target_vision_2-3] VISION FPS=30.1
[target_vision_2-3] Library QUIRC is not linked. No decoding is performed. Take it to the OpenCV repository.
[target_vision_2-3] VISION PERF read=13.5ms detect=219.1ms/detect post=3.8ms display=16.0ms
[target_vision_2-3] VISION FPS=30.0
[target_vision_2-3] Library QUIRC is not linked. No decoding is performed. Take it to the OpenCV repository.
[target_vision_2-3] VISION PERF read=13.7ms detect=222.9ms/detect post=3.6ms display=15.9ms
[target_vision_2-3] VISION FPS=30.0
[target_vision_2-3] Library QUIRC is not linked. No decoding is performed. Take it to the OpenCV repository.
[target_vision_2-3] Library QUIRC is not linked. No decoding is performed. Take it to the OpenCV repository.
[target_vision_2-3] VISION PERF read=13.9ms detect=222.0ms/detect post=3.6ms display=15.7ms
[target_vision_2-3] VISION FPS=29.9
[target_vision_2-3] VISION PERF read=13.7ms detect=221.5ms/detect post=3.9ms display=15.7ms
[target_vision_2-3] VISION FPS=30.0
[target_vision_2-3] VISION PERF read=14.1ms detect=220.1ms/detect post=3.6ms display=15.5ms
[target_vision_2-3] VISION FPS=30.0
[target_vision_2-3] VISION PERF read=14.1ms detect=219.6ms/detect post=3.7ms display=15.4ms
[target_vision_2-3] VISION FPS=30.0
[target_vision_2-3] VISION PERF read=13.7ms detect=220.5ms/detect post=3.6ms display=15.9ms
[target_vision_2-3] VISION FPS=29.9
[target_vision_2-3] Library QUIRC is not linked. No decoding is performed. Take it to the OpenCV repository.
[target_vision_2-3] VISION PERF read=14.1ms detect=222.2ms/detect post=3.8ms display=15.3ms
[target_vision_2-3] VISION FPS=30.0
[target_vision_2-3] VISION PERF read=13.4ms detect=221.4ms/detect post=3.8ms display=16.0ms
[target_vision_2-3] VISION FPS=30.1
[target_vision_2-3] VISION PERF read=13.5ms detect=220.4ms/detect post=3.8ms display=16.0ms
[target_vision_2-3] VISION FPS=30.0
[target_vision_2-3] Library QUIRC is not linked. No decoding is performed. Take it to the OpenCV repository.
[target_vision_2-3] VISION PERF read=13.9ms detect=222.8ms/detect post=3.6ms display=15.6ms
[target_vision_2-3] VISION FPS=30.0
[target_vision_2-3] VISION PERF read=14.1ms detect=218.7ms/detect post=3.6ms display=15.5ms
[target_vision_2-3] VISION FPS=29.9
[target_vision_2-3] VISION PERF read=14.6ms detect=219.6ms/detect post=3.4ms display=15.2ms
[target_vision_2-3] Library QUIRC is not linked. No decoding is performed. Take it to the OpenCV repository.
[target_vision_2-3] VISION FPS=30.0
[target_vision_2-3] Library QUIRC is not linked. No decoding is performed. Take it to the OpenCV repository.
[target_vision_2-3] VISION PERF read=14.5ms detect=219.1ms/detect post=3.4ms display=15.4ms
[target_vision_2-3] VISION FPS=30.0
[target_vision_2-3] Library QUIRC is not linked. No decoding is performed. Take it to the OpenCV repository.
[target_vision_2-3] VISION PERF read=13.9ms detect=220.5ms/detect post=3.6ms display=15.7ms
[target_vision_2-3] VISION FPS=30.0
[target_vision_2-3] Library QUIRC is not linked. No decoding is performed. Take it to the OpenCV repository.
[target_vision_2-3] VISION PERF read=14.5ms detect=226.2ms/detect post=3.4ms display=15.4ms
[target_vision_2-3] VISION FPS=30.2
[target_vision_2-3] Library QUIRC is not linked. No decoding is performed. Take it to the OpenCV repository.
[target_vision_2-3] VISION PERF read=14.3ms detect=216.2ms/detect post=3.6ms display=15.3ms
[target_vision_2-3] VISION FPS=30.0
[target_vision_2-3] Library QUIRC is not linked. No decoding is performed. Take it to the OpenCV repository.
[target_vision_2-3] VISION PERF read=14.4ms detect=221.0ms/detect post=3.4ms display=15.5ms
[target_vision_2-3] VISION FPS=30.2
[target_vision_2-3] Library QUIRC is not linked. No decoding is performed. Take it to the OpenCV repository.
[target_vision_2-3] VISION PERF read=14.0ms detect=220.2ms/detect post=3.4ms display=15.8ms
[target_vision_2-3] VISION FPS=30.0
[target_vision_2-3] Library QUIRC is not linked. No decoding is performed. Take it to the OpenCV repository.
[target_vision_2-3] VISION PERF read=14.1ms detect=220.0ms/detect post=3.6ms display=15.6ms
[target_vision_2-3] VISION FPS=30.2
[target_vision_2-3] VISION PERF read=14.5ms detect=219.0ms/detect post=3.4ms display=15.3ms
[target_vision_2-3] Library QUIRC is not linked. No decoding is performed. Take it to the OpenCV repository.
[target_vision_2-3] VISION FPS=30.0
[target_vision_2-3] Library QUIRC is not linked. No decoding is performed. Take it to the OpenCV repository.
[target_vision_2-3] Library QUIRC is not linked. No decoding is performed. Take it to the OpenCV repository.
[target_vision_2-3] VISION PERF read=14.1ms detect=220.9ms/detect post=3.6ms display=15.6ms
[target_vision_2-3] VISION FPS=29.9
[target_vision_2-3] VISION PERF read=14.0ms detect=220.5ms/detect post=3.6ms display=15.5ms
[target_vision_2-3] VISION FPS=30.0
[target_vision_2-3] Library QUIRC is not linked. No decoding is performed. Take it to the OpenCV repository.
[target_vision_2-3] VISION PERF read=14.7ms detect=218.0ms/detect post=3.4ms display=15.2ms
[target_vision_2-3] VISION FPS=29.8
[target_vision_2-3] VISION PERF read=14.2ms detect=218.4ms/detect post=3.6ms display=15.5ms
[target_vision_2-3] VISION FPS=29.8
[target_vision_2-3] Library QUIRC is not linked. No decoding is performed. Take it to the OpenCV repository.
[target_vision_2-3] VISION PERF read=14.2ms detect=220.3ms/detect post=3.5ms display=15.4ms
[target_vision_2-3] VISION FPS=29.8
[target_vision_2-3] VISION PERF read=14.1ms detect=220.5ms/detect post=3.3ms display=15.8ms
[target_vision_2-3] VISION FPS=30.1
[target_vision_2-3] Library QUIRC is not linked. No decoding is performed. Take it to the OpenCV repository.
[target_vision_2-3] VISION PERF read=14.5ms detect=218.7ms/detect post=3.4ms display=15.3ms
[target_vision_2-3] VISION FPS=30.0
[target_vision_2-3] VISION PERF read=14.2ms detect=217.6ms/detect post=3.4ms display=15.7ms
[target_vision_2-3] VISION FPS=30.0
[target_vision_2-3] VISION PERF read=14.2ms detect=216.8ms/detect post=3.7ms display=15.2ms
[target_vision_2-3] Library QUIRC is not linked. No decoding is performed. Take it to the OpenCV repository.
[target_vision_2-3] Library QUIRC is not linked. No decoding is performed. Take it to the OpenCV repository.
[target_vision_2-3] VISION FPS=30.0
[target_vision_2-3] VISION PERF read=13.9ms detect=219.0ms/detect post=3.4ms display=15.9ms
[target_vision_2-3] VISION FPS=30.1
[target_vision_2-3] Library QUIRC is not linked. No decoding is performed. Take it to the OpenCV repository.
[target_vision_2-3] VISION PERF read=14.5ms detect=218.1ms/detect post=3.5ms display=15.2ms
[target_vision_2-3] VISION FPS=30.0
[target_vision_2-3] VISION PERF read=14.5ms detect=217.0ms/detect post=3.4ms display=15.4ms
[target_vision_2-3] VISION FPS=30.0
[target_vision_2-3] VISION PERF read=14.2ms detect=214.2ms/detect post=3.3ms display=15.6ms
[target_vision_2-3] VISION FPS=30.0
[target_vision_2-3] Library QUIRC is not linked. No decoding is performed. Take it to the OpenCV repository.
[target_vision_2-3] VISION PERF read=14.0ms detect=219.5ms/detect post=3.5ms display=15.7ms
[target_vision_2-3] VISION FPS=30.0
[target_vision_2-3] VISION PERF read=14.2ms detect=218.7ms/detect post=3.4ms display=15.6ms
[target_vision_2-3] Library QUIRC is not linked. No decoding is performed. Take it to the OpenCV repository.
[target_vision_2-3] VISION FPS=30.0
[target_vision_2-3] Library QUIRC is not linked. No decoding is performed. Take it to the OpenCV repository.
[target_vision_2-3] VISION PERF read=13.9ms detect=220.2ms/detect post=3.7ms display=15.7ms
[target_vision_2-3] VISION FPS=30.0
[target_vision_2-3] VISION PERF read=14.0ms detect=217.5ms/detect post=3.6ms display=15.6ms
[target_vision_2-3] VISION FPS=30.0
[target_vision_2-3] VISION PERF read=14.3ms detect=219.0ms/detect post=3.7ms display=15.2ms
[target_vision_2-3] VISION FPS=30.0
[target_vision_2-3] VISION PERF read=14.3ms detect=219.1ms/detect post=3.2ms display=15.6ms
[target_vision_2-3] Library QUIRC is not linked. No decoding is performed. Take it to the OpenCV repository.
[target_vision_2-3] Library QUIRC is not linked. No decoding is performed. Take it to the OpenCV repository.
[target_vision_2-3] VISION FPS=30.0
[target_vision_2-3] VISION PERF read=14.1ms detect=219.3ms/detect post=3.4ms display=15.9ms
[target_vision_2-3] Library QUIRC is not linked. No decoding is performed. Take it to the OpenCV repository.
[target_vision_2-3] Library QUIRC is not linked. No decoding is performed. Take it to the OpenCV repository.
[target_vision_2-3] Library QUIRC is not linked. No decoding is performed. Take it to the OpenCV repository.
[target_vision_2-3] VISION FPS=30.0
[target_vision_2-3] Library QUIRC is not linked. No decoding is performed. Take it to the OpenCV repository.
[target_vision_2-3] VISION PERF read=14.0ms detect=220.8ms/detect post=3.3ms display=15.8ms
[target_vision_2-3] VISION FPS=29.9
[target_vision_2-3] VISION PERF read=14.6ms detect=216.3ms/detect post=3.3ms display=15.4ms
[target_vision_2-3] VISION FPS=30.4
[target_vision_2-3] VISION PERF read=14.3ms detect=215.7ms/detect post=3.3ms display=15.7ms
[target_vision_2-3] VISION FPS=30.0
[target_vision_2-3] Library QUIRC is not linked. No decoding is performed. Take it to the OpenCV repository.
[target_vision_2-3] VISION PERF read=14.2ms detect=218.4ms/detect post=3.1ms display=15.8ms
[target_vision_2-3] Library QUIRC is not linked. No decoding is performed. Take it to the OpenCV repository.
[target_vision_2-3] VISION FPS=30.1
[target_vision_2-3] Library QUIRC is not linked. No decoding is performed. Take it to the OpenCV repository.
[target_vision_2-3] VISION PERF read=14.5ms detect=217.4ms/detect post=3.5ms display=15.2ms
[target_vision_2-3] VISION FPS=30.1
[target_vision_2-3] VISION PERF read=14.7ms detect=215.9ms/detect post=3.4ms display=15.1ms
[target_vision_2-3] VISION FPS=30.3
[target_vision_2-3] VISION PERF read=14.2ms detect=216.6ms/detect post=3.5ms display=15.5ms
[target_vision_2-3] VISION FPS=30.0
[target_vision_2-3] Library QUIRC is not linked. No decoding is performed. Take it to the OpenCV repository.
[target_vision_2-3] VISION PERF read=14.0ms detect=219.5ms/detect post=3.4ms display=15.8ms
[target_vision_2-3] VISION FPS=29.9
[target_vision_2-3] VISION PERF read=14.2ms detect=217.7ms/detect post=3.4ms display=15.6ms
[target_vision_2-3] Library QUIRC is not linked. No decoding is performed. Take it to the OpenCV repository.
[target_vision_2-3] VISION FPS=30.1
[target_vision_2-3] VISION PERF read=14.4ms detect=215.4ms/detect post=3.6ms display=15.3ms
[target_vision_2-3] VISION FPS=30.1
[target_vision_2-3] VISION PERF read=13.9ms detect=217.6ms/detect post=3.3ms display=16.0ms
[target_vision_2-3] VISION FPS=30.0
[target_vision_2-3] VISION PERF read=14.7ms detect=215.7ms/detect post=3.4ms display=15.1ms
[target_vision_2-3] Library QUIRC is not linked. No decoding is performed. Take it to the OpenCV repository.
[target_vision_2-3] VISION FPS=30.3
[target_vision_2-3] Library QUIRC is not linked. No decoding is performed. Take it to the OpenCV repository.
[target_vision_2-3] VISION PERF read=14.3ms detect=217.6ms/detect post=3.3ms display=15.7ms
[target_vision_2-3] Library QUIRC is not linked. No decoding is performed. Take it to the OpenCV repository.
[target_vision_2-3] VISION FPS=30.5
[target_vision_2-3] VISION PERF read=14.3ms detect=217.1ms/detect post=3.3ms display=15.6ms
[target_vision_2-3] VISION FPS=30.1
[target_vision_2-3] Library QUIRC is not linked. No decoding is performed. Take it to the OpenCV repository.
[target_vision_2-3] Library QUIRC is not linked. No decoding is performed. Take it to the OpenCV repository.
[target_vision_2-3] VISION PERF read=14.2ms detect=220.3ms/detect post=3.4ms display=15.6ms
[target_vision_2-3] VISION FPS=30.3
[target_vision_2-3] VISION PERF read=14.2ms detect=216.8ms/detect post=3.6ms display=15.4ms
[target_vision_2-3] VISION FPS=30.0
[target_vision_2-3] VISION PERF read=14.4ms detect=219.6ms/detect post=3.3ms display=15.6ms
[target_vision_2-3] VISION FPS=30.1
[target_vision_2-3] VISION PERF read=14.5ms detect=218.2ms/detect post=3.4ms display=15.3ms
[target_vision_2-3] Library QUIRC is not linked. No decoding is performed. Take it to the OpenCV repository.
[target_vision_2-3] VISION FPS=30.1
[target_vision_2-3] VISION PERF read=14.5ms detect=217.6ms/detect post=3.3ms display=15.4ms
[target_vision_2-3] VISION FPS=29.9
[target_vision_2-3] Library QUIRC is not linked. No decoding is performed. Take it to the OpenCV repository.
[target_vision_2-3] VISION PERF read=14.6ms detect=217.0ms/detect post=3.5ms display=15.1ms
[target_vision_2-3] Library QUIRC is not linked. No decoding is performed. Take it to the OpenCV repository.
[target_vision_2-3] VISION FPS=30.1
[target_vision_2-3] Library QUIRC is not linked. No decoding is performed. Take it to the OpenCV repository.
[target_vision_2-3] Library QUIRC is not linked. No decoding is performed. Take it to the OpenCV repository.
[target_vision_2-3] VISION PERF read=14.3ms detect=220.0ms/detect post=3.4ms display=15.6ms
[target_vision_2-3] Library QUIRC is not linked. No decoding is performed. Take it to the OpenCV repository.
[target_vision_2-3] Library QUIRC is not linked. No decoding is performed. Take it to the OpenCV repository.
[target_vision_2-3] VISION FPS=29.9
[target_vision_2-3] VISION PERF read=14.4ms detect=219.7ms/detect post=3.4ms display=15.5ms
[target_vision_2-3] VISION FPS=30.1
[target_vision_2-3] VISION PERF read=13.9ms detect=220.1ms/detect post=3.4ms display=16.0ms
[target_vision_2-3] VISION FPS=29.8
[target_vision_2-3] VISION PERF read=14.1ms detect=219.9ms/detect post=3.4ms display=15.7ms
[target_vision_2-3] Library QUIRC is not linked. No decoding is performed. Take it to the OpenCV repository.
[target_vision_2-3] VISION FPS=29.9
[target_vision_2-3] VISION PERF read=14.2ms detect=218.3ms/detect post=3.7ms display=15.4ms
[target_vision_2-3] VISION FPS=30.0
[target_vision_2-3] Library QUIRC is not linked. No decoding is performed. Take it to the OpenCV repository.
[target_vision_2-3] VISION PERF read=14.5ms detect=217.4ms/detect post=3.4ms display=15.3ms
[target_vision_2-3] VISION FPS=30.0
[target_vision_2-3] VISION PERF read=14.1ms detect=218.7ms/detect post=3.4ms display=15.7ms
[target_vision_2-3] VISION FPS=30.1
[target_vision_2-3] VISION PERF read=14.0ms detect=220.3ms/detect post=3.5ms display=15.7ms
[target_vision_2-3] Library QUIRC is not linked. No decoding is performed. Take it to the OpenCV repository.
[target_vision_2-3] VISION FPS=30.2
[target_vision_2-3] VISION PERF read=14.1ms detect=220.8ms/detect post=3.3ms display=15.8ms
[target_vision_2-3] Library QUIRC is not linked. No decoding is performed. Take it to the OpenCV repository.
[target_vision_2-3] VISION FPS=29.9
[target_vision_2-3] VISION PERF read=14.3ms detect=219.6ms/detect post=3.6ms display=15.4ms
[target_vision_2-3] Library QUIRC is not linked. No decoding is performed. Take it to the OpenCV repository.
[target_vision_2-3] VISION FPS=29.9
[target_vision_2-3] VISION PERF read=14.4ms detect=219.4ms/detect post=3.5ms display=15.3ms
[target_vision_2-3] VISION FPS=30.1
[target_vision_2-3] VISION PERF read=13.9ms detect=221.9ms/detect post=3.2ms display=16.0ms
[target_vision_2-3] VISION FPS=29.9
[target_vision_2-3] Library QUIRC is not linked. No decoding is performed. Take it to the OpenCV repository.
[target_vision_2-3] VISION PERF read=14.4ms detect=219.1ms/detect post=3.4ms display=15.5ms
[target_vision_2-3] Library QUIRC is not linked. No decoding is performed. Take it to the OpenCV repository.
[target_vision_2-3] VISION FPS=30.2
[target_vision_2-3] Library QUIRC is not linked. No decoding is performed. Take it to the OpenCV repository.
[target_vision_2-3] VISION PERF read=13.8ms detect=219.2ms/detect post=3.6ms display=15.9ms
[target_vision_2-3] Library QUIRC is not linked. No decoding is performed. Take it to the OpenCV repository.
[target_vision_2-3] VISION FPS=30.1
[target_vision_2-3] VISION PERF read=14.4ms detect=219.1ms/detect post=3.4ms display=15.4ms
[target_vision_2-3] VISION FPS=30.0
[target_vision_2-3] VISION PERF read=14.7ms detect=219.5ms/detect post=3.3ms display=15.2ms
[target_vision_2-3] VISION FPS=29.9
[target_vision_2-3] VISION PERF read=14.1ms detect=220.0ms/detect post=3.4ms display=15.8ms
[target_vision_2-3] Library QUIRC is not linked. No decoding is performed. Take it to the OpenCV repository.
[target_vision_2-3] VISION FPS=30.0
[target_vision_2-3] VISION PERF read=14.8ms detect=224.8ms/detect post=3.3ms display=15.2ms
[target_vision_2-3] Library QUIRC is not linked. No decoding is performed. Take it to the OpenCV repository.
[target_vision_2-3] VISION FPS=30.0
[target_vision_2-3] VISION PERF read=14.1ms detect=219.4ms/detect post=3.5ms display=15.6ms
[target_vision_2-3] Library QUIRC is not linked. No decoding is performed. Take it to the OpenCV repository.
[target_vision_2-3] VISION FPS=30.3
[target_vision_2-3] VISION PERF read=14.1ms detect=219.7ms/detect post=3.4ms display=15.8ms
[target_vision_2-3] VISION FPS=30.1
[target_vision_2-3] VISION PERF read=13.8ms detect=215.8ms/detect post=3.5ms display=15.9ms
[target_vision_2-3] Library QUIRC is not linked. No decoding is performed. Take it to the OpenCV repository.
[target_vision_2-3] VISION FPS=30.1
[target_vision_2-3] VISION PERF read=14.5ms detect=222.5ms/detect post=3.2ms display=15.5ms
[target_vision_2-3] VISION FPS=30.0
[target_vision_2-3] VISION PERF read=13.9ms detect=219.0ms/detect post=3.6ms display=15.7ms
[target_vision_2-3] Library QUIRC is not linked. No decoding is performed. Take it to the OpenCV repository.
[target_vision_2-3] VISION FPS=30.1
[target_vision_2-3] Library QUIRC is not linked. No decoding is performed. Take it to the OpenCV repository.
[target_vision_2-3] VISION PERF read=14.3ms detect=221.0ms/detect post=3.3ms display=15.6ms
[target_vision_2-3] VISION FPS=29.9
[target_vision_2-3] VISION PERF read=14.2ms detect=219.3ms/detect post=3.3ms display=15.8ms
[target_vision_2-3] VISION FPS=30.0
[target_vision_2-3] VISION PERF read=14.2ms detect=219.2ms/detect post=3.4ms display=15.7ms
[target_vision_2-3] VISION FPS=30.0
[target_vision_2-3] Library QUIRC is not linked. No decoding is performed. Take it to the OpenCV repository.
[target_vision_2-3] VISION PERF read=14.7ms detect=221.3ms/detect post=3.4ms display=15.1ms
[target_vision_2-3] Library QUIRC is not linked. No decoding is performed. Take it to the OpenCV repository.
[target_vision_2-3] VISION FPS=30.0
[target_vision_2-3] Library QUIRC is not linked. No decoding is performed. Take it to the OpenCV repository.
[target_vision_2-3] Library QUIRC is not linked. No decoding is performed. Take it to the OpenCV repository.
[target_vision_2-3] VISION PERF read=14.2ms detect=219.7ms/detect post=3.3ms display=15.8ms
[target_vision_2-3] VISION FPS=30.0
[target_vision_2-3] VISION PERF read=14.6ms detect=217.2ms/detect post=3.4ms display=15.3ms
[target_vision_2-3] VISION FPS=30.0
[target_vision_2-3] VISION PERF read=14.4ms detect=217.0ms/detect post=3.4ms display=15.6ms
[target_vision_2-3] VISION FPS=29.9
[target_vision_2-3] VISION PERF read=14.2ms detect=219.0ms/detect post=3.4ms display=15.5ms
[target_vision_2-3] VISION FPS=30.2
[target_vision_2-3] Library QUIRC is not linked. No decoding is performed. Take it to the OpenCV repository.
[target_vision_2-3] VISION PERF read=14.4ms detect=219.3ms/detect post=3.5ms display=15.4ms
[target_vision_2-3] VISION FPS=30.0
[target_vision_2-3] VISION PERF read=14.4ms detect=219.0ms/detect post=3.4ms display=15.5ms
[target_vision_2-3] VISION FPS=30.0
[target_vision_2-3] Library QUIRC is not linked. No decoding is performed. Take it to the OpenCV repository.
[target_vision_2-3] Library QUIRC is not linked. No decoding is performed. Take it to the OpenCV repository.
[target_vision_2-3] VISION PERF read=14.6ms detect=219.1ms/detect post=3.5ms display=15.2ms
[target_vision_2-3] VISION FPS=30.0
[target_vision_2-3] Library QUIRC is not linked. No decoding is performed. Take it to the OpenCV repository.
[target_vision_2-3] VISION PERF read=14.0ms detect=219.5ms/detect post=3.4ms display=15.9ms
[target_vision_2-3] VISION FPS=29.9
[target_vision_2-3] Library QUIRC is not linked. No decoding is performed. Take it to the OpenCV repository.
[target_vision_2-3] VISION PERF read=14.1ms detect=220.7ms/detect post=3.6ms display=15.5ms
[target_vision_2-3] VISION FPS=30.1
[target_vision_2-3] VISION PERF read=14.3ms detect=217.9ms/detect post=3.5ms display=15.4ms
[target_vision_2-3] Library QUIRC is not linked. No decoding is performed. Take it to the OpenCV repository.
[target_vision_2-3] VISION FPS=30.0
[target_vision_2-3] VISION PERF read=14.1ms detect=221.1ms/detect post=3.3ms display=15.9ms
[target_vision_2-3] VISION FPS=29.9
[target_vision_2-3] VISION PERF read=14.1ms detect=219.1ms/detect post=3.4ms display=15.7ms
[target_vision_2-3] VISION FPS=30.1
[target_vision_2-3] VISION PERF read=14.2ms detect=219.8ms/detect post=3.5ms display=15.4ms
[target_vision_2-3] Library QUIRC is not linked. No decoding is performed. Take it to the OpenCV repository.
[target_vision_2-3] VISION FPS=30.0
[target_vision_2-3] VISION PERF read=14.7ms detect=219.6ms/detect post=3.4ms display=15.2ms
[target_vision_2-3] VISION FPS=30.0
[target_vision_2-3] VISION PERF read=14.5ms detect=219.0ms/detect post=3.4ms display=15.3ms
[target_vision_2-3] VISION FPS=30.0
[target_vision_2-3] Library QUIRC is not linked. No decoding is performed. Take it to the OpenCV repository.
[target_vision_2-3] VISION PERF read=14.2ms detect=219.7ms/detect post=3.3ms display=15.8ms
[target_vision_2-3] VISION FPS=30.4
[target_vision_2-3] Library QUIRC is not linked. No decoding is performed. Take it to the OpenCV repository.
[target_vision_2-3] VISION PERF read=14.3ms detect=217.1ms/detect post=3.5ms display=15.5ms
[target_vision_2-3] Library QUIRC is not linked. No decoding is performed. Take it to the OpenCV repository.
[target_vision_2-3] VISION FPS=30.2
[target_vision_2-3] Library QUIRC is not linked. No decoding is performed. Take it to the OpenCV repository.
[target_vision_2-3] VISION PERF read=14.3ms detect=217.3ms/detect post=3.5ms display=15.4ms
[target_vision_2-3] Library QUIRC is not linked. No decoding is performed. Take it to the OpenCV repository.
[target_vision_2-3] VISION FPS=30.0
[target_vision_2-3] Library QUIRC is not linked. No decoding is performed. Take it to the OpenCV repository.
[target_vision_2-3] Library QUIRC is not linked. No decoding is performed. Take it to the OpenCV repository.
[target_vision_2-3] VISION PERF read=14.5ms detect=218.6ms/detect post=3.4ms display=15.4ms
[target_vision_2-3] Library QUIRC is not linked. No decoding is performed. Take it to the OpenCV repository.
[target_vision_2-3] VISION FPS=29.9
[target_vision_2-3] Library QUIRC is not linked. No decoding is performed. Take it to the OpenCV repository.
[target_vision_2-3] VISION PERF read=14.1ms detect=219.4ms/detect post=3.6ms display=15.5ms
[target_vision_2-3] VISION FPS=30.0
[target_vision_2-3] Library QUIRC is not linked. No decoding is performed. Take it to the OpenCV repository.
[target_vision_2-3] VISION PERF read=14.5ms detect=216.7ms/detect post=3.4ms display=15.3ms
[target_vision_2-3] Library QUIRC is not linked. No decoding is performed. Take it to the OpenCV repository.
[target_vision_2-3] VISION FPS=30.1
[target_vision_2-3] Library QUIRC is not linked. No decoding is performed. Take it to the OpenCV repository.
[target_vision_2-3] VISION PERF read=14.5ms detect=218.0ms/detect post=3.4ms display=15.4ms
[target_vision_2-3] Library QUIRC is not linked. No decoding is performed. Take it to the OpenCV repository.
[target_vision_2-3] VISION FPS=30.1
[target_vision_2-3] VISION PERF read=14.6ms detect=223.2ms/detect post=3.5ms display=15.2ms
[target_vision_2-3] VISION FPS=30.1
[target_vision_2-3] VISION PERF read=13.7ms detect=221.1ms/detect post=3.5ms display=16.0ms
[target_vision_2-3] Library QUIRC is not linked. No decoding is performed. Take it to the OpenCV repository.
[target_vision_2-3] VISION FPS=30.3
[target_vision_2-3] VISION PERF read=14.5ms detect=221.1ms/detect post=3.5ms display=15.2ms
[target_vision_2-3] Library QUIRC is not linked. No decoding is performed. Take it to the OpenCV repository.
[target_vision_2-3] Library QUIRC is not linked. No decoding is performed. Take it to the OpenCV repository.
[target_vision_2-3] VISION FPS=29.8
[target_vision_2-3] VISION PERF read=14.1ms detect=224.1ms/detect post=3.7ms display=15.4ms
[target_vision_2-3] VISION FPS=30.0
[target_vision_2-3] Library QUIRC is not linked. No decoding is performed. Take it to the OpenCV repository.
[target_vision_2-3] VISION PERF read=14.4ms detect=221.6ms/detect post=3.4ms display=15.5ms
[target_vision_2-3] VISION FPS=30.3
[target_vision_2-3] VISION PERF read=14.1ms detect=217.8ms/detect post=3.4ms display=15.7ms
[target_vision_2-3] VISION FPS=30.0
[target_vision_2-3] VISION PERF read=14.0ms detect=219.9ms/detect post=3.6ms display=15.6ms
[target_vision_2-3] VISION FPS=29.9
[target_vision_2-3] Library QUIRC is not linked. No decoding is performed. Take it to the OpenCV repository.
[target_vision_2-3] VISION PERF read=14.7ms detect=238.4ms/detect post=3.3ms display=15.2ms
[target_vision_2-3] VISION FPS=30.0
[target_vision_2-3] VISION PERF read=14.6ms detect=229.1ms/detect post=3.3ms display=15.3ms
[target_vision_2-3] VISION FPS=30.2
[target_vision_2-3] Library QUIRC is not linked. No decoding is performed. Take it to the OpenCV repository.
[target_vision_2-3] Library QUIRC is not linked. No decoding is performed. Take it to the OpenCV repository.
[target_vision_2-3] VISION PERF read=14.1ms detect=226.0ms/detect post=3.3ms display=15.8ms
[target_vision_2-3] Library QUIRC is not linked. No decoding is performed. Take it to the OpenCV repository.
[target_vision_2-3] VISION FPS=30.4
[target_vision_2-3] VISION PERF read=14.3ms detect=228.5ms/detect post=3.7ms display=15.2ms
[target_vision_2-3] VISION FPS=30.0
[target_vision_2-3] VISION PERF read=14.1ms detect=218.3ms/detect post=3.6ms display=15.6ms
[target_vision_2-3] VISION FPS=30.2
[target_vision_2-3] VISION PERF read=13.0ms detect=230.9ms/detect post=3.6ms display=16.7ms
==== 2026-07-07 10:47:23 start target vision 2.0 ====
[INFO] [launch]: All log files can be found below /home/cat/.ros/log/2026-07-07-10-47-25-749263-lubancat-66229
[INFO] [launch]: Default logging verbosity is set to INFO
[INFO] [bash-1]: process started with pid [66271]
[INFO] [robot_state_publisher-2]: process started with pid [66273]
[INFO] [bash-1]: process has finished cleanly [pid 66271]
[robot_state_publisher-2] [INFO] [1783392445.902379925] [robot_state_publisher]: got segment base_link
[robot_state_publisher-2] [INFO] [1783392445.902560175] [robot_state_publisher]: got segment base_mount
[robot_state_publisher-2] [INFO] [1783392445.902573883] [robot_state_publisher]: got segment blue_active_bar
[robot_state_publisher-2] [INFO] [1783392445.902583217] [robot_state_publisher]: got segment blue_upper_bar
[robot_state_publisher-2] [INFO] [1783392445.902591092] [robot_state_publisher]: got segment end_effector
[robot_state_publisher-2] [INFO] [1783392445.902598967] [robot_state_publisher]: got segment extension_bar
[robot_state_publisher-2] [INFO] [1783392445.902606842] [robot_state_publisher]: got segment extension_tip
[robot_state_publisher-2] [INFO] [1783392445.902614425] [robot_state_publisher]: got segment gripper_finger_left
[robot_state_publisher-2] [INFO] [1783392445.902622008] [robot_state_publisher]: got segment gripper_finger_right
[robot_state_publisher-2] [INFO] [1783392445.902629883] [robot_state_publisher]: got segment orange_active_bar
[robot_state_publisher-2] [INFO] [1783392445.902637758] [robot_state_publisher]: got segment orange_upper_bar
[robot_state_publisher-2] [INFO] [1783392445.902860883] [robot_state_publisher]: got segment square_platform
[INFO] [target_vision_2-3]: process started with pid [66287]
[INFO] [rviz2-4]: process started with pid [66289]
[rviz2-4] [INFO] [1783392447.739629859] [rviz2]: Stereo is NOT SUPPORTED
[rviz2-4] [INFO] [1783392447.739854734] [rviz2]: OpenGl version: 3.3 (GLSL 3.3)
[rviz2-4] [INFO] [1783392447.774534780] [rviz2]: Stereo is NOT SUPPORTED
[target_vision_2-3] arm preview publishing /joint_states, /arm/grasp_status, and target markers
[target_vision_2-3] servo bridge on /dev/ttyS0
[WARNING] [launch]: user interrupted with ctrl-c (SIGINT)
[target_vision_2-3] Traceback (most recent call last):
[target_vision_2-3]   File "/home/cat/ros2_ws/install/ros2_test1/lib/ros2_test1/target_vision_2", line 33, in <module>
[target_vision_2-3]     sys.exit(load_entry_point('ros2-test1', 'console_scripts', 'target_vision_2')())
[target_vision_2-3]   File "/home/cat/ros2_ws/build/ros2_test1/ros2_test1/target_vision_2.py", line 390, in main
[target_vision_2-3]     return vision1.main(arguments)
[target_vision_2-3]   File "/home/cat/ros2_ws/build/ros2_test1/ros2_test1/target_vision.py", line 3543, in main
[robot_state_publisher-2] [INFO] [1783392457.911812715] [rclcpp]: signal_handler(SIGINT/SIGTERM)
[rviz2-4] [INFO] [1783392457.911803965] [rclcpp]: signal_handler(SIGINT/SIGTERM)
[target_vision_2-3]     cap = open_camera(args.device, args.width, args.height, args.fps)
[target_vision_2-3]   File "/home/cat/ros2_ws/build/ros2_test1/ros2_test1/target_vision.py", line 3325, in open_camera
[target_vision_2-3]     ok, _ = cap.read()
[target_vision_2-3] KeyboardInterrupt
[INFO] [robot_state_publisher-2]: process has finished cleanly [pid 66273]
[INFO] [rviz2-4]: process has finished cleanly [pid 66289]
[ERROR] [target_vision_2-3]: process has died [pid 66287, exit code -2, cmd '/home/cat/ros2_ws/install/ros2_test1/lib/ros2_test1/target_vision_2 --enable-red-square-grasp --enable-arm-preview --no-web --width 800 --height 600 --fps 30 --detect-every-n-frames 1 --detection-scale 0.75 --window-x 0 --window-y 60 --window-width 620 --window-height 520 --preview-id1 550 --preview-id2 300 --preview-id4 1000 --preview-id6 510 --grasp-id1-ready 550 --grasp-id2-ready 300 --grasp-id4-closed 1000 --grasp-id4-open 1500 --servo-angle-gap-deg 0 --grasp-command-interval 0.15 --grasp-stable-frames 1 --camera-gripper-offset-mm 50 --camera-gripper-vertical-offset-mm 0 --trigger-kind square --trigger-color red --ros-args -r __node:=red_square_grasp_direct_2'].
[INFO] [launch]: process[target_vision_2-3] was required: shutting down launched system
==== 2026-07-07 10:47:38 start target vision 2.0 ====
[INFO] [launch]: All log files can be found below /home/cat/.ros/log/2026-07-07-10-47-40-761468-lubancat-66333
[INFO] [launch]: Default logging verbosity is set to INFO
[INFO] [bash-1]: process started with pid [66366]
[INFO] [robot_state_publisher-2]: process started with pid [66368]
[INFO] [bash-1]: process has finished cleanly [pid 66366]
[robot_state_publisher-2] [INFO] [1783392460.909496808] [robot_state_publisher]: got segment base_link
[robot_state_publisher-2] [INFO] [1783392460.909679974] [robot_state_publisher]: got segment base_mount
[robot_state_publisher-2] [INFO] [1783392460.909695141] [robot_state_publisher]: got segment blue_active_bar
[robot_state_publisher-2] [INFO] [1783392460.909705058] [robot_state_publisher]: got segment blue_upper_bar
[robot_state_publisher-2] [INFO] [1783392460.909715558] [robot_state_publisher]: got segment end_effector
[robot_state_publisher-2] [INFO] [1783392460.909725766] [robot_state_publisher]: got segment extension_bar
[robot_state_publisher-2] [INFO] [1783392460.909735974] [robot_state_publisher]: got segment extension_tip
[robot_state_publisher-2] [INFO] [1783392460.909745891] [robot_state_publisher]: got segment gripper_finger_left
[robot_state_publisher-2] [INFO] [1783392460.909756391] [robot_state_publisher]: got segment gripper_finger_right
[robot_state_publisher-2] [INFO] [1783392460.909766891] [robot_state_publisher]: got segment orange_active_bar
[robot_state_publisher-2] [INFO] [1783392460.909777391] [robot_state_publisher]: got segment orange_upper_bar
[robot_state_publisher-2] [INFO] [1783392460.909787599] [robot_state_publisher]: got segment square_platform
[INFO] [target_vision_2-3]: process started with pid [66382]
[INFO] [rviz2-4]: process started with pid [66384]
[rviz2-4] [INFO] [1783392462.717355489] [rviz2]: Stereo is NOT SUPPORTED
[rviz2-4] [INFO] [1783392462.717581531] [rviz2]: OpenGl version: 3.3 (GLSL 3.3)
[rviz2-4] [INFO] [1783392462.744737450] [rviz2]: Stereo is NOT SUPPORTED
[target_vision_2-3] arm preview publishing /joint_states, /arm/grasp_status, and target markers
[target_vision_2-3] servo bridge on /dev/ttyS0
[target_vision_2-3] Camera: /dev/video20 800x600 reported_fps=30.0 attempt=1
[target_vision_2-3] Press q or Esc in the preview window to quit.
[target_vision_2-3] SERVO FEEDBACK stage=centering ID1=548/550 ID2=299/300
[target_vision_2-3] SERVO UART TX=id1=550 attempt=1 RX=OK ID1 TARGET 550
[target_vision_2-3] SERVO UART TX=id6=510 attempt=1 RX=OK ID6 TARGET 510
[target_vision_2-3] SERVO UART TX=zp4:1000 attempt=1 RX=OK ZP4 1000
[target_vision_2-3] SERVO UART TX=id2=300 attempt=1 RX=OK ID2 TARGET 300
[target_vision_2-3] SERVO FEEDBACK stage=centering ID1=548/550 ID2=300/300
[target_vision_2-3] DIRECT2 LOCK target={"kind": "square", "color": "red", "center": [452, 293], "box": "[[421 264]\n [484 264]\n [484 324]\n [421 324]]", "bbox": [421, 264, 64, 61], "projected_area": 3760.0, "fully_visible": true, "angle": 90.0, "area_ratio": 0.007833333333333333, "area_percent": 0.7833333333333333, "diameter_ratio": 0.10666666666666667, "distance_cm": 27.771062814745616, "raw_distance_cm": 26.74350528715585} plan=direct-2 dx=24mm dy=-3mm d=27.8cm overhead=283/291 final=206/342 ID6=496 err=1.0mm | servo calibration final=222/363/475 overhead=290/319
[target_vision_2-3] GRASP COMMAND reason=direct-2 overhead+open; hold ID6 center | direct-2 dx=24mm dy=-3mm d=27.8cm overhead=283/291 final=206/342 ID6=496 err=1.0mm | servo calibration final=222/363/475 overhead=290/319 ID1=290 ID2=319 ID4=1500 ID6=510 gap=65.7deg
[target_vision_2-3] SERVO UART TX=armpair=290,319 attempt=1 RX=OK ARMPAIR 290 319
[target_vision_2-3] SERVO UART TX=id6=510 attempt=1 RX=OK ID6 TARGET 510
[target_vision_2-3] SERVO UART TX=zp4:1500 attempt=1 RX=OK ZP4 1500
[target_vision_2-3] Library QUIRC is not linked. No decoding is performed. Take it to the OpenCV repository.
[target_vision_2-3] SERVO FEEDBACK stage=direct_2_overhead ID1=291/290 ID2=316/319
[target_vision_2-3] GRASP COMMAND reason=direct-2 descend with calculated ID6 ID1=222 ID2=363 ID4=1500 ID6=475 gap=59.7deg
[target_vision_2-3] SERVO UART TX=armpair=222,363 attempt=1 RX=OK ARMPAIR 222 363
[target_vision_2-3] SERVO UART TX=id6=475 attempt=1 RX=OK ID6 TARGET 475
[target_vision_2-3] VISION FPS=2.8
[target_vision_2-3] VISION PERF read=12.7ms detect=168.9ms/detect post=124.5ms display=10.0ms
[target_vision_2-3] SERVO FEEDBACK stage=direct_2_descend ID1=228/222 ID2=360/363
[target_vision_2-3] CLAW COMMAND reason=direct-2 final reached; close claw ID4=1000
[target_vision_2-3] SERVO UART TX=zp4:1000 attempt=1 RX=OK ZP4 1000
[target_vision_2-3] GRASP COMMAND reason=direct-2 grasp complete; return ID6 center ID1=228 ID2=360 ID4=1000 ID6=510 gap=60.4deg
[target_vision_2-3] SERVO UART TX=armpair=228,360 attempt=1 RX=OK ARMPAIR 228 360
[target_vision_2-3] SERVO UART TX=id6=510 attempt=1 RX=OK ID6 TARGET 510
[target_vision_2-3] Library QUIRC is not linked. No decoding is performed. Take it to the OpenCV repository.
[target_vision_2-3] Library QUIRC is not linked. No decoding is performed. Take it to the OpenCV repository.
[WARNING] [launch]: user interrupted with ctrl-c (SIGINT)
[robot_state_publisher-2] [INFO] [1783392473.968014745] [rclcpp]: signal_handler(SIGINT/SIGTERM)
[rviz2-4] [INFO] [1783392473.968004536] [rclcpp]: signal_handler(SIGINT/SIGTERM)
[INFO] [robot_state_publisher-2]: process has finished cleanly [pid 66368]
[target_vision_2-3] APP EXIT closing claw to ID4=1000
[INFO] [rviz2-4]: process has finished cleanly [pid 66384]
[target_vision_2-3] SERVO UART TX=zp4:1000 attempt=1 RX=OK ZP4 1000
[target_vision_2-3] APP EXIT retracting ID2 first to 100
[target_vision_2-3] SERVO UART TX=id2=100 attempt=1 RX=OK ID2 TARGET 100
[target_vision_2-3] APP EXIT retracting ID1 to 340 and ID6 to 510
[target_vision_2-3] SERVO UART TX=id1=340 attempt=1 RX=OK ID1 TARGET 340
[target_vision_2-3] SERVO UART TX=id6=510 attempt=1 RX=OK ID6 TARGET 510
[target_vision_2-3] Traceback (most recent call last):
[target_vision_2-3]   File "/home/cat/ros2_ws/install/ros2_test1/lib/ros2_test1/target_vision_2", line 33, in <module>
[target_vision_2-3]     sys.exit(load_entry_point('ros2-test1', 'console_scripts', 'target_vision_2')())
[target_vision_2-3]   File "/home/cat/ros2_ws/build/ros2_test1/ros2_test1/target_vision_2.py", line 390, in main
[target_vision_2-3]     return vision1.main(arguments)
[target_vision_2-3]   File "/home/cat/ros2_ws/build/ros2_test1/ros2_test1/target_vision.py", line 3597, in main
[target_vision_2-3]     ok, frame = cap.read()
[target_vision_2-3] KeyboardInterrupt
[ERROR] [target_vision_2-3]: process has died [pid 66382, exit code -2, cmd '/home/cat/ros2_ws/install/ros2_test1/lib/ros2_test1/target_vision_2 --enable-red-square-grasp --enable-arm-preview --no-web --width 800 --height 600 --fps 30 --detect-every-n-frames 1 --detection-scale 0.75 --window-x 0 --window-y 60 --window-width 620 --window-height 520 --preview-id1 550 --preview-id2 300 --preview-id4 1000 --preview-id6 510 --grasp-id1-ready 550 --grasp-id2-ready 300 --grasp-id4-closed 1000 --grasp-id4-open 1500 --servo-angle-gap-deg 0 --grasp-command-interval 0.15 --grasp-stable-frames 1 --camera-gripper-offset-mm 50 --camera-gripper-vertical-offset-mm 0 --trigger-kind square --trigger-color red --ros-args -r __node:=red_square_grasp_direct_2'].
[INFO] [launch]: process[target_vision_2-3] was required: shutting down launched system
==== 2026-07-07 10:51:45 start target vision 2.0 ====
[INFO] [launch]: All log files can be found below /home/cat/.ros/log/2026-07-07-10-51-47-258764-lubancat-66529
[INFO] [launch]: Default logging verbosity is set to INFO
[INFO] [bash-1]: process started with pid [66562]
[INFO] [robot_state_publisher-2]: process started with pid [66564]
[INFO] [bash-1]: process has finished cleanly [pid 66562]
[robot_state_publisher-2] [INFO] [1783392707.403270241] [robot_state_publisher]: got segment base_link
[robot_state_publisher-2] [INFO] [1783392707.403442033] [robot_state_publisher]: got segment base_mount
[robot_state_publisher-2] [INFO] [1783392707.403453991] [robot_state_publisher]: got segment blue_active_bar
[robot_state_publisher-2] [INFO] [1783392707.403462741] [robot_state_publisher]: got segment blue_upper_bar
[robot_state_publisher-2] [INFO] [1783392707.403470616] [robot_state_publisher]: got segment end_effector
[robot_state_publisher-2] [INFO] [1783392707.403478200] [robot_state_publisher]: got segment extension_bar
[robot_state_publisher-2] [INFO] [1783392707.403485491] [robot_state_publisher]: got segment extension_tip
[robot_state_publisher-2] [INFO] [1783392707.403493075] [robot_state_publisher]: got segment gripper_finger_left
[robot_state_publisher-2] [INFO] [1783392707.403500366] [robot_state_publisher]: got segment gripper_finger_right
[robot_state_publisher-2] [INFO] [1783392707.403507950] [robot_state_publisher]: got segment orange_active_bar
[robot_state_publisher-2] [INFO] [1783392707.403515241] [robot_state_publisher]: got segment orange_upper_bar
[robot_state_publisher-2] [INFO] [1783392707.403522241] [robot_state_publisher]: got segment square_platform
[INFO] [target_vision_2-3]: process started with pid [66578]
[INFO] [rviz2-4]: process started with pid [66580]
[rviz2-4] [INFO] [1783392709.223682841] [rviz2]: Stereo is NOT SUPPORTED
[rviz2-4] [INFO] [1783392709.223892549] [rviz2]: OpenGl version: 3.3 (GLSL 3.3)
[rviz2-4] [INFO] [1783392709.249693094] [rviz2]: Stereo is NOT SUPPORTED
[target_vision_2-3] arm preview publishing /joint_states, /arm/grasp_status, and target markers
[target_vision_2-3] servo bridge on /dev/ttyS0
[target_vision_2-3] Camera: /dev/video20 800x600 reported_fps=30.0 attempt=1
[target_vision_2-3] Press q or Esc in the preview window to quit.
[target_vision_2-3] SERVO FEEDBACK stage=centering ID1=336/550 ID2=101/300
[target_vision_2-3] SERVO UART TX=id1=550 attempt=1 RX=OK ID1 TARGET 550
[target_vision_2-3] SERVO UART TX=id6=510 attempt=1 RX=OK ID6 TARGET 510
[target_vision_2-3] SERVO UART TX=zp4:1000 attempt=1 RX=OK ZP4 1000
[target_vision_2-3] SERVO UART TX=id2=300 attempt=1 RX=OK ID2 TARGET 300
[target_vision_2-3] SERVO FEEDBACK stage=centering ID1=546/550 ID2=299/300
[target_vision_2-3] DIRECT2 LOCK target={"kind": "square", "color": "red", "center": [337, 285], "box": "[[294 276]\n [344 242]\n [378 294]\n [330 328]]", "bbox": [295, 243, 85, 87], "projected_area": 3769.7747888327576, "fully_visible": true, "angle": 55.5, "area_ratio": 0.007853697476734912, "area_percent": 0.7853697476734912, "diameter_ratio": 0.14444444444444443, "distance_cm": 27.591580358870683, "raw_distance_cm": 26.706725608108822} plan=direct-2 dx=-22mm dy=-5mm d=27.6cm overhead=289/290 final=213/339 ID6=523 err=0.9mm | servo calibration final=215/367/526 overhead=283/321
[target_vision_2-3] GRASP COMMAND reason=direct-2 overhead+open; hold ID6 center | direct-2 dx=-22mm dy=-5mm d=27.6cm overhead=289/290 final=213/339 ID6=523 err=0.9mm | servo calibration final=215/367/526 overhead=283/321 ID1=283 ID2=321 ID4=1500 ID6=510 gap=64.5deg
[target_vision_2-3] SERVO UART TX=armpair=283,321 attempt=1 RX=OK ARMPAIR 283 321
[target_vision_2-3] SERVO UART TX=id6=510 attempt=1 RX=OK ID6 TARGET 510
[target_vision_2-3] SERVO UART TX=zp4:1500 attempt=1 RX=OK ZP4 1500
[target_vision_2-3] SERVO FEEDBACK stage=direct_2_overhead ID1=283/283 ID2=317/321
[target_vision_2-3] GRASP COMMAND reason=direct-2 descend with calculated ID6 ID1=215 ID2=367 ID4=1500 ID6=526 gap=59.0deg
[target_vision_2-3] SERVO UART TX=armpair=215,367 attempt=1 RX=OK ARMPAIR 215 367
[target_vision_2-3] SERVO UART TX=id6=526 attempt=1 RX=OK ID6 TARGET 526
[target_vision_2-3] VISION FPS=2.8
[target_vision_2-3] VISION PERF read=12.2ms detect=160.2ms/detect post=120.8ms display=10.0ms
[target_vision_2-3] SERVO FEEDBACK stage=direct_2_descend ID1=220/215 ID2=363/367
[target_vision_2-3] CLAW COMMAND reason=direct-2 final reached; close claw ID4=1000
[target_vision_2-3] SERVO UART TX=zp4:1000 attempt=1 RX=OK ZP4 1000
[target_vision_2-3] GRASP COMMAND reason=direct-2 grasp complete; return ID6 center ID1=220 ID2=363 ID4=1000 ID6=510 gap=59.2deg
[target_vision_2-3] SERVO UART TX=armpair=220,363 attempt=1 RX=OK ARMPAIR 220 363
[target_vision_2-3] SERVO UART TX=id6=510 attempt=1 RX=OK ID6 TARGET 510
[target_vision_2-3] Library QUIRC is not linked. No decoding is performed. Take it to the OpenCV repository.
[target_vision_2-3] VISION FPS=30.0
[target_vision_2-3] VISION PERF read=18.1ms detect=141.1ms/detect post=15.5ms display=10.0ms
[WARNING] [launch]: user interrupted with ctrl-c (SIGINT)
[rviz2-4] [INFO] [1783392722.468107672] [rclcpp]: signal_handler(SIGINT/SIGTERM)
[robot_state_publisher-2] [INFO] [1783392722.468157547] [rclcpp]: signal_handler(SIGINT/SIGTERM)
[INFO] [robot_state_publisher-2]: process has finished cleanly [pid 66564]
[target_vision_2-3] APP EXIT closing claw to ID4=1000
[INFO] [rviz2-4]: process has finished cleanly [pid 66580]
[target_vision_2-3] SERVO UART TX=zp4:1000 attempt=1 RX=OK ZP4 1000
[target_vision_2-3] APP EXIT retracting ID2 first to 100
[target_vision_2-3] SERVO UART TX=id2=100 attempt=1 RX=OK ID2 TARGET 100
[target_vision_2-3] APP EXIT retracting ID1 to 340 and ID6 to 510
[target_vision_2-3] SERVO UART TX=id1=340 attempt=1 RX=OK ID1 TARGET 340
[target_vision_2-3] SERVO UART TX=id6=510 attempt=1 RX=OK ID6 TARGET 510
[target_vision_2-3] Traceback (most recent call last):
[target_vision_2-3]   File "/home/cat/ros2_ws/install/ros2_test1/lib/ros2_test1/target_vision_2", line 33, in <module>
[target_vision_2-3]     sys.exit(load_entry_point('ros2-test1', 'console_scripts', 'target_vision_2')())
[target_vision_2-3]   File "/home/cat/ros2_ws/build/ros2_test1/ros2_test1/target_vision_2.py", line 390, in main
[target_vision_2-3]     return vision1.main(arguments)
[target_vision_2-3]   File "/home/cat/ros2_ws/build/ros2_test1/ros2_test1/target_vision.py", line 3597, in main
[target_vision_2-3]     ok, frame = cap.read()
[target_vision_2-3] KeyboardInterrupt
[ERROR] [target_vision_2-3]: process has died [pid 66578, exit code -2, cmd '/home/cat/ros2_ws/install/ros2_test1/lib/ros2_test1/target_vision_2 --enable-red-square-grasp --enable-arm-preview --no-web --width 800 --height 600 --fps 30 --detect-every-n-frames 1 --detection-scale 0.75 --window-x 0 --window-y 60 --window-width 620 --window-height 520 --preview-id1 550 --preview-id2 300 --preview-id4 1000 --preview-id6 510 --grasp-id1-ready 550 --grasp-id2-ready 300 --grasp-id4-closed 1000 --grasp-id4-open 1500 --servo-angle-gap-deg 0 --grasp-command-interval 0.15 --grasp-stable-frames 1 --camera-gripper-offset-mm 50 --camera-gripper-vertical-offset-mm 0 --trigger-kind square --trigger-color red --ros-args -r __node:=red_square_grasp_direct_2'].
[INFO] [launch]: process[target_vision_2-3] was required: shutting down launched system
==== 2026-07-07 10:54:43 start target vision 2.0 ====
[INFO] [launch]: All log files can be found below /home/cat/.ros/log/2026-07-07-10-54-45-125275-lubancat-67206
[INFO] [launch]: Default logging verbosity is set to INFO
[INFO] [bash-1]: process started with pid [67239]
[INFO] [robot_state_publisher-2]: process started with pid [67241]
[INFO] [bash-1]: process has finished cleanly [pid 67239]
[robot_state_publisher-2] [INFO] [1783392885.271956946] [robot_state_publisher]: got segment base_link
[robot_state_publisher-2] [INFO] [1783392885.272140696] [robot_state_publisher]: got segment base_mount
[robot_state_publisher-2] [INFO] [1783392885.272155280] [robot_state_publisher]: got segment blue_active_bar
[robot_state_publisher-2] [INFO] [1783392885.272164613] [robot_state_publisher]: got segment blue_upper_bar
[robot_state_publisher-2] [INFO] [1783392885.272172780] [robot_state_publisher]: got segment end_effector
[robot_state_publisher-2] [INFO] [1783392885.272180655] [robot_state_publisher]: got segment extension_bar
[robot_state_publisher-2] [INFO] [1783392885.272187655] [robot_state_publisher]: got segment extension_tip
[robot_state_publisher-2] [INFO] [1783392885.272195530] [robot_state_publisher]: got segment gripper_finger_left
[robot_state_publisher-2] [INFO] [1783392885.272203405] [robot_state_publisher]: got segment gripper_finger_right
[robot_state_publisher-2] [INFO] [1783392885.272211280] [robot_state_publisher]: got segment orange_active_bar
[robot_state_publisher-2] [INFO] [1783392885.272218571] [robot_state_publisher]: got segment orange_upper_bar
[robot_state_publisher-2] [INFO] [1783392885.272225863] [robot_state_publisher]: got segment square_platform
[INFO] [target_vision_2-3]: process started with pid [67255]
[INFO] [rviz2-4]: process started with pid [67257]
[rviz2-4] [INFO] [1783392887.095333755] [rviz2]: Stereo is NOT SUPPORTED
[rviz2-4] [INFO] [1783392887.095560088] [rviz2]: OpenGl version: 3.3 (GLSL 3.3)
[rviz2-4] [INFO] [1783392887.129977341] [rviz2]: Stereo is NOT SUPPORTED
[target_vision_2-3] arm preview publishing /joint_states, /arm/grasp_status, and target markers
[target_vision_2-3] servo bridge on /dev/ttyS0
[target_vision_2-3] Camera: /dev/video20 800x600 reported_fps=30.0 attempt=1
[target_vision_2-3] Press q or Esc in the preview window to quit.
[target_vision_2-3] SERVO FEEDBACK stage=centering ID1=339/550 ID2=98/300
[target_vision_2-3] Library QUIRC is not linked. No decoding is performed. Take it to the OpenCV repository.
[target_vision_2-3] SERVO UART TX=id1=550 attempt=1 RX=OK ID1 TARGET 550
[target_vision_2-3] SERVO UART TX=id6=510 attempt=1 RX=OK ID6 TARGET 510
[target_vision_2-3] SERVO UART TX=zp4:1000 attempt=1 RX=OK ZP4 1000
[target_vision_2-3] SERVO UART TX=id2=300 attempt=1 RX=OK ID2 TARGET 300
[target_vision_2-3] SERVO FEEDBACK stage=centering ID1=545/550 ID2=300/300
[target_vision_2-3] DIRECT2 LOCK target={"kind": "square", "color": "red", "center": [356, 176], "box": "[[314 194]\n [342 133]\n [397 157]\n [370 218]]", "bbox": [315, 133, 84, 87], "projected_area": 3994.6118008016297, "fully_visible": true, "angle": 24.0, "area_ratio": 0.008322107918336728, "area_percent": 0.8322107918336729, "diameter_ratio": 0.14444444444444443, "distance_cm": 27.02392713589583, "raw_distance_cm": 25.898359958452875} plan=direct-2 dx=-15mm dy=-43mm d=27.0cm overhead=351/267 final=280/300 ID6=519 err=0.5mm | servo calibration out of range; geometric IK retained
[target_vision_2-3] GRASP COMMAND reason=direct-2 overhead+open; hold ID6 center | direct-2 dx=-15mm dy=-43mm d=27.0cm overhead=351/267 final=280/300 ID6=519 err=0.5mm | servo calibration out of range; geometric IK retained ID1=351 ID2=267 ID4=1500 ID6=510 gap=68.1deg
[target_vision_2-3] SERVO UART TX=armpair=351,267 attempt=1 RX=OK ARMPAIR 351 267
[target_vision_2-3] SERVO UART TX=id6=510 attempt=1 RX=OK ID6 TARGET 510
[target_vision_2-3] SERVO UART TX=zp4:1500 attempt=1 RX=OK ZP4 1500
[target_vision_2-3] SERVO FEEDBACK stage=direct_2_overhead ID1=350/351 ID2=270/267
[target_vision_2-3] GRASP COMMAND reason=direct-2 descend with calculated ID6 ID1=280 ID2=300 ID4=1500 ID6=519 gap=58.9deg
[target_vision_2-3] SERVO UART TX=armpair=280,300 attempt=1 RX=OK ARMPAIR 280 300
[target_vision_2-3] SERVO UART TX=id6=519 attempt=1 RX=OK ID6 TARGET 519
[target_vision_2-3] VISION FPS=2.8
[target_vision_2-3] VISION PERF read=13.5ms detect=159.2ms/detect post=120.2ms display=10.0ms
[target_vision_2-3] Library QUIRC is not linked. No decoding is performed. Take it to the OpenCV repository.
[target_vision_2-3] SERVO FEEDBACK stage=direct_2_descend ID1=281/280 ID2=296/300
[target_vision_2-3] CLAW COMMAND reason=direct-2 final reached; close claw ID4=1000
[target_vision_2-3] SERVO UART TX=zp4:1000 attempt=1 RX=OK ZP4 1000
[target_vision_2-3] GRASP COMMAND reason=direct-2 grasp complete; return ID6 center ID1=281 ID2=296 ID4=1000 ID6=510 gap=58.2deg
[target_vision_2-3] SERVO UART TX=armpair=281,296 attempt=1 RX=OK ARMPAIR 281 296
[target_vision_2-3] SERVO UART TX=id6=510 attempt=1 RX=OK ID6 TARGET 510
[target_vision_2-3] VISION FPS=30.3
[target_vision_2-3] VISION PERF read=17.9ms detect=148.5ms/detect post=15.3ms display=10.4ms
[WARNING] [launch]: user interrupted with ctrl-c (SIGINT)
[rviz2-4] [INFO] [1783392900.653848909] [rclcpp]: signal_handler(SIGINT/SIGTERM)
[robot_state_publisher-2] [INFO] [1783392900.653871950] [rclcpp]: signal_handler(SIGINT/SIGTERM)
[INFO] [robot_state_publisher-2]: process has finished cleanly [pid 67241]
[target_vision_2-3] APP EXIT closing claw to ID4=1000
[INFO] [rviz2-4]: process has finished cleanly [pid 67257]
[target_vision_2-3] SERVO UART TX=zp4:1000 attempt=1 RX=OK ZP4 1000
[target_vision_2-3] APP EXIT retracting ID2 first to 100
[target_vision_2-3] SERVO UART TX=id2=100 attempt=1 RX=OK ID2 TARGET 100
[target_vision_2-3] APP EXIT retracting ID1 to 340 and ID6 to 510
[target_vision_2-3] SERVO UART TX=id1=340 attempt=1 RX=OK ID1 TARGET 340
[target_vision_2-3] SERVO UART TX=id6=510 attempt=1 RX=OK ID6 TARGET 510
[target_vision_2-3] Traceback (most recent call last):
[target_vision_2-3]   File "/home/cat/ros2_ws/install/ros2_test1/lib/ros2_test1/target_vision_2", line 33, in <module>
[target_vision_2-3]     sys.exit(load_entry_point('ros2-test1', 'console_scripts', 'target_vision_2')())
[target_vision_2-3]   File "/home/cat/ros2_ws/build/ros2_test1/ros2_test1/target_vision_2.py", line 390, in main
[target_vision_2-3]     return vision1.main(arguments)
[target_vision_2-3]   File "/home/cat/ros2_ws/build/ros2_test1/ros2_test1/target_vision.py", line 3597, in main
[target_vision_2-3]     ok, frame = cap.read()
[target_vision_2-3] KeyboardInterrupt
[ERROR] [target_vision_2-3]: process has died [pid 67255, exit code -2, cmd '/home/cat/ros2_ws/install/ros2_test1/lib/ros2_test1/target_vision_2 --enable-red-square-grasp --enable-arm-preview --no-web --width 800 --height 600 --fps 30 --detect-every-n-frames 1 --detection-scale 0.75 --window-x 0 --window-y 60 --window-width 620 --window-height 520 --preview-id1 550 --preview-id2 300 --preview-id4 1000 --preview-id6 510 --grasp-id1-ready 550 --grasp-id2-ready 300 --grasp-id4-closed 1000 --grasp-id4-open 1500 --servo-angle-gap-deg 0 --grasp-command-interval 0.15 --grasp-stable-frames 1 --camera-gripper-offset-mm 50 --camera-gripper-vertical-offset-mm 0 --trigger-kind square --trigger-color red --ros-args -r __node:=red_square_grasp_direct_2'].
[INFO] [launch]: process[target_vision_2-3] was required: shutting down launched system
==== 2026-07-07 12:17:59 start target vision 2.0 ====
[INFO] [launch]: All log files can be found below /home/cat/.ros/log/2026-07-07-12-18-01-827209-lubancat-1810
[INFO] [launch]: Default logging verbosity is set to INFO
[INFO] [bash-1]: process started with pid [1843]
[INFO] [robot_state_publisher-2]: process started with pid [1845]
[INFO] [bash-1]: process has finished cleanly [pid 1843]
[robot_state_publisher-2] [INFO] [1783397882.169447812] [robot_state_publisher]: got segment base_link
[robot_state_publisher-2] [INFO] [1783397882.169814146] [robot_state_publisher]: got segment base_mount
[robot_state_publisher-2] [INFO] [1783397882.169868979] [robot_state_publisher]: got segment blue_active_bar
[robot_state_publisher-2] [INFO] [1783397882.169898437] [robot_state_publisher]: got segment blue_upper_bar
[robot_state_publisher-2] [INFO] [1783397882.169925854] [robot_state_publisher]: got segment end_effector
[robot_state_publisher-2] [INFO] [1783397882.169952687] [robot_state_publisher]: got segment extension_bar
[robot_state_publisher-2] [INFO] [1783397882.169979229] [robot_state_publisher]: got segment extension_tip
[robot_state_publisher-2] [INFO] [1783397882.170006354] [robot_state_publisher]: got segment gripper_finger_left
[robot_state_publisher-2] [INFO] [1783397882.170033187] [robot_state_publisher]: got segment gripper_finger_right
[robot_state_publisher-2] [INFO] [1783397882.170059729] [robot_state_publisher]: got segment orange_active_bar
[robot_state_publisher-2] [INFO] [1783397882.170085979] [robot_state_publisher]: got segment orange_upper_bar
[robot_state_publisher-2] [INFO] [1783397882.170112229] [robot_state_publisher]: got segment square_platform
[INFO] [target_vision_2-3]: process started with pid [1859]
[INFO] [rviz2-4]: process started with pid [1861]
[rviz2-4] qt.qpa.xcb: could not connect to display :0
[rviz2-4] qt.qpa.plugin: Could not load the Qt platform plugin "xcb" in "" even though it was found.
[rviz2-4] This application failed to start because no Qt platform plugin could be initialized. Reinstalling the application may fix this problem.
[rviz2-4] 
[rviz2-4] Available platform plugins are: eglfs, linuxfb, minimal, minimalegl, offscreen, vnc, wayland-egl, wayland, wayland-xcomposite-egl, wayland-xcomposite-glx, xcb.
[rviz2-4] 
[target_vision_2-3] arm preview publishing /joint_states, /arm/grasp_status, and target markers
[target_vision_2-3] servo bridge on /dev/ttyS0
[ERROR] [rviz2-4]: process has died [pid 1861, exit code -6, cmd '/opt/ros/humble/lib/rviz2/rviz2 -d /home/cat/ros2_ws/install/ros2_test1/share/ros2_test1/rviz/arm_5.rviz --geometry 620x660+650+35 --ros-args'].
[target_vision_2-3] [ WARN:0] global ./modules/videoio/src/cap_v4l.cpp (1001) tryIoctl VIDEOIO(V4L2:/dev/video20): select() timeout.
[WARNING] [launch]: user interrupted with ctrl-c (SIGINT)
[robot_state_publisher-2] [INFO] [1783397897.969602941] [rclcpp]: signal_handler(SIGINT/SIGTERM)
[target_vision_2-3] Traceback (most recent call last):
[target_vision_2-3]   File "/home/cat/ros2_ws/install/ros2_test1/lib/ros2_test1/target_vision_2", line 33, in <module>
[target_vision_2-3]     sys.exit(load_entry_point('ros2-test1', 'console_scripts', 'target_vision_2')())
[target_vision_2-3]   File "/home/cat/ros2_ws/build/ros2_test1/ros2_test1/target_vision_2.py", line 390, in main
[target_vision_2-3]     return vision1.main(arguments)
[target_vision_2-3]   File "/home/cat/ros2_ws/build/ros2_test1/ros2_test1/target_vision.py", line 3543, in main
[target_vision_2-3]     cap = open_camera(args.device, args.width, args.height, args.fps)
[target_vision_2-3]   File "/home/cat/ros2_ws/build/ros2_test1/ros2_test1/target_vision.py", line 3325, in open_camera
[target_vision_2-3]     ok, _ = cap.read()
[target_vision_2-3] KeyboardInterrupt
[INFO] [robot_state_publisher-2]: process has finished cleanly [pid 1845]
[ERROR] [target_vision_2-3]: process has died [pid 1859, exit code -2, cmd '/home/cat/ros2_ws/install/ros2_test1/lib/ros2_test1/target_vision_2 --enable-red-square-grasp --enable-arm-preview --no-web --width 800 --height 600 --fps 30 --detect-every-n-frames 1 --detection-scale 0.75 --window-x 0 --window-y 60 --window-width 620 --window-height 520 --preview-id1 550 --preview-id2 300 --preview-id4 1000 --preview-id6 510 --grasp-id1-ready 550 --grasp-id2-ready 300 --grasp-id4-closed 1000 --grasp-id4-open 1500 --servo-angle-gap-deg 0 --grasp-command-interval 0.15 --grasp-stable-frames 1 --camera-gripper-offset-mm 50 --camera-gripper-vertical-offset-mm 0 --trigger-kind square --trigger-color red --ros-args -r __node:=red_square_grasp_direct_2'].
[INFO] [launch]: process[target_vision_2-3] was required: shutting down launched system
==== 2026-07-07 12:18:21 start target vision 2.0 ====
[INFO] [launch]: All log files can be found below /home/cat/.ros/log/2026-07-07-12-18-23-719596-lubancat-2548
[INFO] [launch]: Default logging verbosity is set to INFO
[INFO] [bash-1]: process started with pid [2583]
[INFO] [robot_state_publisher-2]: process started with pid [2585]
[INFO] [bash-1]: process has finished cleanly [pid 2583]
[robot_state_publisher-2] [INFO] [1783397903.882770702] [robot_state_publisher]: got segment base_link
[robot_state_publisher-2] [INFO] [1783397903.882950661] [robot_state_publisher]: got segment base_mount
[robot_state_publisher-2] [INFO] [1783397903.882969036] [robot_state_publisher]: got segment blue_active_bar
[robot_state_publisher-2] [INFO] [1783397903.882995577] [robot_state_publisher]: got segment blue_upper_bar
[robot_state_publisher-2] [INFO] [1783397903.883004911] [robot_state_publisher]: got segment end_effector
[robot_state_publisher-2] [INFO] [1783397903.883012786] [robot_state_publisher]: got segment extension_bar
[robot_state_publisher-2] [INFO] [1783397903.883020077] [robot_state_publisher]: got segment extension_tip
[robot_state_publisher-2] [INFO] [1783397903.883027077] [robot_state_publisher]: got segment gripper_finger_left
[robot_state_publisher-2] [INFO] [1783397903.883034077] [robot_state_publisher]: got segment gripper_finger_right
[robot_state_publisher-2] [INFO] [1783397903.883041952] [robot_state_publisher]: got segment orange_active_bar
[robot_state_publisher-2] [INFO] [1783397903.883048952] [robot_state_publisher]: got segment orange_upper_bar
[robot_state_publisher-2] [INFO] [1783397903.883056536] [robot_state_publisher]: got segment square_platform
[INFO] [target_vision_2-3]: process started with pid [2599]
[INFO] [rviz2-4]: process started with pid [2601]
[target_vision_2-3] arm preview publishing /joint_states, /arm/grasp_status, and target markers
[target_vision_2-3] servo bridge on /dev/ttyS0
[target_vision_2-3] Camera: /dev/video20 800x600 reported_fps=30.0 attempt=1
[rviz2-4] [INFO] [1783397906.540847136] [rviz2]: Stereo is NOT SUPPORTED
[rviz2-4] [INFO] [1783397906.540974886] [rviz2]: OpenGl version: 3.3 (GLSL 3.3)
[rviz2-4] [INFO] [1783397906.585823890] [rviz2]: Stereo is NOT SUPPORTED
[target_vision_2-3] Press q or Esc in the preview window to quit.
[target_vision_2-3] SERVO FEEDBACK stage=centering ID1=374/550 ID2=64/300
[target_vision_2-3] SERVO UART TX=id1=550 attempt=1 RX=OK ID1 TARGET 550
[target_vision_2-3] SERVO UART TX=id6=510 attempt=1 RX=OK ID6 TARGET 510
[target_vision_2-3] SERVO UART TX=zp4:1000 attempt=1 RX=OK ZP4 1000
[target_vision_2-3] SERVO UART TX=id2=300 attempt=1 RX=OK ID2 TARGET 300
[target_vision_2-3] SERVO FEEDBACK stage=centering ID1=545/550 ID2=300/300
[target_vision_2-3] DIRECT2 LOCK target={"kind": "square", "color": "red", "center": [369, 244], "box": "[[328 238]\n [374 202]\n [409 249]\n [362 285]]", "bbox": [328, 203, 83, 84], "projected_area": 3473.1378976779524, "fully_visible": true, "angle": 53.1, "area_ratio": 0.007235703953495734, "area_percent": 0.7235703953495735, "diameter_ratio": 0.14, "distance_cm": 28.766673939462997, "raw_distance_cm": 27.891086377581974} plan=direct-2 dx=-11mm dy=-20mm d=28.8cm overhead=295/278 final=216/327 ID6=516 err=0.8mm | servo calibration final=212/396/511 overhead=274/351
[target_vision_2-3] GRASP COMMAND reason=direct-2 overhead+open; hold ID6 center | direct-2 dx=-11mm dy=-20mm d=28.8cm overhead=295/278 final=216/327 ID6=516 err=0.8mm | servo calibration final=212/396/511 overhead=274/351 ID1=274 ID2=351 ID4=1500 ID6=510 gap=69.3deg
[target_vision_2-3] SERVO UART TX=armpair=274,351 attempt=1 RX=OK ARMPAIR 274 351
[target_vision_2-3] SERVO UART TX=id6=510 attempt=1 RX=OK ID6 TARGET 510
[target_vision_2-3] SERVO UART TX=zp4:1500 attempt=1 RX=OK ZP4 1500
[target_vision_2-3] SERVO FEEDBACK stage=direct_2_overhead ID1=274/274 ID2=348/351
[target_vision_2-3] GRASP COMMAND reason=direct-2 descend with calculated ID6 ID1=212 ID2=396 ID4=1500 ID6=511 gap=65.0deg
[target_vision_2-3] SERVO UART TX=armpair=212,396 attempt=1 RX=OK ARMPAIR 212 396
[target_vision_2-3] SERVO UART TX=id6=511 attempt=1 RX=OK ID6 TARGET 511
[target_vision_2-3] VISION FPS=6.1
[target_vision_2-3] VISION PERF read=12.3ms detect=156.1ms/detect post=100.4ms display=10.1ms
[target_vision_2-3] SERVO FEEDBACK stage=direct_2_descend ID1=217/212 ID2=394/396
[target_vision_2-3] CLAW COMMAND reason=direct-2 final reached; close claw ID4=1000
[target_vision_2-3] SERVO UART TX=zp4:1000 attempt=1 RX=OK ZP4 1000
[target_vision_2-3] GRASP COMMAND reason=direct-2 grasp complete; return ID6 center ID1=217 ID2=394 ID4=1000 ID6=510 gap=65.7deg
[target_vision_2-3] SERVO UART TX=armpair=217,394 attempt=1 RX=OK ARMPAIR 217 394
[target_vision_2-3] SERVO UART TX=id6=510 attempt=1 RX=OK ID6 TARGET 510
[target_vision_2-3] VISION FPS=30.1
[target_vision_2-3] VISION PERF read=17.8ms detect=147.2ms/detect post=16.1ms display=10.1ms
[target_vision_2-3] Library QUIRC is not linked. No decoding is performed. Take it to the OpenCV repository.
[target_vision_2-3] Library QUIRC is not linked. No decoding is performed. Take it to the OpenCV repository.
[target_vision_2-3] Library QUIRC is not linked. No decoding is performed. Take it to the OpenCV repository.
[target_vision_2-3] Library QUIRC is not linked. No decoding is performed. Take it to the OpenCV repository.
[WARNING] [launch]: user interrupted with ctrl-c (SIGINT)
[robot_state_publisher-2] [INFO] [1783397921.698507201] [rclcpp]: signal_handler(SIGINT/SIGTERM)
[rviz2-4] [INFO] [1783397921.698504576] [rclcpp]: signal_handler(SIGINT/SIGTERM)
[INFO] [robot_state_publisher-2]: process has finished cleanly [pid 2585]
[target_vision_2-3] APP EXIT closing claw to ID4=1000
[INFO] [rviz2-4]: process has finished cleanly [pid 2601]
[target_vision_2-3] SERVO UART TX=zp4:1000 attempt=1 RX=OK ZP4 1000
[target_vision_2-3] APP EXIT retracting ID2 first to 100
[target_vision_2-3] SERVO UART TX=id2=100 attempt=1 RX=OK ID2 TARGET 100
[target_vision_2-3] APP EXIT retracting ID1 to 340 and ID6 to 510
[target_vision_2-3] SERVO UART TX=id1=340 attempt=1 RX=OK ID1 TARGET 340
[target_vision_2-3] SERVO UART TX=id6=510 attempt=1 RX=OK ID6 TARGET 510
[target_vision_2-3] Traceback (most recent call last):
[target_vision_2-3]   File "/home/cat/ros2_ws/install/ros2_test1/lib/ros2_test1/target_vision_2", line 33, in <module>
[target_vision_2-3]     sys.exit(load_entry_point('ros2-test1', 'console_scripts', 'target_vision_2')())
[target_vision_2-3]   File "/home/cat/ros2_ws/build/ros2_test1/ros2_test1/target_vision_2.py", line 390, in main
[target_vision_2-3]     return vision1.main(arguments)
[target_vision_2-3]   File "/home/cat/ros2_ws/build/ros2_test1/ros2_test1/target_vision.py", line 3597, in main
[target_vision_2-3]     ok, frame = cap.read()
[target_vision_2-3] KeyboardInterrupt
[ERROR] [target_vision_2-3]: process has died [pid 2599, exit code -2, cmd '/home/cat/ros2_ws/install/ros2_test1/lib/ros2_test1/target_vision_2 --enable-red-square-grasp --enable-arm-preview --no-web --width 800 --height 600 --fps 30 --detect-every-n-frames 1 --detection-scale 0.75 --window-x 0 --window-y 60 --window-width 620 --window-height 520 --preview-id1 550 --preview-id2 300 --preview-id4 1000 --preview-id6 510 --grasp-id1-ready 550 --grasp-id2-ready 300 --grasp-id4-closed 1000 --grasp-id4-open 1500 --servo-angle-gap-deg 0 --grasp-command-interval 0.15 --grasp-stable-frames 1 --camera-gripper-offset-mm 50 --camera-gripper-vertical-offset-mm 0 --trigger-kind square --trigger-color red --ros-args -r __node:=red_square_grasp_direct_2'].
[INFO] [launch]: process[target_vision_2-3] was required: shutting down launched system
==== 2026-07-07 12:18:48 start target vision 2.0 ====
[INFO] [launch]: All log files can be found below /home/cat/.ros/log/2026-07-07-12-18-50-503348-lubancat-2820
[INFO] [launch]: Default logging verbosity is set to INFO
[INFO] [bash-1]: process started with pid [2853]
[INFO] [robot_state_publisher-2]: process started with pid [2855]
[INFO] [bash-1]: process has finished cleanly [pid 2853]
[robot_state_publisher-2] [INFO] [1783397930.658644309] [robot_state_publisher]: got segment base_link
[robot_state_publisher-2] [INFO] [1783397930.658817268] [robot_state_publisher]: got segment base_mount
[robot_state_publisher-2] [INFO] [1783397930.658829809] [robot_state_publisher]: got segment blue_active_bar
[robot_state_publisher-2] [INFO] [1783397930.658839143] [robot_state_publisher]: got segment blue_upper_bar
[robot_state_publisher-2] [INFO] [1783397930.658847309] [robot_state_publisher]: got segment end_effector
[robot_state_publisher-2] [INFO] [1783397930.658854601] [robot_state_publisher]: got segment extension_bar
[robot_state_publisher-2] [INFO] [1783397930.658861893] [robot_state_publisher]: got segment extension_tip
[robot_state_publisher-2] [INFO] [1783397930.658869476] [robot_state_publisher]: got segment gripper_finger_left
[robot_state_publisher-2] [INFO] [1783397930.658877059] [robot_state_publisher]: got segment gripper_finger_right
[robot_state_publisher-2] [INFO] [1783397930.658884934] [robot_state_publisher]: got segment orange_active_bar
[robot_state_publisher-2] [INFO] [1783397930.658892226] [robot_state_publisher]: got segment orange_upper_bar
[robot_state_publisher-2] [INFO] [1783397930.658899518] [robot_state_publisher]: got segment square_platform
[INFO] [target_vision_2-3]: process started with pid [2869]
[INFO] [rviz2-4]: process started with pid [2871]
[rviz2-4] [INFO] [1783397932.487202868] [rviz2]: Stereo is NOT SUPPORTED
[rviz2-4] [INFO] [1783397932.487416076] [rviz2]: OpenGl version: 3.3 (GLSL 3.3)
[rviz2-4] [INFO] [1783397932.519712621] [rviz2]: Stereo is NOT SUPPORTED
[target_vision_2-3] arm preview publishing /joint_states, /arm/grasp_status, and target markers
[target_vision_2-3] servo bridge on /dev/ttyS0
[target_vision_2-3] Camera: /dev/video20 800x600 reported_fps=30.0 attempt=1
[target_vision_2-3] Press q or Esc in the preview window to quit.
[target_vision_2-3] SERVO FEEDBACK stage=centering ID1=337/550 ID2=101/300
[target_vision_2-3] SERVO UART TX=id1=550 attempt=1 RX=OK ID1 TARGET 550
[target_vision_2-3] SERVO UART TX=id6=510 attempt=1 RX=OK ID6 TARGET 510
[target_vision_2-3] SERVO UART TX=zp4:1000 attempt=1 RX=OK ZP4 1000
[target_vision_2-3] SERVO UART TX=id2=300 attempt=1 RX=OK ID2 TARGET 300
[target_vision_2-3] SERVO FEEDBACK stage=centering ID1=545/550 ID2=299/300
[target_vision_2-3] DIRECT2 LOCK target={"kind": "square", "color": "red", "center": [496, 201], "box": "[[461 225]\n [469 168]\n [530 177]\n [522 234]]", "bbox": [461, 168, 71, 68], "projected_area": 3582.2223450712236, "fully_visible": true, "angle": 8.1, "area_ratio": 0.007462963218898383, "area_percent": 0.7462963218898383, "diameter_ratio": 0.11777777777777777, "distance_cm": 29.076219955713782, "raw_distance_cm": 27.438478599381767} plan=direct-2 dx=41mm dy=-42mm d=29.1cm overhead=327/262 final=250/304 ID6=488 err=0.7mm | servo calibration final=228/419/450 overhead=283/378
[target_vision_2-3] GRASP COMMAND reason=direct-2 overhead+open; hold ID6 center | direct-2 dx=41mm dy=-42mm d=29.1cm overhead=327/262 final=250/304 ID6=488 err=0.7mm | servo calibration final=228/419/450 overhead=283/378 ID1=283 ID2=378 ID4=1500 ID6=510 gap=77.6deg
[target_vision_2-3] SERVO UART TX=armpair=283,378 attempt=1 RX=OK ARMPAIR 283 378
[target_vision_2-3] SERVO UART TX=id6=510 attempt=1 RX=OK ID6 TARGET 510
[target_vision_2-3] SERVO UART TX=zp4:1500 attempt=1 RX=OK ZP4 1500
[target_vision_2-3] SERVO FEEDBACK stage=direct_2_overhead ID1=282/283 ID2=377/378
[target_vision_2-3] GRASP COMMAND reason=direct-2 descend with calculated ID6 ID1=228 ID2=419 ID4=1500 ID6=450 gap=74.1deg
[target_vision_2-3] SERVO UART TX=armpair=228,419 attempt=1 RX=OK ARMPAIR 228 419
[target_vision_2-3] SERVO UART TX=id6=450 attempt=1 RX=OK ID6 TARGET 450
[target_vision_2-3] VISION FPS=2.8
[target_vision_2-3] VISION PERF read=12.3ms detect=165.6ms/detect post=124.0ms display=10.7ms
[target_vision_2-3] SERVO FEEDBACK stage=direct_2_descend ID1=232/228 ID2=416/419
[target_vision_2-3] CLAW COMMAND reason=direct-2 final reached; close claw ID4=1000
[target_vision_2-3] SERVO UART TX=zp4:1000 attempt=1 RX=OK ZP4 1000
[target_vision_2-3] GRASP COMMAND reason=direct-2 grasp complete; return ID6 center ID1=232 ID2=416 ID4=1000 ID6=510 gap=74.3deg
[target_vision_2-3] SERVO UART TX=armpair=232,416 attempt=1 RX=OK ARMPAIR 232 416
[target_vision_2-3] SERVO UART TX=id6=510 attempt=1 RX=OK ID6 TARGET 510
[target_vision_2-3] Library QUIRC is not linked. No decoding is performed. Take it to the OpenCV repository.
[target_vision_2-3] VISION FPS=30.2
[target_vision_2-3] VISION PERF read=17.4ms detect=141.1ms/detect post=15.7ms display=10.5ms
[WARNING] [launch]: user interrupted with ctrl-c (SIGINT)
[rviz2-4] [INFO] [1783397947.024612412] [rclcpp]: signal_handler(SIGINT/SIGTERM)
[target_vision_2-3] Process SpawnProcess-1:
[robot_state_publisher-2] [INFO] [1783397947.024619995] [rclcpp]: signal_handler(SIGINT/SIGTERM)
[target_vision_2-3] Traceback (most recent call last):
[target_vision_2-3]   File "/usr/lib/python3.10/multiprocessing/process.py", line 314, in _bootstrap
[target_vision_2-3]     self.run()
[target_vision_2-3]   File "/usr/lib/python3.10/multiprocessing/process.py", line 108, in run
[target_vision_2-3]     self._target(*self._args, **self._kwargs)
[target_vision_2-3]   File "/usr/lib/python3.10/concurrent/futures/process.py", line 240, in _process_worker
[target_vision_2-3]     call_item = call_queue.get(block=True)
[target_vision_2-3]   File "/usr/lib/python3.10/multiprocessing/queues.py", line 103, in get
[target_vision_2-3]     res = self._recv_bytes()
[target_vision_2-3]   File "/usr/lib/python3.10/multiprocessing/connection.py", line 216, in recv_bytes
[target_vision_2-3]     buf = self._recv_bytes(maxlength)
[target_vision_2-3]   File "/usr/lib/python3.10/multiprocessing/connection.py", line 414, in _recv_bytes
[target_vision_2-3]     buf = self._recv(4)
[target_vision_2-3]   File "/usr/lib/python3.10/multiprocessing/connection.py", line 379, in _recv
[target_vision_2-3]     chunk = read(handle, remaining)
[target_vision_2-3] KeyboardInterrupt
[INFO] [robot_state_publisher-2]: process has finished cleanly [pid 2855]
[target_vision_2-3] APP EXIT closing claw to ID4=1000
[INFO] [rviz2-4]: process has finished cleanly [pid 2871]
[target_vision_2-3] SERVO UART TX=zp4:1000 attempt=1 RX=OK ZP4 1000
[target_vision_2-3] APP EXIT retracting ID2 first to 100
[target_vision_2-3] SERVO UART TX=id2=100 attempt=1 RX=OK ID2 TARGET 100
[target_vision_2-3] APP EXIT retracting ID1 to 340 and ID6 to 510
[target_vision_2-3] SERVO UART TX=id1=340 attempt=1 RX=OK ID1 TARGET 340
[target_vision_2-3] SERVO UART TX=id6=510 attempt=1 RX=OK ID6 TARGET 510
[target_vision_2-3] Traceback (most recent call last):
[target_vision_2-3]   File "/home/cat/ros2_ws/install/ros2_test1/lib/ros2_test1/target_vision_2", line 33, in <module>
[target_vision_2-3]     sys.exit(load_entry_point('ros2-test1', 'console_scripts', 'target_vision_2')())
[target_vision_2-3]   File "/home/cat/ros2_ws/build/ros2_test1/ros2_test1/target_vision_2.py", line 390, in main
[target_vision_2-3]     return vision1.main(arguments)
[target_vision_2-3]   File "/home/cat/ros2_ws/build/ros2_test1/ros2_test1/target_vision.py", line 3597, in main
[target_vision_2-3]     ok, frame = cap.read()
[target_vision_2-3] KeyboardInterrupt
[ERROR] [target_vision_2-3]: process has died [pid 2869, exit code -2, cmd '/home/cat/ros2_ws/install/ros2_test1/lib/ros2_test1/target_vision_2 --enable-red-square-grasp --enable-arm-preview --no-web --width 800 --height 600 --fps 30 --detect-every-n-frames 1 --detection-scale 0.75 --window-x 0 --window-y 60 --window-width 620 --window-height 520 --preview-id1 550 --preview-id2 300 --preview-id4 1000 --preview-id6 510 --grasp-id1-ready 550 --grasp-id2-ready 300 --grasp-id4-closed 1000 --grasp-id4-open 1500 --servo-angle-gap-deg 0 --grasp-command-interval 0.15 --grasp-stable-frames 1 --camera-gripper-offset-mm 50 --camera-gripper-vertical-offset-mm 0 --trigger-kind square --trigger-color red --ros-args -r __node:=red_square_grasp_direct_2'].
[INFO] [launch]: process[target_vision_2-3] was required: shutting down launched system
==== 2026-07-07 12:24:24 start target vision 2.0 ====
[INFO] [launch]: All log files can be found below /home/cat/.ros/log/2026-07-07-12-24-26-297047-lubancat-5337
[INFO] [launch]: Default logging verbosity is set to INFO
[INFO] [bash-1]: process started with pid [5370]
[INFO] [robot_state_publisher-2]: process started with pid [5372]
[robot_state_publisher-2] [INFO] [1783398266.446714840] [robot_state_publisher]: got segment base_link
[robot_state_publisher-2] [INFO] [1783398266.446919881] [robot_state_publisher]: got segment base_mount
[robot_state_publisher-2] [INFO] [1783398266.446934173] [robot_state_publisher]: got segment blue_active_bar
[robot_state_publisher-2] [INFO] [1783398266.446943798] [robot_state_publisher]: got segment blue_upper_bar
[robot_state_publisher-2] [INFO] [1783398266.446952256] [robot_state_publisher]: got segment end_effector
[robot_state_publisher-2] [INFO] [1783398266.446960715] [robot_state_publisher]: got segment extension_bar
[robot_state_publisher-2] [INFO] [1783398266.446968881] [robot_state_publisher]: got segment extension_tip
[robot_state_publisher-2] [INFO] [1783398266.446977340] [robot_state_publisher]: got segment gripper_finger_left
[robot_state_publisher-2] [INFO] [1783398266.446985506] [robot_state_publisher]: got segment gripper_finger_right
[robot_state_publisher-2] [INFO] [1783398266.446994256] [robot_state_publisher]: got segment orange_active_bar
[robot_state_publisher-2] [INFO] [1783398266.447002131] [robot_state_publisher]: got segment orange_upper_bar
[robot_state_publisher-2] [INFO] [1783398266.447010006] [robot_state_publisher]: got segment square_platform
[INFO] [bash-1]: process has finished cleanly [pid 5370]
[INFO] [target_vision_2-3]: process started with pid [5386]
[INFO] [rviz2-4]: process started with pid [5388]
[rviz2-4] [INFO] [1783398268.292702817] [rviz2]: Stereo is NOT SUPPORTED
[rviz2-4] [INFO] [1783398268.292924775] [rviz2]: OpenGl version: 3.3 (GLSL 3.3)
[rviz2-4] [INFO] [1783398268.326481029] [rviz2]: Stereo is NOT SUPPORTED
[target_vision_2-3] arm preview publishing /joint_states, /arm/grasp_status, and target markers
[target_vision_2-3] servo bridge on /dev/ttyS0
[target_vision_2-3] Camera: /dev/video20 800x600 reported_fps=30.0 attempt=1
[target_vision_2-3] Press q or Esc in the preview window to quit.
[target_vision_2-3] SERVO FEEDBACK stage=centering ID1=339/550 ID2=99/300
[target_vision_2-3] SERVO UART TX=id1=550 attempt=1 RX=OK ID1 TARGET 550
[target_vision_2-3] SERVO UART TX=id6=510 attempt=1 RX=OK ID6 TARGET 510
[target_vision_2-3] SERVO UART TX=zp4:1000 attempt=1 RX=OK ZP4 1000
[target_vision_2-3] SERVO UART TX=id2=300 attempt=1 RX=OK ID2 TARGET 300
[target_vision_2-3] Library QUIRC is not linked. No decoding is performed. Take it to the OpenCV repository.
[target_vision_2-3] SERVO FEEDBACK stage=centering ID1=545/550 ID2=300/300
[target_vision_2-3] DIRECT2 LOCK target={"kind": "square", "color": "red", "center": [357, 235], "box": "[[322 256]\n [337 198]\n [392 212]\n [378 270]]", "bbox": [323, 199, 71, 73], "projected_area": 3349.0194073847183, "fully_visible": true, "angle": 14.0, "area_ratio": 0.00697712376538483, "area_percent": 0.6977123765384831, "diameter_ratio": 0.12222222222222222, "distance_cm": 29.396737319033452, "raw_distance_cm": 28.432733978488034} plan=direct-2 dx=-18mm dy=-27mm d=29.4cm overhead=305/273 final=227/319 ID6=520 err=0.8mm | servo calibration final=207/406/516 overhead=267/361
[target_vision_2-3] GRASP COMMAND reason=direct-2 overhead+open; hold ID6 center | direct-2 dx=-18mm dy=-27mm d=29.4cm overhead=305/273 final=227/319 ID6=520 err=0.8mm | servo calibration final=207/406/516 overhead=267/361 ID1=267 ID2=361 ID4=1500 ID6=510 gap=69.9deg
[target_vision_2-3] SERVO UART TX=armpair=267,361 attempt=1 RX=OK ARMPAIR 267 361
[target_vision_2-3] SERVO UART TX=id6=510 attempt=1 RX=OK ID6 TARGET 510
[target_vision_2-3] SERVO UART TX=zp4:1500 attempt=1 RX=OK ZP4 1500
[target_vision_2-3] SERVO FEEDBACK stage=direct_2_overhead ID1=267/267 ID2=360/361
[target_vision_2-3] GRASP COMMAND reason=direct-2 descend with calculated ID6 ID1=207 ID2=406 ID4=1500 ID6=516 gap=66.1deg
[target_vision_2-3] SERVO UART TX=armpair=207,406 attempt=1 RX=OK ARMPAIR 207 406
[target_vision_2-3] SERVO UART TX=id6=516 attempt=1 RX=OK ID6 TARGET 516
[target_vision_2-3] VISION FPS=6.1
[target_vision_2-3] VISION PERF read=13.0ms detect=166.9ms/detect post=99.9ms display=9.8ms
[target_vision_2-3] SERVO FEEDBACK stage=direct_2_descend ID1=211/207 ID2=405/406
[target_vision_2-3] CLAW COMMAND reason=direct-2 final reached; close claw ID4=1000
[target_vision_2-3] SERVO UART TX=zp4:1000 attempt=1 RX=OK ZP4 1000
[target_vision_2-3] GRASP COMMAND reason=direct-2 grasp complete; return ID6 center ID1=211 ID2=405 ID4=1000 ID6=510 gap=66.8deg
[target_vision_2-3] SERVO UART TX=armpair=211,405 attempt=1 RX=OK ARMPAIR 211 405
[target_vision_2-3] SERVO UART TX=id6=510 attempt=1 RX=OK ID6 TARGET 510
[target_vision_2-3] VISION FPS=30.1
[target_vision_2-3] VISION PERF read=17.7ms detect=153.2ms/detect post=15.5ms display=10.4ms
[target_vision_2-3] Library QUIRC is not linked. No decoding is performed. Take it to the OpenCV repository.
[target_vision_2-3] Library QUIRC is not linked. No decoding is performed. Take it to the OpenCV repository.
[target_vision_2-3] Library QUIRC is not linked. No decoding is performed. Take it to the OpenCV repository.
[target_vision_2-3] VISION FPS=30.1
[target_vision_2-3] VISION PERF read=20.0ms detect=158.0ms/detect post=2.4ms display=10.9ms
[WARNING] [launch]: user interrupted with ctrl-c (SIGINT)
[robot_state_publisher-2] [INFO] [1783398285.722848943] [rclcpp]: signal_handler(SIGINT/SIGTERM)
[rviz2-4] [INFO] [1783398285.722869943] [rclcpp]: signal_handler(SIGINT/SIGTERM)
[INFO] [robot_state_publisher-2]: process has finished cleanly [pid 5372]
[target_vision_2-3] APP EXIT closing claw to ID4=1000
[INFO] [rviz2-4]: process has finished cleanly [pid 5388]
[target_vision_2-3] SERVO UART TX=zp4:1000 attempt=1 RX=OK ZP4 1000
[target_vision_2-3] APP EXIT retracting ID2 first to 100
[target_vision_2-3] SERVO UART TX=id2=100 attempt=1 RX=OK ID2 TARGET 100
[target_vision_2-3] APP EXIT retracting ID1 to 340 and ID6 to 510
[target_vision_2-3] SERVO UART TX=id1=340 attempt=1 RX=OK ID1 TARGET 340
[target_vision_2-3] SERVO UART TX=id6=510 attempt=1 RX=OK ID6 TARGET 510
[target_vision_2-3] Traceback (most recent call last):
[target_vision_2-3]   File "/home/cat/ros2_ws/install/ros2_test1/lib/ros2_test1/target_vision_2", line 33, in <module>
[target_vision_2-3]     sys.exit(load_entry_point('ros2-test1', 'console_scripts', 'target_vision_2')())
[target_vision_2-3]   File "/home/cat/ros2_ws/build/ros2_test1/ros2_test1/target_vision_2.py", line 390, in main
[target_vision_2-3]     return vision1.main(arguments)
[target_vision_2-3]   File "/home/cat/ros2_ws/build/ros2_test1/ros2_test1/target_vision.py", line 3597, in main
[target_vision_2-3]     ok, frame = cap.read()
[target_vision_2-3] KeyboardInterrupt
[ERROR] [target_vision_2-3]: process has died [pid 5386, exit code -2, cmd '/home/cat/ros2_ws/install/ros2_test1/lib/ros2_test1/target_vision_2 --enable-red-square-grasp --enable-arm-preview --no-web --width 800 --height 600 --fps 30 --detect-every-n-frames 1 --detection-scale 0.75 --window-x 0 --window-y 60 --window-width 620 --window-height 520 --preview-id1 550 --preview-id2 300 --preview-id4 1000 --preview-id6 510 --grasp-id1-ready 550 --grasp-id2-ready 300 --grasp-id4-closed 1000 --grasp-id4-open 1500 --servo-angle-gap-deg 0 --grasp-command-interval 0.15 --grasp-stable-frames 1 --camera-gripper-offset-mm 50 --camera-gripper-vertical-offset-mm 0 --trigger-kind square --trigger-color red --ros-args -r __node:=red_square_grasp_direct_2'].
[INFO] [launch]: process[target_vision_2-3] was required: shutting down launched system
==== 2026-07-07 12:24:55 start target vision 2.0 ====
[INFO] [launch]: All log files can be found below /home/cat/.ros/log/2026-07-07-12-24-57-573073-lubancat-5560
[INFO] [launch]: Default logging verbosity is set to INFO
[INFO] [bash-1]: process started with pid [5593]
[INFO] [robot_state_publisher-2]: process started with pid [5595]
[INFO] [bash-1]: process has finished cleanly [pid 5593]
[robot_state_publisher-2] [INFO] [1783398297.729792066] [robot_state_publisher]: got segment base_link
[robot_state_publisher-2] [INFO] [1783398297.729976400] [robot_state_publisher]: got segment base_mount
[robot_state_publisher-2] [INFO] [1783398297.729992441] [robot_state_publisher]: got segment blue_active_bar
[robot_state_publisher-2] [INFO] [1783398297.730002650] [robot_state_publisher]: got segment blue_upper_bar
[robot_state_publisher-2] [INFO] [1783398297.730011400] [robot_state_publisher]: got segment end_effector
[robot_state_publisher-2] [INFO] [1783398297.730019566] [robot_state_publisher]: got segment extension_bar
[robot_state_publisher-2] [INFO] [1783398297.730027733] [robot_state_publisher]: got segment extension_tip
[robot_state_publisher-2] [INFO] [1783398297.730036191] [robot_state_publisher]: got segment gripper_finger_left
[robot_state_publisher-2] [INFO] [1783398297.730044650] [robot_state_publisher]: got segment gripper_finger_right
[robot_state_publisher-2] [INFO] [1783398297.730052525] [robot_state_publisher]: got segment orange_active_bar
[robot_state_publisher-2] [INFO] [1783398297.730060983] [robot_state_publisher]: got segment orange_upper_bar
[robot_state_publisher-2] [INFO] [1783398297.730069441] [robot_state_publisher]: got segment square_platform
[INFO] [target_vision_2-3]: process started with pid [5609]
[INFO] [rviz2-4]: process started with pid [5611]
[rviz2-4] [INFO] [1783398299.543721207] [rviz2]: Stereo is NOT SUPPORTED
[rviz2-4] [INFO] [1783398299.543954249] [rviz2]: OpenGl version: 3.3 (GLSL 3.3)
[rviz2-4] [INFO] [1783398299.577651085] [rviz2]: Stereo is NOT SUPPORTED
[target_vision_2-3] arm preview publishing /joint_states, /arm/grasp_status, and target markers
[target_vision_2-3] servo bridge on /dev/ttyS0
[target_vision_2-3] Camera: /dev/video20 800x600 reported_fps=30.0 attempt=1
[target_vision_2-3] Press q or Esc in the preview window to quit.
[target_vision_2-3] SERVO FEEDBACK stage=centering ID1=336/550 ID2=101/300
[target_vision_2-3] SERVO UART TX=id1=550 attempt=1 RX=OK ID1 TARGET 550
[target_vision_2-3] SERVO UART TX=id6=510 attempt=1 RX=OK ID6 TARGET 510
[target_vision_2-3] SERVO UART TX=zp4:1000 attempt=1 RX=OK ZP4 1000
[target_vision_2-3] SERVO UART TX=id2=300 attempt=1 RX=OK ID2 TARGET 300
[target_vision_2-3] SERVO FEEDBACK stage=centering ID1=545/550 ID2=301/300
[target_vision_2-3] DIRECT2 LOCK target={"kind": "square", "color": "red", "center": [480, 249], "box": "[[452 222]\n [508 222]\n [508 277]\n [452 277]]", "bbox": [452, 223, 57, 56], "projected_area": 3061.333333333333, "fully_visible": true, "angle": 90.0, "area_ratio": 0.006377777777777777, "area_percent": 0.6377777777777778, "diameter_ratio": 0.09555555555555556, "distance_cm": 30.0, "raw_distance_cm": 29.812534267653646} plan=direct-2 dx=42mm dy=-27mm d=30.0cm overhead=305/273 final=227/319 ID6=488 err=0.7mm | servo calibration final=207/398/468 overhead=269/352
[target_vision_2-3] GRASP COMMAND reason=direct-2 overhead+open; hold ID6 center | direct-2 dx=42mm dy=-27mm d=30.0cm overhead=305/273 final=227/319 ID6=488 err=0.7mm | servo calibration final=207/398/468 overhead=269/352 ID1=269 ID2=352 ID4=1500 ID6=510 gap=68.3deg
[target_vision_2-3] SERVO UART TX=armpair=269,352 attempt=1 RX=OK ARMPAIR 269 352
[target_vision_2-3] SERVO UART TX=id6=510 attempt=1 RX=OK ID6 TARGET 510
[target_vision_2-3] SERVO UART TX=zp4:1500 attempt=1 RX=OK ZP4 1500
[target_vision_2-3] SERVO FEEDBACK stage=direct_2_overhead ID1=269/269 ID2=350/352
[target_vision_2-3] GRASP COMMAND reason=direct-2 descend with calculated ID6 ID1=207 ID2=398 ID4=1500 ID6=468 gap=64.2deg
[target_vision_2-3] SERVO UART TX=armpair=207,398 attempt=1 RX=OK ARMPAIR 207 398
[target_vision_2-3] SERVO UART TX=id6=468 attempt=1 RX=OK ID6 TARGET 468
[target_vision_2-3] VISION FPS=6.1
[target_vision_2-3] VISION PERF read=12.8ms detect=163.2ms/detect post=100.1ms display=10.2ms
[target_vision_2-3] SERVO FEEDBACK stage=direct_2_descend ID1=211/207 ID2=395/398
[target_vision_2-3] CLAW COMMAND reason=direct-2 final reached; close claw ID4=1000
[target_vision_2-3] SERVO UART TX=zp4:1000 attempt=1 RX=OK ZP4 1000
[target_vision_2-3] GRASP COMMAND reason=direct-2 grasp complete; return ID6 center ID1=211 ID2=395 ID4=1000 ID6=510 gap=64.5deg
[target_vision_2-3] SERVO UART TX=armpair=211,395 attempt=1 RX=OK ARMPAIR 211 395
[target_vision_2-3] SERVO UART TX=id6=510 attempt=1 RX=OK ID6 TARGET 510
[target_vision_2-3] Library QUIRC is not linked. No decoding is performed. Take it to the OpenCV repository.
[target_vision_2-3] Library QUIRC is not linked. No decoding is performed. Take it to the OpenCV repository.
[target_vision_2-3] VISION FPS=30.0
[target_vision_2-3] VISION PERF read=18.1ms detect=157.7ms/detect post=15.5ms display=10.4ms
[target_vision_2-3] Library QUIRC is not linked. No decoding is performed. Take it to the OpenCV repository.
[target_vision_2-3] Library QUIRC is not linked. No decoding is performed. Take it to the OpenCV repository.
[target_vision_2-3] Library QUIRC is not linked. No decoding is performed. Take it to the OpenCV repository.
[target_vision_2-3] Library QUIRC is not linked. No decoding is performed. Take it to the OpenCV repository.
[WARNING] [launch]: user interrupted with ctrl-c (SIGINT)
[rviz2-4] [INFO] [1783398315.578847693] [rclcpp]: signal_handler(SIGINT/SIGTERM)
[robot_state_publisher-2] [INFO] [1783398315.578938693] [rclcpp]: signal_handler(SIGINT/SIGTERM)
[INFO] [robot_state_publisher-2]: process has finished cleanly [pid 5595]
[INFO] [rviz2-4]: process has finished cleanly [pid 5611]
[target_vision_2-3] APP EXIT closing claw to ID4=1000
[target_vision_2-3] SERVO UART TX=zp4:1000 attempt=1 RX=OK ZP4 1000
[target_vision_2-3] APP EXIT retracting ID2 first to 100
[target_vision_2-3] SERVO UART TX=id2=100 attempt=1 RX=OK ID2 TARGET 100
[target_vision_2-3] APP EXIT retracting ID1 to 340 and ID6 to 510
[target_vision_2-3] SERVO UART TX=id1=340 attempt=1 RX=OK ID1 TARGET 340
[target_vision_2-3] SERVO UART TX=id6=510 attempt=1 RX=OK ID6 TARGET 510
[target_vision_2-3] Traceback (most recent call last):
[target_vision_2-3]   File "/home/cat/ros2_ws/install/ros2_test1/lib/ros2_test1/target_vision_2", line 33, in <module>
[target_vision_2-3]     sys.exit(load_entry_point('ros2-test1', 'console_scripts', 'target_vision_2')())
[target_vision_2-3]   File "/home/cat/ros2_ws/build/ros2_test1/ros2_test1/target_vision_2.py", line 390, in main
[target_vision_2-3]     return vision1.main(arguments)
[target_vision_2-3]   File "/home/cat/ros2_ws/build/ros2_test1/ros2_test1/target_vision.py", line 3597, in main
[target_vision_2-3]     ok, frame = cap.read()
[target_vision_2-3] KeyboardInterrupt
[ERROR] [target_vision_2-3]: process has died [pid 5609, exit code -2, cmd '/home/cat/ros2_ws/install/ros2_test1/lib/ros2_test1/target_vision_2 --enable-red-square-grasp --enable-arm-preview --no-web --width 800 --height 600 --fps 30 --detect-every-n-frames 1 --detection-scale 0.75 --window-x 0 --window-y 60 --window-width 620 --window-height 520 --preview-id1 550 --preview-id2 300 --preview-id4 1000 --preview-id6 510 --grasp-id1-ready 550 --grasp-id2-ready 300 --grasp-id4-closed 1000 --grasp-id4-open 1500 --servo-angle-gap-deg 0 --grasp-command-interval 0.15 --grasp-stable-frames 1 --camera-gripper-offset-mm 50 --camera-gripper-vertical-offset-mm 0 --trigger-kind square --trigger-color red --ros-args -r __node:=red_square_grasp_direct_2'].
[INFO] [launch]: process[target_vision_2-3] was required: shutting down launched system
==== 2026-07-07 12:25:20 start target vision 2.0 ====
[INFO] [launch]: All log files can be found below /home/cat/.ros/log/2026-07-07-12-25-21-855900-lubancat-5776
[INFO] [launch]: Default logging verbosity is set to INFO
[INFO] [bash-1]: process started with pid [5809]
[INFO] [robot_state_publisher-2]: process started with pid [5811]
[INFO] [bash-1]: process has finished cleanly [pid 5809]
[robot_state_publisher-2] [INFO] [1783398322.012116673] [robot_state_publisher]: got segment base_link
[robot_state_publisher-2] [INFO] [1783398322.012294881] [robot_state_publisher]: got segment base_mount
[robot_state_publisher-2] [INFO] [1783398322.012308881] [robot_state_publisher]: got segment blue_active_bar
[robot_state_publisher-2] [INFO] [1783398322.012319089] [robot_state_publisher]: got segment blue_upper_bar
[robot_state_publisher-2] [INFO] [1783398322.012328423] [robot_state_publisher]: got segment end_effector
[robot_state_publisher-2] [INFO] [1783398322.012336589] [robot_state_publisher]: got segment extension_bar
[robot_state_publisher-2] [INFO] [1783398322.012344756] [robot_state_publisher]: got segment extension_tip
[robot_state_publisher-2] [INFO] [1783398322.012353214] [robot_state_publisher]: got segment gripper_finger_left
[robot_state_publisher-2] [INFO] [1783398322.012361673] [robot_state_publisher]: got segment gripper_finger_right
[robot_state_publisher-2] [INFO] [1783398322.012369839] [robot_state_publisher]: got segment orange_active_bar
[robot_state_publisher-2] [INFO] [1783398322.012378006] [robot_state_publisher]: got segment orange_upper_bar
[robot_state_publisher-2] [INFO] [1783398322.012386464] [robot_state_publisher]: got segment square_platform
[INFO] [target_vision_2-3]: process started with pid [5825]
[INFO] [rviz2-4]: process started with pid [5827]
[rviz2-4] [INFO] [1783398323.824598855] [rviz2]: Stereo is NOT SUPPORTED
[rviz2-4] [INFO] [1783398323.824831605] [rviz2]: OpenGl version: 3.3 (GLSL 3.3)
[rviz2-4] [INFO] [1783398323.852759858] [rviz2]: Stereo is NOT SUPPORTED
[target_vision_2-3] arm preview publishing /joint_states, /arm/grasp_status, and target markers
[target_vision_2-3] servo bridge on /dev/ttyS0
[WARNING] [launch]: user interrupted with ctrl-c (SIGINT)
[rviz2-4] [INFO] [1783398331.932812836] [rclcpp]: signal_handler(SIGINT/SIGTERM)
[target_vision_2-3] Traceback (most recent call last):
[target_vision_2-3]   File "/home/cat/ros2_ws/install/ros2_test1/lib/ros2_test1/target_vision_2", line 33, in <module>
[target_vision_2-3]     sys.exit(load_entry_point('ros2-test1', 'console_scripts', 'target_vision_2')())
[target_vision_2-3]   File "/home/cat/ros2_ws/build/ros2_test1/ros2_test1/target_vision_2.py", line 390, in main
[target_vision_2-3]     return vision1.main(arguments)
[target_vision_2-3]   File "/home/cat/ros2_ws/build/ros2_test1/ros2_test1/target_vision.py", line 3543, in main
[target_vision_2-3]     cap = open_camera(args.device, args.width, args.height, args.fps)
[target_vision_2-3]   File "/home/cat/ros2_ws/build/ros2_test1/ros2_test1/target_vision.py", line 3325, in open_camera
[robot_state_publisher-2] [INFO] [1783398331.932878170] [rclcpp]: signal_handler(SIGINT/SIGTERM)
[target_vision_2-3]     ok, _ = cap.read()
[target_vision_2-3] KeyboardInterrupt
[INFO] [robot_state_publisher-2]: process has finished cleanly [pid 5811]
[INFO] [rviz2-4]: process has finished cleanly [pid 5827]
[ERROR] [target_vision_2-3]: process has died [pid 5825, exit code -2, cmd '/home/cat/ros2_ws/install/ros2_test1/lib/ros2_test1/target_vision_2 --enable-red-square-grasp --enable-arm-preview --no-web --width 800 --height 600 --fps 30 --detect-every-n-frames 1 --detection-scale 0.75 --window-x 0 --window-y 60 --window-width 620 --window-height 520 --preview-id1 550 --preview-id2 300 --preview-id4 1000 --preview-id6 510 --grasp-id1-ready 550 --grasp-id2-ready 300 --grasp-id4-closed 1000 --grasp-id4-open 1500 --servo-angle-gap-deg 0 --grasp-command-interval 0.15 --grasp-stable-frames 1 --camera-gripper-offset-mm 50 --camera-gripper-vertical-offset-mm 0 --trigger-kind square --trigger-color red --ros-args -r __node:=red_square_grasp_direct_2'].
[INFO] [launch]: process[target_vision_2-3] was required: shutting down launched system
==== 2026-07-07 12:25:33 start target vision 2.0 ====
[INFO] [launch]: All log files can be found below /home/cat/.ros/log/2026-07-07-12-25-35-177254-lubancat-5873
[INFO] [launch]: Default logging verbosity is set to INFO
[INFO] [bash-1]: process started with pid [5906]
[INFO] [robot_state_publisher-2]: process started with pid [5908]
[INFO] [bash-1]: process has finished cleanly [pid 5906]
[robot_state_publisher-2] [INFO] [1783398335.334980011] [robot_state_publisher]: got segment base_link
[robot_state_publisher-2] [INFO] [1783398335.335156178] [robot_state_publisher]: got segment base_mount
[robot_state_publisher-2] [INFO] [1783398335.335168428] [robot_state_publisher]: got segment blue_active_bar
[robot_state_publisher-2] [INFO] [1783398335.335177470] [robot_state_publisher]: got segment blue_upper_bar
[robot_state_publisher-2] [INFO] [1783398335.335185636] [robot_state_publisher]: got segment end_effector
[robot_state_publisher-2] [INFO] [1783398335.335192928] [robot_state_publisher]: got segment extension_bar
[robot_state_publisher-2] [INFO] [1783398335.335199928] [robot_state_publisher]: got segment extension_tip
[robot_state_publisher-2] [INFO] [1783398335.335207220] [robot_state_publisher]: got segment gripper_finger_left
[robot_state_publisher-2] [INFO] [1783398335.335214511] [robot_state_publisher]: got segment gripper_finger_right
[robot_state_publisher-2] [INFO] [1783398335.335221803] [robot_state_publisher]: got segment orange_active_bar
[robot_state_publisher-2] [INFO] [1783398335.335228803] [robot_state_publisher]: got segment orange_upper_bar
[robot_state_publisher-2] [INFO] [1783398335.335235803] [robot_state_publisher]: got segment square_platform
[INFO] [target_vision_2-3]: process started with pid [5922]
[INFO] [rviz2-4]: process started with pid [5924]
[rviz2-4] [INFO] [1783398337.137015276] [rviz2]: Stereo is NOT SUPPORTED
[rviz2-4] [INFO] [1783398337.137236359] [rviz2]: OpenGl version: 3.3 (GLSL 3.3)
[rviz2-4] [INFO] [1783398337.171281738] [rviz2]: Stereo is NOT SUPPORTED
[target_vision_2-3] arm preview publishing /joint_states, /arm/grasp_status, and target markers
[target_vision_2-3] servo bridge on /dev/ttyS0
[target_vision_2-3] Camera: /dev/video20 800x600 reported_fps=30.0 attempt=1
[target_vision_2-3] Press q or Esc in the preview window to quit.
[target_vision_2-3] SERVO FEEDBACK stage=centering ID1=272/550 ID2=147/300
[target_vision_2-3] Library QUIRC is not linked. No decoding is performed. Take it to the OpenCV repository.
[target_vision_2-3] SERVO UART TX=id1=550 attempt=1 RX=OK ID1 TARGET 550
[target_vision_2-3] SERVO UART TX=id6=510 attempt=1 RX=OK ID6 TARGET 510
[target_vision_2-3] SERVO UART TX=zp4:1000 attempt=1 RX=OK ZP4 1000
[target_vision_2-3] SERVO UART TX=id2=300 attempt=1 RX=OK ID2 TARGET 300
[target_vision_2-3] SERVO FEEDBACK stage=centering ID1=548/550 ID2=299/300
[target_vision_2-3] DIRECT2 LOCK target={"kind": "square", "color": "red", "center": [249, 151], "box": "[[220 132]\n [280 132]\n [280 170]\n [220 170]]", "bbox": [220, 132, 61, 40], "projected_area": 2320.0, "fully_visible": true, "angle": 90.0, "area_ratio": 0.004833333333333334, "area_percent": 0.48333333333333334, "diameter_ratio": 0.10222222222222223, "distance_cm": 30.0, "raw_distance_cm": 34.48504184845045} plan=direct-2 dx=-74mm dy=-73mm d=30.0cm overhead=371/246 final=298/276 ID6=549 err=0.6mm | servo calibration out of range; geometric IK retained
[target_vision_2-3] GRASP COMMAND reason=direct-2 overhead+open; hold ID6 center | direct-2 dx=-74mm dy=-73mm d=30.0cm overhead=371/246 final=298/276 ID6=549 err=0.6mm | servo calibration out of range; geometric IK retained ID1=371 ID2=246 ID4=1500 ID6=510 gap=68.0deg
[target_vision_2-3] SERVO UART TX=armpair=371,246 attempt=1 RX=OK ARMPAIR 371 246
[target_vision_2-3] SERVO UART TX=id6=510 attempt=1 RX=OK ID6 TARGET 510
[target_vision_2-3] SERVO UART TX=zp4:1500 attempt=1 RX=OK ZP4 1500
[target_vision_2-3] SERVO FEEDBACK stage=direct_2_overhead ID1=370/371 ID2=248/246
[target_vision_2-3] GRASP COMMAND reason=direct-2 descend with calculated ID6 ID1=298 ID2=276 ID4=1500 ID6=549 gap=57.6deg
[target_vision_2-3] SERVO UART TX=armpair=298,276 attempt=1 RX=OK ARMPAIR 298 276
[target_vision_2-3] SERVO UART TX=id6=549 attempt=1 RX=OK ID6 TARGET 549
[target_vision_2-3] VISION FPS=6.1
[target_vision_2-3] VISION PERF read=12.6ms detect=160.4ms/detect post=100.5ms display=10.1ms
[target_vision_2-3] Library QUIRC is not linked. No decoding is performed. Take it to the OpenCV repository.
[target_vision_2-3] SERVO FEEDBACK stage=direct_2_descend ID1=298/298 ID2=272/276
[target_vision_2-3] CLAW COMMAND reason=direct-2 final reached; close claw ID4=1000
[target_vision_2-3] SERVO UART TX=zp4:1000 attempt=1 RX=OK ZP4 1000
[target_vision_2-3] GRASP COMMAND reason=direct-2 grasp complete; return ID6 center ID1=298 ID2=272 ID4=1000 ID6=510 gap=56.7deg
[target_vision_2-3] SERVO UART TX=armpair=298,272 attempt=1 RX=OK ARMPAIR 298 272
[target_vision_2-3] SERVO UART TX=id6=510 attempt=1 RX=OK ID6 TARGET 510
[target_vision_2-3] Library QUIRC is not linked. No decoding is performed. Take it to the OpenCV repository.
[target_vision_2-3] VISION FPS=30.0
[target_vision_2-3] VISION PERF read=17.9ms detect=166.0ms/detect post=15.7ms display=10.5ms
[WARNING] [launch]: user interrupted with ctrl-c (SIGINT)
[rviz2-4] [INFO] [1783398349.244335201] [rclcpp]: signal_handler(SIGINT/SIGTERM)
[robot_state_publisher-2] [INFO] [1783398349.244469367] [rclcpp]: signal_handler(SIGINT/SIGTERM)
[INFO] [robot_state_publisher-2]: process has finished cleanly [pid 5908]
[target_vision_2-3] APP EXIT closing claw to ID4=1000
[INFO] [rviz2-4]: process has finished cleanly [pid 5924]
[target_vision_2-3] SERVO UART TX=zp4:1000 attempt=1 RX=OK ZP4 1000
[target_vision_2-3] APP EXIT retracting ID2 first to 100
[target_vision_2-3] SERVO UART TX=id2=100 attempt=1 RX=OK ID2 TARGET 100
[target_vision_2-3] APP EXIT retracting ID1 to 340 and ID6 to 510
[target_vision_2-3] SERVO UART TX=id1=340 attempt=1 RX=OK ID1 TARGET 340
[target_vision_2-3] SERVO UART TX=id6=510 attempt=1 RX=OK ID6 TARGET 510
[target_vision_2-3] Traceback (most recent call last):
[target_vision_2-3]   File "/home/cat/ros2_ws/install/ros2_test1/lib/ros2_test1/target_vision_2", line 33, in <module>
[target_vision_2-3]     sys.exit(load_entry_point('ros2-test1', 'console_scripts', 'target_vision_2')())
[target_vision_2-3]   File "/home/cat/ros2_ws/build/ros2_test1/ros2_test1/target_vision_2.py", line 390, in main
[target_vision_2-3]     return vision1.main(arguments)
[target_vision_2-3]   File "/home/cat/ros2_ws/build/ros2_test1/ros2_test1/target_vision.py", line 3676, in main
[target_vision_2-3]     cv2.imshow(WINDOW_NAME, output)
[target_vision_2-3] KeyboardInterrupt
[ERROR] [target_vision_2-3]: process has died [pid 5922, exit code -2, cmd '/home/cat/ros2_ws/install/ros2_test1/lib/ros2_test1/target_vision_2 --enable-red-square-grasp --enable-arm-preview --no-web --width 800 --height 600 --fps 30 --detect-every-n-frames 1 --detection-scale 0.75 --window-x 0 --window-y 60 --window-width 620 --window-height 520 --preview-id1 550 --preview-id2 300 --preview-id4 1000 --preview-id6 510 --grasp-id1-ready 550 --grasp-id2-ready 300 --grasp-id4-closed 1000 --grasp-id4-open 1500 --servo-angle-gap-deg 0 --grasp-command-interval 0.15 --grasp-stable-frames 1 --camera-gripper-offset-mm 50 --camera-gripper-vertical-offset-mm 0 --trigger-kind square --trigger-color red --ros-args -r __node:=red_square_grasp_direct_2'].
[INFO] [launch]: process[target_vision_2-3] was required: shutting down launched system
==== 2026-07-07 12:26:00 start target vision 2.0 ====
[INFO] [launch]: All log files can be found below /home/cat/.ros/log/2026-07-07-12-26-02-103228-lubancat-6070
[INFO] [launch]: Default logging verbosity is set to INFO
[INFO] [bash-1]: process started with pid [6103]
[INFO] [robot_state_publisher-2]: process started with pid [6105]
[INFO] [bash-1]: process has finished cleanly [pid 6103]
[robot_state_publisher-2] [INFO] [1783398362.258884967] [robot_state_publisher]: got segment base_link
[robot_state_publisher-2] [INFO] [1783398362.259059675] [robot_state_publisher]: got segment base_mount
[robot_state_publisher-2] [INFO] [1783398362.259072508] [robot_state_publisher]: got segment blue_active_bar
[robot_state_publisher-2] [INFO] [1783398362.259081842] [robot_state_publisher]: got segment blue_upper_bar
[robot_state_publisher-2] [INFO] [1783398362.259090592] [robot_state_publisher]: got segment end_effector
[robot_state_publisher-2] [INFO] [1783398362.259099050] [robot_state_publisher]: got segment extension_bar
[robot_state_publisher-2] [INFO] [1783398362.259106925] [robot_state_publisher]: got segment extension_tip
[robot_state_publisher-2] [INFO] [1783398362.259115092] [robot_state_publisher]: got segment gripper_finger_left
[robot_state_publisher-2] [INFO] [1783398362.259123258] [robot_state_publisher]: got segment gripper_finger_right
[robot_state_publisher-2] [INFO] [1783398362.259131717] [robot_state_publisher]: got segment orange_active_bar
[robot_state_publisher-2] [INFO] [1783398362.259140175] [robot_state_publisher]: got segment orange_upper_bar
[robot_state_publisher-2] [INFO] [1783398362.259148050] [robot_state_publisher]: got segment square_platform
[INFO] [target_vision_2-3]: process started with pid [6119]
[INFO] [rviz2-4]: process started with pid [6121]
[rviz2-4] [INFO] [1783398364.076753649] [rviz2]: Stereo is NOT SUPPORTED
[rviz2-4] [INFO] [1783398364.076961316] [rviz2]: OpenGl version: 3.3 (GLSL 3.3)
[rviz2-4] [INFO] [1783398364.104940902] [rviz2]: Stereo is NOT SUPPORTED
[target_vision_2-3] arm preview publishing /joint_states, /arm/grasp_status, and target markers
[target_vision_2-3] servo bridge on /dev/ttyS0
[target_vision_2-3] Camera: /dev/video20 800x600 reported_fps=30.0 attempt=1
[target_vision_2-3] Press q or Esc in the preview window to quit.
[target_vision_2-3] SERVO FEEDBACK stage=centering ID1=336/550 ID2=99/300
[target_vision_2-3] SERVO UART TX=id1=550 attempt=1 RX=OK ID1 TARGET 550
[target_vision_2-3] SERVO UART TX=id6=510 attempt=1 RX=OK ID6 TARGET 510
[target_vision_2-3] SERVO UART TX=zp4:1000 attempt=1 RX=OK ZP4 1000
[target_vision_2-3] SERVO UART TX=id2=300 attempt=1 RX=OK ID2 TARGET 300
[target_vision_2-3] Library QUIRC is not linked. No decoding is performed. Take it to the OpenCV repository.
[target_vision_2-3] SERVO FEEDBACK stage=centering ID1=545/550 ID2=301/300
[target_vision_2-3] DIRECT2 LOCK target={"kind": "square", "color": "red", "center": [283, 259], "box": "[[254 230]\n [312 230]\n [312 286]\n [254 286]]", "bbox": [255, 231, 59, 57], "projected_area": 3210.6666666666665, "fully_visible": true, "angle": 90.0, "area_ratio": 0.006688888888888889, "area_percent": 0.6688888888888889, "diameter_ratio": 0.09777777777777778, "distance_cm": 30.0, "raw_distance_cm": 29.073142391755564} plan=direct-2 dx=-59mm dy=-21mm d=30.0cm overhead=296/277 final=218/326 ID6=541 err=0.6mm | servo calibration final=193/402/548 overhead=256/353
[target_vision_2-3] GRASP COMMAND reason=direct-2 overhead+open; hold ID6 center | direct-2 dx=-59mm dy=-21mm d=30.0cm overhead=296/277 final=218/326 ID6=541 err=0.6mm | servo calibration final=193/402/548 overhead=256/353 ID1=256 ID2=353 ID4=1500 ID6=510 gap=65.5deg
[target_vision_2-3] SERVO UART TX=armpair=256,353 attempt=1 RX=OK ARMPAIR 256 353
[target_vision_2-3] SERVO UART TX=id6=510 attempt=1 RX=OK ID6 TARGET 510
[target_vision_2-3] SERVO UART TX=zp4:1500 attempt=1 RX=OK ZP4 1500
[target_vision_2-3] SERVO FEEDBACK stage=direct_2_overhead ID1=258/256 ID2=351/353
[target_vision_2-3] GRASP COMMAND reason=direct-2 descend with calculated ID6 ID1=193 ID2=402 ID4=1500 ID6=548 gap=61.8deg
[target_vision_2-3] SERVO UART TX=armpair=193,402 attempt=1 RX=OK ARMPAIR 193 402
[target_vision_2-3] SERVO UART TX=id6=548 attempt=1 RX=OK ID6 TARGET 548
[target_vision_2-3] VISION FPS=2.8
[target_vision_2-3] VISION PERF read=13.5ms detect=177.3ms/detect post=120.8ms display=9.4ms
[target_vision_2-3] SERVO FEEDBACK stage=direct_2_descend ID1=198/193 ID2=399/402
[target_vision_2-3] CLAW COMMAND reason=direct-2 final reached; close claw ID4=1000
[target_vision_2-3] SERVO UART TX=zp4:1000 attempt=1 RX=OK ZP4 1000
[target_vision_2-3] Library QUIRC is not linked. No decoding is performed. Take it to the OpenCV repository.
[target_vision_2-3] GRASP COMMAND reason=direct-2 grasp complete; return ID6 center ID1=198 ID2=399 ID4=1000 ID6=510 gap=62.3deg
[target_vision_2-3] SERVO UART TX=armpair=198,399 attempt=1 RX=OK ARMPAIR 198 399
[target_vision_2-3] SERVO UART TX=id6=510 attempt=1 RX=OK ID6 TARGET 510
[target_vision_2-3] Library QUIRC is not linked. No decoding is performed. Take it to the OpenCV repository.
[target_vision_2-3] VISION FPS=30.1
[target_vision_2-3] VISION PERF read=18.0ms detect=145.9ms/detect post=15.5ms display=10.4ms
[WARNING] [launch]: user interrupted with ctrl-c (SIGINT)
[rviz2-4] [INFO] [1783398376.649445871] [rclcpp]: signal_handler(SIGINT/SIGTERM)
[robot_state_publisher-2] [INFO] [1783398376.649421371] [rclcpp]: signal_handler(SIGINT/SIGTERM)
[INFO] [robot_state_publisher-2]: process has finished cleanly [pid 6105]
[target_vision_2-3] APP EXIT closing claw to ID4=1000
[INFO] [rviz2-4]: process has finished cleanly [pid 6121]
[target_vision_2-3] SERVO UART TX=zp4:1000 attempt=1 RX=OK ZP4 1000
[target_vision_2-3] APP EXIT retracting ID2 first to 100
[target_vision_2-3] SERVO UART TX=id2=100 attempt=1 RX=OK ID2 TARGET 100
[target_vision_2-3] APP EXIT retracting ID1 to 340 and ID6 to 510
[target_vision_2-3] SERVO UART TX=id1=340 attempt=1 RX=OK ID1 TARGET 340
[target_vision_2-3] SERVO UART TX=id6=510 attempt=1 RX=OK ID6 TARGET 510
[target_vision_2-3] Traceback (most recent call last):
[target_vision_2-3]   File "/home/cat/ros2_ws/install/ros2_test1/lib/ros2_test1/target_vision_2", line 33, in <module>
[target_vision_2-3]     sys.exit(load_entry_point('ros2-test1', 'console_scripts', 'target_vision_2')())
[target_vision_2-3]   File "/home/cat/ros2_ws/build/ros2_test1/ros2_test1/target_vision_2.py", line 390, in main
[target_vision_2-3]     return vision1.main(arguments)
[target_vision_2-3]   File "/home/cat/ros2_ws/build/ros2_test1/ros2_test1/target_vision.py", line 3676, in main
[target_vision_2-3]     cv2.imshow(WINDOW_NAME, output)
[target_vision_2-3] KeyboardInterrupt
[ERROR] [target_vision_2-3]: process has died [pid 6119, exit code -2, cmd '/home/cat/ros2_ws/install/ros2_test1/lib/ros2_test1/target_vision_2 --enable-red-square-grasp --enable-arm-preview --no-web --width 800 --height 600 --fps 30 --detect-every-n-frames 1 --detection-scale 0.75 --window-x 0 --window-y 60 --window-width 620 --window-height 520 --preview-id1 550 --preview-id2 300 --preview-id4 1000 --preview-id6 510 --grasp-id1-ready 550 --grasp-id2-ready 300 --grasp-id4-closed 1000 --grasp-id4-open 1500 --servo-angle-gap-deg 0 --grasp-command-interval 0.15 --grasp-stable-frames 1 --camera-gripper-offset-mm 50 --camera-gripper-vertical-offset-mm 0 --trigger-kind square --trigger-color red --ros-args -r __node:=red_square_grasp_direct_2'].
[INFO] [launch]: process[target_vision_2-3] was required: shutting down launched system
==== 2026-07-07 12:26:20 start target vision 2.0 ====
[INFO] [launch]: All log files can be found below /home/cat/.ros/log/2026-07-07-12-26-22-769087-lubancat-6267
[INFO] [launch]: Default logging verbosity is set to INFO
[INFO] [bash-1]: process started with pid [6300]
[INFO] [robot_state_publisher-2]: process started with pid [6302]
[INFO] [bash-1]: process has finished cleanly [pid 6300]
[robot_state_publisher-2] [INFO] [1783398382.929715835] [robot_state_publisher]: got segment base_link
[robot_state_publisher-2] [INFO] [1783398382.929896669] [robot_state_publisher]: got segment base_mount
[robot_state_publisher-2] [INFO] [1783398382.929911835] [robot_state_publisher]: got segment blue_active_bar
[robot_state_publisher-2] [INFO] [1783398382.929920585] [robot_state_publisher]: got segment blue_upper_bar
[robot_state_publisher-2] [INFO] [1783398382.929928752] [robot_state_publisher]: got segment end_effector
[robot_state_publisher-2] [INFO] [1783398382.929935752] [robot_state_publisher]: got segment extension_bar
[robot_state_publisher-2] [INFO] [1783398382.929942752] [robot_state_publisher]: got segment extension_tip
[robot_state_publisher-2] [INFO] [1783398382.929950044] [robot_state_publisher]: got segment gripper_finger_left
[robot_state_publisher-2] [INFO] [1783398382.929957335] [robot_state_publisher]: got segment gripper_finger_right
[robot_state_publisher-2] [INFO] [1783398382.929964627] [robot_state_publisher]: got segment orange_active_bar
[robot_state_publisher-2] [INFO] [1783398382.929971627] [robot_state_publisher]: got segment orange_upper_bar
[robot_state_publisher-2] [INFO] [1783398382.929979502] [robot_state_publisher]: got segment square_platform
[INFO] [target_vision_2-3]: process started with pid [6316]
[INFO] [rviz2-4]: process started with pid [6318]
[rviz2-4] [INFO] [1783398384.743963476] [rviz2]: Stereo is NOT SUPPORTED
[rviz2-4] [INFO] [1783398384.744178143] [rviz2]: OpenGl version: 3.3 (GLSL 3.3)
[rviz2-4] [INFO] [1783398384.774287187] [rviz2]: Stereo is NOT SUPPORTED
[target_vision_2-3] arm preview publishing /joint_states, /arm/grasp_status, and target markers
[target_vision_2-3] servo bridge on /dev/ttyS0
[target_vision_2-3] Camera: /dev/video20 800x600 reported_fps=30.0 attempt=1
[target_vision_2-3] Press q or Esc in the preview window to quit.
[target_vision_2-3] SERVO FEEDBACK stage=centering ID1=336/550 ID2=101/300
[target_vision_2-3] SERVO UART TX=id1=550 attempt=1 RX=OK ID1 TARGET 550
[target_vision_2-3] SERVO UART TX=id6=510 attempt=1 RX=OK ID6 TARGET 510
[target_vision_2-3] SERVO UART TX=zp4:1000 attempt=1 RX=OK ZP4 1000
[target_vision_2-3] SERVO UART TX=id2=300 attempt=1 RX=OK ID2 TARGET 300
[target_vision_2-3] SERVO FEEDBACK stage=centering ID1=546/550 ID2=300/300
[target_vision_2-3] DIRECT2 LOCK target={"kind": "square", "color": "red", "center": [280, 164], "box": "[[250 144]\n [310 144]\n [310 185]\n [250 185]]", "bbox": [251, 144, 61, 43], "projected_area": 2480.0, "fully_visible": true, "angle": 90.0, "area_ratio": 0.005166666666666667, "area_percent": 0.5166666666666666, "diameter_ratio": 0.10222222222222223, "distance_cm": 30.0, "raw_distance_cm": 33.301365545134566} plan=direct-2 dx=-59mm dy=-67mm d=30.0cm overhead=362/249 final=289/281 ID6=541 err=0.4mm | servo calibration out of range; geometric IK retained
[target_vision_2-3] GRASP COMMAND reason=direct-2 overhead+open; hold ID6 center | direct-2 dx=-59mm dy=-67mm d=30.0cm overhead=362/249 final=289/281 ID6=541 err=0.4mm | servo calibration out of range; geometric IK retained ID1=362 ID2=249 ID4=1500 ID6=510 gap=66.6deg
[target_vision_2-3] SERVO UART TX=armpair=362,249 attempt=1 RX=OK ARMPAIR 362 249
[target_vision_2-3] SERVO UART TX=id6=510 attempt=1 RX=OK ID6 TARGET 510
[target_vision_2-3] SERVO UART TX=zp4:1500 attempt=1 RX=OK ZP4 1500
[target_vision_2-3] SERVO FEEDBACK stage=direct_2_overhead ID1=361/362 ID2=251/249
[target_vision_2-3] GRASP COMMAND reason=direct-2 descend with calculated ID6 ID1=289 ID2=281 ID4=1500 ID6=541 gap=56.7deg
[target_vision_2-3] SERVO UART TX=armpair=289,281 attempt=1 RX=OK ARMPAIR 289 281
[target_vision_2-3] SERVO UART TX=id6=541 attempt=1 RX=OK ID6 TARGET 541
[target_vision_2-3] VISION FPS=2.8
[target_vision_2-3] VISION PERF read=13.0ms detect=162.8ms/detect post=120.2ms display=10.2ms
[target_vision_2-3] Library QUIRC is not linked. No decoding is performed. Take it to the OpenCV repository.
[target_vision_2-3] Library QUIRC is not linked. No decoding is performed. Take it to the OpenCV repository.
[target_vision_2-3] SERVO FEEDBACK stage=direct_2_descend ID1=290/289 ID2=278/281
[target_vision_2-3] CLAW COMMAND reason=direct-2 final reached; close claw ID4=1000
[target_vision_2-3] SERVO UART TX=zp4:1000 attempt=1 RX=OK ZP4 1000
[target_vision_2-3] GRASP COMMAND reason=direct-2 grasp complete; return ID6 center ID1=290 ID2=278 ID4=1000 ID6=510 gap=56.2deg
[target_vision_2-3] SERVO UART TX=armpair=290,278 attempt=1 RX=OK ARMPAIR 290 278
[target_vision_2-3] SERVO UART TX=id6=510 attempt=1 RX=OK ID6 TARGET 510
[target_vision_2-3] VISION FPS=30.0
[target_vision_2-3] VISION PERF read=18.3ms detect=160.3ms/detect post=15.2ms display=10.5ms
[WARNING] [launch]: user interrupted with ctrl-c (SIGINT)
[rviz2-4] [INFO] [1783398398.755946842] [rclcpp]: signal_handler(SIGINT/SIGTERM)
[robot_state_publisher-2] [INFO] [1783398398.756001384] [rclcpp]: signal_handler(SIGINT/SIGTERM)
[INFO] [robot_state_publisher-2]: process has finished cleanly [pid 6302]
[target_vision_2-3] APP EXIT closing claw to ID4=1000
[INFO] [rviz2-4]: process has finished cleanly [pid 6318]
[target_vision_2-3] SERVO UART TX=zp4:1000 attempt=1 RX=OK ZP4 1000
[target_vision_2-3] APP EXIT retracting ID2 first to 100
[target_vision_2-3] SERVO UART TX=id2=100 attempt=1 RX=OK ID2 TARGET 100
[target_vision_2-3] APP EXIT retracting ID1 to 340 and ID6 to 510
[target_vision_2-3] SERVO UART TX=id1=340 attempt=1 RX=OK ID1 TARGET 340
[target_vision_2-3] SERVO UART TX=id6=510 attempt=1 RX=OK ID6 TARGET 510
[target_vision_2-3] Traceback (most recent call last):
[target_vision_2-3]   File "/home/cat/ros2_ws/install/ros2_test1/lib/ros2_test1/target_vision_2", line 33, in <module>
[target_vision_2-3]     sys.exit(load_entry_point('ros2-test1', 'console_scripts', 'target_vision_2')())
[target_vision_2-3]   File "/home/cat/ros2_ws/build/ros2_test1/ros2_test1/target_vision_2.py", line 390, in main
[target_vision_2-3]     return vision1.main(arguments)
[target_vision_2-3]   File "/home/cat/ros2_ws/build/ros2_test1/ros2_test1/target_vision.py", line 3597, in main
[target_vision_2-3]     ok, frame = cap.read()
[target_vision_2-3] KeyboardInterrupt
[ERROR] [target_vision_2-3]: process has died [pid 6316, exit code -2, cmd '/home/cat/ros2_ws/install/ros2_test1/lib/ros2_test1/target_vision_2 --enable-red-square-grasp --enable-arm-preview --no-web --width 800 --height 600 --fps 30 --detect-every-n-frames 1 --detection-scale 0.75 --window-x 0 --window-y 60 --window-width 620 --window-height 520 --preview-id1 550 --preview-id2 300 --preview-id4 1000 --preview-id6 510 --grasp-id1-ready 550 --grasp-id2-ready 300 --grasp-id4-closed 1000 --grasp-id4-open 1500 --servo-angle-gap-deg 0 --grasp-command-interval 0.15 --grasp-stable-frames 1 --camera-gripper-offset-mm 50 --camera-gripper-vertical-offset-mm 0 --trigger-kind square --trigger-color red --ros-args -r __node:=red_square_grasp_direct_2'].
[INFO] [launch]: process[target_vision_2-3] was required: shutting down launched system
