[0.269s] DEBUG:colcon:Command line arguments: ['/usr/bin/colcon', 'build', '--symlink-install', '--packages-select', 'ros2_test1']
[0.269s] DEBUG:colcon:Parsed command line arguments: Namespace(log_base=None, log_level=None, verb_name='build', build_base='build', install_base='install', merge_install=False, symlink_install=True, test_result_base=None, continue_on_error=False, executor='parallel', parallel_workers=8, event_handlers=None, ignore_user_meta=False, metas=['./colcon.meta'], base_paths=['.'], packages_ignore=None, packages_ignore_regex=None, paths=None, packages_up_to=None, packages_up_to_regex=None, packages_above=None, packages_above_and_dependencies=None, packages_above_depth=None, packages_select_by_dep=None, packages_skip_by_dep=None, packages_skip_up_to=None, packages_select_build_failed=False, packages_skip_build_finished=False, packages_select_test_failures=False, packages_skip_test_passed=False, packages_select=['ros2_test1'], packages_skip=None, packages_select_regex=None, packages_skip_regex=None, packages_start=None, packages_end=None, allow_overriding=[], cmake_args=None, cmake_target=None, cmake_target_skip_unavailable=False, cmake_clean_cache=False, cmake_clean_first=False, cmake_force_configure=False, ament_cmake_args=None, catkin_cmake_args=None, catkin_skip_building_tests=False, verb_parser=<colcon_defaults.argument_parser.defaults.DefaultArgumentsDecorator object at 0xffff9f4fb310>, verb_extension=<colcon_core.verb.build.BuildVerb object at 0xffff9f6f8a30>, main=<bound method BuildVerb.main of <colcon_core.verb.build.BuildVerb object at 0xffff9f6f8a30>>)
[0.686s] Level 1:colcon.colcon_core.package_discovery:discover_packages(colcon_meta) check parameters
[0.686s] Level 1:colcon.colcon_core.package_discovery:discover_packages(recursive) check parameters
[0.686s] Level 1:colcon.colcon_core.package_discovery:discover_packages(ignore) check parameters
[0.686s] Level 1:colcon.colcon_core.package_discovery:discover_packages(path) check parameters
[0.686s] Level 1:colcon.colcon_core.package_discovery:discover_packages(colcon_meta) discover
[0.687s] Level 1:colcon.colcon_core.package_discovery:discover_packages(recursive) discover
[0.687s] INFO:colcon.colcon_core.package_discovery:Crawling recursively for packages in '/home/cat/ros2_ws'
[0.687s] Level 1:colcon.colcon_core.package_identification:_identify(.) by extensions ['ignore', 'ignore_ament_install']
[0.687s] Level 1:colcon.colcon_core.package_identification:_identify(.) by extension 'ignore'
[0.687s] Level 1:colcon.colcon_core.package_identification:_identify(.) by extension 'ignore_ament_install'
[0.687s] Level 1:colcon.colcon_core.package_identification:_identify(.) by extensions ['colcon_pkg']
[0.687s] Level 1:colcon.colcon_core.package_identification:_identify(.) by extension 'colcon_pkg'
[0.687s] Level 1:colcon.colcon_core.package_identification:_identify(.) by extensions ['colcon_meta']
[0.687s] Level 1:colcon.colcon_core.package_identification:_identify(.) by extension 'colcon_meta'
[0.687s] Level 1:colcon.colcon_core.package_identification:_identify(.) by extensions ['ros']
[0.687s] Level 1:colcon.colcon_core.package_identification:_identify(.) by extension 'ros'
[0.709s] Level 1:colcon.colcon_core.package_identification:_identify(.) by extensions ['cmake', 'python']
[0.709s] Level 1:colcon.colcon_core.package_identification:_identify(.) by extension 'cmake'
[0.709s] Level 1:colcon.colcon_core.package_identification:_identify(.) by extension 'python'
[0.709s] Level 1:colcon.colcon_core.package_identification:_identify(.) by extensions ['python_setup_py']
[0.709s] Level 1:colcon.colcon_core.package_identification:_identify(.) by extension 'python_setup_py'
[0.709s] Level 1:colcon.colcon_core.package_identification:_identify(backups) by extensions ['ignore', 'ignore_ament_install']
[0.709s] Level 1:colcon.colcon_core.package_identification:_identify(backups) by extension 'ignore'
[0.709s] Level 1:colcon.colcon_core.package_identification:_identify(backups) ignored
[0.710s] Level 1:colcon.colcon_core.package_identification:_identify(build) by extensions ['ignore', 'ignore_ament_install']
[0.710s] Level 1:colcon.colcon_core.package_identification:_identify(build) by extension 'ignore'
[0.710s] Level 1:colcon.colcon_core.package_identification:_identify(build) ignored
[0.710s] Level 1:colcon.colcon_core.package_identification:_identify(install) by extensions ['ignore', 'ignore_ament_install']
[0.710s] Level 1:colcon.colcon_core.package_identification:_identify(install) by extension 'ignore'
[0.710s] Level 1:colcon.colcon_core.package_identification:_identify(install) ignored
[0.711s] Level 1:colcon.colcon_core.package_identification:_identify(log) by extensions ['ignore', 'ignore_ament_install']
[0.711s] Level 1:colcon.colcon_core.package_identification:_identify(log) by extension 'ignore'
[0.711s] Level 1:colcon.colcon_core.package_identification:_identify(log) ignored
[0.711s] Level 1:colcon.colcon_core.package_identification:_identify(restore_backup_20260731_200702) by extensions ['ignore', 'ignore_ament_install']
[0.711s] Level 1:colcon.colcon_core.package_identification:_identify(restore_backup_20260731_200702) by extension 'ignore'
[0.711s] Level 1:colcon.colcon_core.package_identification:_identify(restore_backup_20260731_200702) by extension 'ignore_ament_install'
[0.711s] Level 1:colcon.colcon_core.package_identification:_identify(restore_backup_20260731_200702) by extensions ['colcon_pkg']
[0.711s] Level 1:colcon.colcon_core.package_identification:_identify(restore_backup_20260731_200702) by extension 'colcon_pkg'
[0.711s] Level 1:colcon.colcon_core.package_identification:_identify(restore_backup_20260731_200702) by extensions ['colcon_meta']
[0.711s] Level 1:colcon.colcon_core.package_identification:_identify(restore_backup_20260731_200702) by extension 'colcon_meta'
[0.712s] Level 1:colcon.colcon_core.package_identification:_identify(restore_backup_20260731_200702) by extensions ['ros']
[0.712s] Level 1:colcon.colcon_core.package_identification:_identify(restore_backup_20260731_200702) by extension 'ros'
[0.712s] Level 1:colcon.colcon_core.package_identification:_identify(restore_backup_20260731_200702) by extensions ['cmake', 'python']
[0.712s] Level 1:colcon.colcon_core.package_identification:_identify(restore_backup_20260731_200702) by extension 'cmake'
[0.712s] Level 1:colcon.colcon_core.package_identification:_identify(restore_backup_20260731_200702) by extension 'python'
[0.712s] Level 1:colcon.colcon_core.package_identification:_identify(restore_backup_20260731_200702) by extensions ['python_setup_py']
[0.712s] Level 1:colcon.colcon_core.package_identification:_identify(restore_backup_20260731_200702) by extension 'python_setup_py'
[0.712s] Level 1:colcon.colcon_core.package_identification:_identify(restore_backup_20260731_continue) by extensions ['ignore', 'ignore_ament_install']
[0.712s] Level 1:colcon.colcon_core.package_identification:_identify(restore_backup_20260731_continue) by extension 'ignore'
[0.712s] Level 1:colcon.colcon_core.package_identification:_identify(restore_backup_20260731_continue) by extension 'ignore_ament_install'
[0.712s] Level 1:colcon.colcon_core.package_identification:_identify(restore_backup_20260731_continue) by extensions ['colcon_pkg']
[0.712s] Level 1:colcon.colcon_core.package_identification:_identify(restore_backup_20260731_continue) by extension 'colcon_pkg'
[0.712s] Level 1:colcon.colcon_core.package_identification:_identify(restore_backup_20260731_continue) by extensions ['colcon_meta']
[0.712s] Level 1:colcon.colcon_core.package_identification:_identify(restore_backup_20260731_continue) by extension 'colcon_meta'
[0.712s] Level 1:colcon.colcon_core.package_identification:_identify(restore_backup_20260731_continue) by extensions ['ros']
[0.712s] Level 1:colcon.colcon_core.package_identification:_identify(restore_backup_20260731_continue) by extension 'ros'
[0.713s] Level 1:colcon.colcon_core.package_identification:_identify(restore_backup_20260731_continue) by extensions ['cmake', 'python']
[0.713s] Level 1:colcon.colcon_core.package_identification:_identify(restore_backup_20260731_continue) by extension 'cmake'
[0.713s] Level 1:colcon.colcon_core.package_identification:_identify(restore_backup_20260731_continue) by extension 'python'
[0.713s] Level 1:colcon.colcon_core.package_identification:_identify(restore_backup_20260731_continue) by extensions ['python_setup_py']
[0.713s] Level 1:colcon.colcon_core.package_identification:_identify(restore_backup_20260731_continue) by extension 'python_setup_py'
[0.713s] Level 1:colcon.colcon_core.package_identification:_identify(ros2_test1) by extensions ['ignore', 'ignore_ament_install']
[0.713s] Level 1:colcon.colcon_core.package_identification:_identify(ros2_test1) by extension 'ignore'
[0.713s] Level 1:colcon.colcon_core.package_identification:_identify(ros2_test1) by extension 'ignore_ament_install'
[0.713s] Level 1:colcon.colcon_core.package_identification:_identify(ros2_test1) by extensions ['colcon_pkg']
[0.713s] Level 1:colcon.colcon_core.package_identification:_identify(ros2_test1) by extension 'colcon_pkg'
[0.715s] INFO:colcon.colcon_metadata.metadata.colcon_pkg:Setting type 'ros.ament_python' of package 'ros2_test1' from colcon.pkg
[0.715s] INFO:colcon.colcon_metadata.metadata.colcon_pkg:Setting name 'ros2_test1' of package 'ros2_test1' from colcon.pkg
[0.715s] DEBUG:colcon.colcon_core.package_identification:Package 'ros2_test1' with type 'ros.ament_python' and name 'ros2_test1'
[0.715s] Level 1:colcon.colcon_core.package_identification:_identify(saved_versions) by extensions ['ignore', 'ignore_ament_install']
[0.715s] Level 1:colcon.colcon_core.package_identification:_identify(saved_versions) by extension 'ignore'
[0.715s] Level 1:colcon.colcon_core.package_identification:_identify(saved_versions) by extension 'ignore_ament_install'
[0.715s] Level 1:colcon.colcon_core.package_identification:_identify(saved_versions) by extensions ['colcon_pkg']
[0.715s] Level 1:colcon.colcon_core.package_identification:_identify(saved_versions) by extension 'colcon_pkg'
[0.715s] Level 1:colcon.colcon_core.package_identification:_identify(saved_versions) by extensions ['colcon_meta']
[0.715s] Level 1:colcon.colcon_core.package_identification:_identify(saved_versions) by extension 'colcon_meta'
[0.715s] Level 1:colcon.colcon_core.package_identification:_identify(saved_versions) by extensions ['ros']
[0.715s] Level 1:colcon.colcon_core.package_identification:_identify(saved_versions) by extension 'ros'
[0.716s] Level 1:colcon.colcon_core.package_identification:_identify(saved_versions) by extensions ['cmake', 'python']
[0.716s] Level 1:colcon.colcon_core.package_identification:_identify(saved_versions) by extension 'cmake'
[0.716s] Level 1:colcon.colcon_core.package_identification:_identify(saved_versions) by extension 'python'
[0.716s] Level 1:colcon.colcon_core.package_identification:_identify(saved_versions) by extensions ['python_setup_py']
[0.716s] Level 1:colcon.colcon_core.package_identification:_identify(saved_versions) by extension 'python_setup_py'
[0.716s] Level 1:colcon.colcon_core.package_identification:_identify(saved_versions/camera_latency_20260812_205620) by extensions ['ignore', 'ignore_ament_install']
[0.716s] Level 1:colcon.colcon_core.package_identification:_identify(saved_versions/camera_latency_20260812_205620) by extension 'ignore'
[0.716s] Level 1:colcon.colcon_core.package_identification:_identify(saved_versions/camera_latency_20260812_205620) by extension 'ignore_ament_install'
[0.716s] Level 1:colcon.colcon_core.package_identification:_identify(saved_versions/camera_latency_20260812_205620) by extensions ['colcon_pkg']
[0.716s] Level 1:colcon.colcon_core.package_identification:_identify(saved_versions/camera_latency_20260812_205620) by extension 'colcon_pkg'
[0.716s] Level 1:colcon.colcon_core.package_identification:_identify(saved_versions/camera_latency_20260812_205620) by extensions ['colcon_meta']
[0.716s] Level 1:colcon.colcon_core.package_identification:_identify(saved_versions/camera_latency_20260812_205620) by extension 'colcon_meta'
[0.716s] Level 1:colcon.colcon_core.package_identification:_identify(saved_versions/camera_latency_20260812_205620) by extensions ['ros']
[0.716s] Level 1:colcon.colcon_core.package_identification:_identify(saved_versions/camera_latency_20260812_205620) by extension 'ros'
[0.717s] Level 1:colcon.colcon_core.package_identification:_identify(saved_versions/camera_latency_20260812_205620) by extensions ['cmake', 'python']
[0.717s] Level 1:colcon.colcon_core.package_identification:_identify(saved_versions/camera_latency_20260812_205620) by extension 'cmake'
[0.717s] Level 1:colcon.colcon_core.package_identification:_identify(saved_versions/camera_latency_20260812_205620) by extension 'python'
[0.717s] Level 1:colcon.colcon_core.package_identification:_identify(saved_versions/camera_latency_20260812_205620) by extensions ['python_setup_py']
[0.717s] Level 1:colcon.colcon_core.package_identification:_identify(saved_versions/camera_latency_20260812_205620) by extension 'python_setup_py'
[0.717s] Level 1:colcon.colcon_core.package_identification:_identify(saved_versions/codex_audit_backup_20260806_105415) by extensions ['ignore', 'ignore_ament_install']
[0.717s] Level 1:colcon.colcon_core.package_identification:_identify(saved_versions/codex_audit_backup_20260806_105415) by extension 'ignore'
[0.717s] Level 1:colcon.colcon_core.package_identification:_identify(saved_versions/codex_audit_backup_20260806_105415) by extension 'ignore_ament_install'
[0.717s] Level 1:colcon.colcon_core.package_identification:_identify(saved_versions/codex_audit_backup_20260806_105415) by extensions ['colcon_pkg']
[0.717s] Level 1:colcon.colcon_core.package_identification:_identify(saved_versions/codex_audit_backup_20260806_105415) by extension 'colcon_pkg'
[0.717s] Level 1:colcon.colcon_core.package_identification:_identify(saved_versions/codex_audit_backup_20260806_105415) by extensions ['colcon_meta']
[0.717s] Level 1:colcon.colcon_core.package_identification:_identify(saved_versions/codex_audit_backup_20260806_105415) by extension 'colcon_meta'
[0.717s] Level 1:colcon.colcon_core.package_identification:_identify(saved_versions/codex_audit_backup_20260806_105415) by extensions ['ros']
[0.717s] Level 1:colcon.colcon_core.package_identification:_identify(saved_versions/codex_audit_backup_20260806_105415) by extension 'ros'
[0.718s] Level 1:colcon.colcon_core.package_identification:_identify(saved_versions/codex_audit_backup_20260806_105415) by extensions ['cmake', 'python']
[0.718s] Level 1:colcon.colcon_core.package_identification:_identify(saved_versions/codex_audit_backup_20260806_105415) by extension 'cmake'
[0.718s] Level 1:colcon.colcon_core.package_identification:_identify(saved_versions/codex_audit_backup_20260806_105415) by extension 'python'
[0.718s] Level 1:colcon.colcon_core.package_identification:_identify(saved_versions/codex_audit_backup_20260806_105415) by extensions ['python_setup_py']
[0.718s] Level 1:colcon.colcon_core.package_identification:_identify(saved_versions/codex_audit_backup_20260806_105415) by extension 'python_setup_py'
[0.718s] Level 1:colcon.colcon_core.package_identification:_identify(saved_versions/codex_audit_backup_20260806_105415/ros2_test1) by extensions ['ignore', 'ignore_ament_install']
[0.718s] Level 1:colcon.colcon_core.package_identification:_identify(saved_versions/codex_audit_backup_20260806_105415/ros2_test1) by extension 'ignore'
[0.718s] Level 1:colcon.colcon_core.package_identification:_identify(saved_versions/codex_audit_backup_20260806_105415/ros2_test1) by extension 'ignore_ament_install'
[0.718s] Level 1:colcon.colcon_core.package_identification:_identify(saved_versions/codex_audit_backup_20260806_105415/ros2_test1) by extensions ['colcon_pkg']
[0.718s] Level 1:colcon.colcon_core.package_identification:_identify(saved_versions/codex_audit_backup_20260806_105415/ros2_test1) by extension 'colcon_pkg'
[0.718s] Level 1:colcon.colcon_core.package_identification:_identify(saved_versions/codex_audit_backup_20260806_105415/ros2_test1) by extensions ['colcon_meta']
[0.718s] Level 1:colcon.colcon_core.package_identification:_identify(saved_versions/codex_audit_backup_20260806_105415/ros2_test1) by extension 'colcon_meta'
[0.718s] Level 1:colcon.colcon_core.package_identification:_identify(saved_versions/codex_audit_backup_20260806_105415/ros2_test1) by extensions ['ros']
[0.718s] Level 1:colcon.colcon_core.package_identification:_identify(saved_versions/codex_audit_backup_20260806_105415/ros2_test1) by extension 'ros'
[0.718s] Level 1:colcon.colcon_core.package_identification:_identify(saved_versions/codex_audit_backup_20260806_105415/ros2_test1) by extensions ['cmake', 'python']
[0.719s] Level 1:colcon.colcon_core.package_identification:_identify(saved_versions/codex_audit_backup_20260806_105415/ros2_test1) by extension 'cmake'
[0.719s] Level 1:colcon.colcon_core.package_identification:_identify(saved_versions/codex_audit_backup_20260806_105415/ros2_test1) by extension 'python'
[0.719s] Level 1:colcon.colcon_core.package_identification:_identify(saved_versions/codex_audit_backup_20260806_105415/ros2_test1) by extensions ['python_setup_py']
[0.719s] Level 1:colcon.colcon_core.package_identification:_identify(saved_versions/codex_audit_backup_20260806_105415/ros2_test1) by extension 'python_setup_py'
[0.719s] Level 1:colcon.colcon_core.package_identification:_identify(saved_versions/codex_audit_backup_20260806_105415/ros2_test1/ros2_test1) by extensions ['ignore', 'ignore_ament_install']
[0.719s] Level 1:colcon.colcon_core.package_identification:_identify(saved_versions/codex_audit_backup_20260806_105415/ros2_test1/ros2_test1) by extension 'ignore'
[0.719s] Level 1:colcon.colcon_core.package_identification:_identify(saved_versions/codex_audit_backup_20260806_105415/ros2_test1/ros2_test1) by extension 'ignore_ament_install'
[0.719s] Level 1:colcon.colcon_core.package_identification:_identify(saved_versions/codex_audit_backup_20260806_105415/ros2_test1/ros2_test1) by extensions ['colcon_pkg']
[0.719s] Level 1:colcon.colcon_core.package_identification:_identify(saved_versions/codex_audit_backup_20260806_105415/ros2_test1/ros2_test1) by extension 'colcon_pkg'
[0.719s] Level 1:colcon.colcon_core.package_identification:_identify(saved_versions/codex_audit_backup_20260806_105415/ros2_test1/ros2_test1) by extensions ['colcon_meta']
[0.719s] Level 1:colcon.colcon_core.package_identification:_identify(saved_versions/codex_audit_backup_20260806_105415/ros2_test1/ros2_test1) by extension 'colcon_meta'
[0.719s] Level 1:colcon.colcon_core.package_identification:_identify(saved_versions/codex_audit_backup_20260806_105415/ros2_test1/ros2_test1) by extensions ['ros']
[0.719s] Level 1:colcon.colcon_core.package_identification:_identify(saved_versions/codex_audit_backup_20260806_105415/ros2_test1/ros2_test1) by extension 'ros'
[0.719s] Level 1:colcon.colcon_core.package_identification:_identify(saved_versions/codex_audit_backup_20260806_105415/ros2_test1/ros2_test1) by extensions ['cmake', 'python']
[0.719s] Level 1:colcon.colcon_core.package_identification:_identify(saved_versions/codex_audit_backup_20260806_105415/ros2_test1/ros2_test1) by extension 'cmake'
[0.720s] Level 1:colcon.colcon_core.package_identification:_identify(saved_versions/codex_audit_backup_20260806_105415/ros2_test1/ros2_test1) by extension 'python'
[0.720s] Level 1:colcon.colcon_core.package_identification:_identify(saved_versions/codex_audit_backup_20260806_105415/ros2_test1/ros2_test1) by extensions ['python_setup_py']
[0.720s] Level 1:colcon.colcon_core.package_identification:_identify(saved_versions/codex_audit_backup_20260806_105415/ros2_test1/ros2_test1) by extension 'python_setup_py'
[0.720s] Level 1:colcon.colcon_core.package_identification:_identify(saved_versions/codex_final_backup_20260806_105857) by extensions ['ignore', 'ignore_ament_install']
[0.720s] Level 1:colcon.colcon_core.package_identification:_identify(saved_versions/codex_final_backup_20260806_105857) by extension 'ignore'
[0.720s] Level 1:colcon.colcon_core.package_identification:_identify(saved_versions/codex_final_backup_20260806_105857) by extension 'ignore_ament_install'
[0.720s] Level 1:colcon.colcon_core.package_identification:_identify(saved_versions/codex_final_backup_20260806_105857) by extensions ['colcon_pkg']
[0.720s] Level 1:colcon.colcon_core.package_identification:_identify(saved_versions/codex_final_backup_20260806_105857) by extension 'colcon_pkg'
[0.720s] Level 1:colcon.colcon_core.package_identification:_identify(saved_versions/codex_final_backup_20260806_105857) by extensions ['colcon_meta']
[0.720s] Level 1:colcon.colcon_core.package_identification:_identify(saved_versions/codex_final_backup_20260806_105857) by extension 'colcon_meta'
[0.720s] Level 1:colcon.colcon_core.package_identification:_identify(saved_versions/codex_final_backup_20260806_105857) by extensions ['ros']
[0.720s] Level 1:colcon.colcon_core.package_identification:_identify(saved_versions/codex_final_backup_20260806_105857) by extension 'ros'
[0.720s] Level 1:colcon.colcon_core.package_identification:_identify(saved_versions/codex_final_backup_20260806_105857) by extensions ['cmake', 'python']
[0.720s] Level 1:colcon.colcon_core.package_identification:_identify(saved_versions/codex_final_backup_20260806_105857) by extension 'cmake'
[0.720s] Level 1:colcon.colcon_core.package_identification:_identify(saved_versions/codex_final_backup_20260806_105857) by extension 'python'
[0.721s] Level 1:colcon.colcon_core.package_identification:_identify(saved_versions/codex_final_backup_20260806_105857) by extensions ['python_setup_py']
[0.721s] Level 1:colcon.colcon_core.package_identification:_identify(saved_versions/codex_final_backup_20260806_105857) by extension 'python_setup_py'
[0.721s] Level 1:colcon.colcon_core.package_identification:_identify(saved_versions/disc_catch_station1_20260803_081421) by extensions ['ignore', 'ignore_ament_install']
[0.721s] Level 1:colcon.colcon_core.package_identification:_identify(saved_versions/disc_catch_station1_20260803_081421) by extension 'ignore'
[0.721s] Level 1:colcon.colcon_core.package_identification:_identify(saved_versions/disc_catch_station1_20260803_081421) by extension 'ignore_ament_install'
[0.721s] Level 1:colcon.colcon_core.package_identification:_identify(saved_versions/disc_catch_station1_20260803_081421) by extensions ['colcon_pkg']
[0.721s] Level 1:colcon.colcon_core.package_identification:_identify(saved_versions/disc_catch_station1_20260803_081421) by extension 'colcon_pkg'
[0.721s] Level 1:colcon.colcon_core.package_identification:_identify(saved_versions/disc_catch_station1_20260803_081421) by extensions ['colcon_meta']
[0.721s] Level 1:colcon.colcon_core.package_identification:_identify(saved_versions/disc_catch_station1_20260803_081421) by extension 'colcon_meta'
[0.721s] Level 1:colcon.colcon_core.package_identification:_identify(saved_versions/disc_catch_station1_20260803_081421) by extensions ['ros']
[0.721s] Level 1:colcon.colcon_core.package_identification:_identify(saved_versions/disc_catch_station1_20260803_081421) by extension 'ros'
[0.721s] Level 1:colcon.colcon_core.package_identification:_identify(saved_versions/disc_catch_station1_20260803_081421) by extensions ['cmake', 'python']
[0.721s] Level 1:colcon.colcon_core.package_identification:_identify(saved_versions/disc_catch_station1_20260803_081421) by extension 'cmake'
[0.721s] Level 1:colcon.colcon_core.package_identification:_identify(saved_versions/disc_catch_station1_20260803_081421) by extension 'python'
[0.721s] Level 1:colcon.colcon_core.package_identification:_identify(saved_versions/disc_catch_station1_20260803_081421) by extensions ['python_setup_py']
[0.721s] Level 1:colcon.colcon_core.package_identification:_identify(saved_versions/disc_catch_station1_20260803_081421) by extension 'python_setup_py'
[0.722s] Level 1:colcon.colcon_core.package_identification:_identify(saved_versions/disc_pulse_loop_fix_20260812_195439) by extensions ['ignore', 'ignore_ament_install']
[0.722s] Level 1:colcon.colcon_core.package_identification:_identify(saved_versions/disc_pulse_loop_fix_20260812_195439) by extension 'ignore'
[0.722s] Level 1:colcon.colcon_core.package_identification:_identify(saved_versions/disc_pulse_loop_fix_20260812_195439) by extension 'ignore_ament_install'
[0.722s] Level 1:colcon.colcon_core.package_identification:_identify(saved_versions/disc_pulse_loop_fix_20260812_195439) by extensions ['colcon_pkg']
[0.722s] Level 1:colcon.colcon_core.package_identification:_identify(saved_versions/disc_pulse_loop_fix_20260812_195439) by extension 'colcon_pkg'
[0.722s] Level 1:colcon.colcon_core.package_identification:_identify(saved_versions/disc_pulse_loop_fix_20260812_195439) by extensions ['colcon_meta']
[0.722s] Level 1:colcon.colcon_core.package_identification:_identify(saved_versions/disc_pulse_loop_fix_20260812_195439) by extension 'colcon_meta'
[0.722s] Level 1:colcon.colcon_core.package_identification:_identify(saved_versions/disc_pulse_loop_fix_20260812_195439) by extensions ['ros']
[0.722s] Level 1:colcon.colcon_core.package_identification:_identify(saved_versions/disc_pulse_loop_fix_20260812_195439) by extension 'ros'
[0.722s] Level 1:colcon.colcon_core.package_identification:_identify(saved_versions/disc_pulse_loop_fix_20260812_195439) by extensions ['cmake', 'python']
[0.722s] Level 1:colcon.colcon_core.package_identification:_identify(saved_versions/disc_pulse_loop_fix_20260812_195439) by extension 'cmake'
[0.722s] Level 1:colcon.colcon_core.package_identification:_identify(saved_versions/disc_pulse_loop_fix_20260812_195439) by extension 'python'
[0.722s] Level 1:colcon.colcon_core.package_identification:_identify(saved_versions/disc_pulse_loop_fix_20260812_195439) by extensions ['python_setup_py']
[0.722s] Level 1:colcon.colcon_core.package_identification:_identify(saved_versions/disc_pulse_loop_fix_20260812_195439) by extension 'python_setup_py'
[0.723s] Level 1:colcon.colcon_core.package_identification:_identify(saved_versions/disc_repeat_pulse_20260812_183616) by extensions ['ignore', 'ignore_ament_install']
[0.723s] Level 1:colcon.colcon_core.package_identification:_identify(saved_versions/disc_repeat_pulse_20260812_183616) by extension 'ignore'
[0.723s] Level 1:colcon.colcon_core.package_identification:_identify(saved_versions/disc_repeat_pulse_20260812_183616) by extension 'ignore_ament_install'
[0.723s] Level 1:colcon.colcon_core.package_identification:_identify(saved_versions/disc_repeat_pulse_20260812_183616) by extensions ['colcon_pkg']
[0.723s] Level 1:colcon.colcon_core.package_identification:_identify(saved_versions/disc_repeat_pulse_20260812_183616) by extension 'colcon_pkg'
[0.723s] Level 1:colcon.colcon_core.package_identification:_identify(saved_versions/disc_repeat_pulse_20260812_183616) by extensions ['colcon_meta']
[0.723s] Level 1:colcon.colcon_core.package_identification:_identify(saved_versions/disc_repeat_pulse_20260812_183616) by extension 'colcon_meta'
[0.723s] Level 1:colcon.colcon_core.package_identification:_identify(saved_versions/disc_repeat_pulse_20260812_183616) by extensions ['ros']
[0.723s] Level 1:colcon.colcon_core.package_identification:_identify(saved_versions/disc_repeat_pulse_20260812_183616) by extension 'ros'
[0.723s] Level 1:colcon.colcon_core.package_identification:_identify(saved_versions/disc_repeat_pulse_20260812_183616) by extensions ['cmake', 'python']
[0.723s] Level 1:colcon.colcon_core.package_identification:_identify(saved_versions/disc_repeat_pulse_20260812_183616) by extension 'cmake'
[0.723s] Level 1:colcon.colcon_core.package_identification:_identify(saved_versions/disc_repeat_pulse_20260812_183616) by extension 'python'
[0.723s] Level 1:colcon.colcon_core.package_identification:_identify(saved_versions/disc_repeat_pulse_20260812_183616) by extensions ['python_setup_py']
[0.723s] Level 1:colcon.colcon_core.package_identification:_identify(saved_versions/disc_repeat_pulse_20260812_183616) by extension 'python_setup_py'
[0.723s] Level 1:colcon.colcon_core.package_identification:_identify(saved_versions/disc_splitter_settle_1s_20260812_225912) by extensions ['ignore', 'ignore_ament_install']
[0.724s] Level 1:colcon.colcon_core.package_identification:_identify(saved_versions/disc_splitter_settle_1s_20260812_225912) by extension 'ignore'
[0.724s] Level 1:colcon.colcon_core.package_identification:_identify(saved_versions/disc_splitter_settle_1s_20260812_225912) by extension 'ignore_ament_install'
[0.724s] Level 1:colcon.colcon_core.package_identification:_identify(saved_versions/disc_splitter_settle_1s_20260812_225912) by extensions ['colcon_pkg']
[0.724s] Level 1:colcon.colcon_core.package_identification:_identify(saved_versions/disc_splitter_settle_1s_20260812_225912) by extension 'colcon_pkg'
[0.724s] Level 1:colcon.colcon_core.package_identification:_identify(saved_versions/disc_splitter_settle_1s_20260812_225912) by extensions ['colcon_meta']
[0.724s] Level 1:colcon.colcon_core.package_identification:_identify(saved_versions/disc_splitter_settle_1s_20260812_225912) by extension 'colcon_meta'
[0.724s] Level 1:colcon.colcon_core.package_identification:_identify(saved_versions/disc_splitter_settle_1s_20260812_225912) by extensions ['ros']
[0.724s] Level 1:colcon.colcon_core.package_identification:_identify(saved_versions/disc_splitter_settle_1s_20260812_225912) by extension 'ros'
[0.724s] Level 1:colcon.colcon_core.package_identification:_identify(saved_versions/disc_splitter_settle_1s_20260812_225912) by extensions ['cmake', 'python']
[0.724s] Level 1:colcon.colcon_core.package_identification:_identify(saved_versions/disc_splitter_settle_1s_20260812_225912) by extension 'cmake'
[0.724s] Level 1:colcon.colcon_core.package_identification:_identify(saved_versions/disc_splitter_settle_1s_20260812_225912) by extension 'python'
[0.724s] Level 1:colcon.colcon_core.package_identification:_identify(saved_versions/disc_splitter_settle_1s_20260812_225912) by extensions ['python_setup_py']
[0.724s] Level 1:colcon.colcon_core.package_identification:_identify(saved_versions/disc_splitter_settle_1s_20260812_225912) by extension 'python_setup_py'
[0.724s] Level 1:colcon.colcon_core.package_identification:_identify(saved_versions/disc_sync_id4_id7_400ms_20260812_230906) by extensions ['ignore', 'ignore_ament_install']
[0.724s] Level 1:colcon.colcon_core.package_identification:_identify(saved_versions/disc_sync_id4_id7_400ms_20260812_230906) by extension 'ignore'
[0.725s] Level 1:colcon.colcon_core.package_identification:_identify(saved_versions/disc_sync_id4_id7_400ms_20260812_230906) by extension 'ignore_ament_install'
[0.725s] Level 1:colcon.colcon_core.package_identification:_identify(saved_versions/disc_sync_id4_id7_400ms_20260812_230906) by extensions ['colcon_pkg']
[0.725s] Level 1:colcon.colcon_core.package_identification:_identify(saved_versions/disc_sync_id4_id7_400ms_20260812_230906) by extension 'colcon_pkg'
[0.725s] Level 1:colcon.colcon_core.package_identification:_identify(saved_versions/disc_sync_id4_id7_400ms_20260812_230906) by extensions ['colcon_meta']
[0.725s] Level 1:colcon.colcon_core.package_identification:_identify(saved_versions/disc_sync_id4_id7_400ms_20260812_230906) by extension 'colcon_meta'
[0.725s] Level 1:colcon.colcon_core.package_identification:_identify(saved_versions/disc_sync_id4_id7_400ms_20260812_230906) by extensions ['ros']
[0.725s] Level 1:colcon.colcon_core.package_identification:_identify(saved_versions/disc_sync_id4_id7_400ms_20260812_230906) by extension 'ros'
[0.725s] Level 1:colcon.colcon_core.package_identification:_identify(saved_versions/disc_sync_id4_id7_400ms_20260812_230906) by extensions ['cmake', 'python']
[0.725s] Level 1:colcon.colcon_core.package_identification:_identify(saved_versions/disc_sync_id4_id7_400ms_20260812_230906) by extension 'cmake'
[0.725s] Level 1:colcon.colcon_core.package_identification:_identify(saved_versions/disc_sync_id4_id7_400ms_20260812_230906) by extension 'python'
[0.725s] Level 1:colcon.colcon_core.package_identification:_identify(saved_versions/disc_sync_id4_id7_400ms_20260812_230906) by extensions ['python_setup_py']
[0.725s] Level 1:colcon.colcon_core.package_identification:_identify(saved_versions/disc_sync_id4_id7_400ms_20260812_230906) by extension 'python_setup_py'
[0.725s] Level 1:colcon.colcon_core.package_identification:_identify(saved_versions/fix_rk_chassis_profile_20260813_053053) by extensions ['ignore', 'ignore_ament_install']
[0.725s] Level 1:colcon.colcon_core.package_identification:_identify(saved_versions/fix_rk_chassis_profile_20260813_053053) by extension 'ignore'
[0.725s] Level 1:colcon.colcon_core.package_identification:_identify(saved_versions/fix_rk_chassis_profile_20260813_053053) by extension 'ignore_ament_install'
[0.726s] Level 1:colcon.colcon_core.package_identification:_identify(saved_versions/fix_rk_chassis_profile_20260813_053053) by extensions ['colcon_pkg']
[0.726s] Level 1:colcon.colcon_core.package_identification:_identify(saved_versions/fix_rk_chassis_profile_20260813_053053) by extension 'colcon_pkg'
[0.726s] Level 1:colcon.colcon_core.package_identification:_identify(saved_versions/fix_rk_chassis_profile_20260813_053053) by extensions ['colcon_meta']
[0.726s] Level 1:colcon.colcon_core.package_identification:_identify(saved_versions/fix_rk_chassis_profile_20260813_053053) by extension 'colcon_meta'
[0.726s] Level 1:colcon.colcon_core.package_identification:_identify(saved_versions/fix_rk_chassis_profile_20260813_053053) by extensions ['ros']
[0.726s] Level 1:colcon.colcon_core.package_identification:_identify(saved_versions/fix_rk_chassis_profile_20260813_053053) by extension 'ros'
[0.726s] Level 1:colcon.colcon_core.package_identification:_identify(saved_versions/fix_rk_chassis_profile_20260813_053053) by extensions ['cmake', 'python']
[0.726s] Level 1:colcon.colcon_core.package_identification:_identify(saved_versions/fix_rk_chassis_profile_20260813_053053) by extension 'cmake'
[0.726s] Level 1:colcon.colcon_core.package_identification:_identify(saved_versions/fix_rk_chassis_profile_20260813_053053) by extension 'python'
[0.726s] Level 1:colcon.colcon_core.package_identification:_identify(saved_versions/fix_rk_chassis_profile_20260813_053053) by extensions ['python_setup_py']
[0.726s] Level 1:colcon.colcon_core.package_identification:_identify(saved_versions/fix_rk_chassis_profile_20260813_053053) by extension 'python_setup_py'
[0.726s] Level 1:colcon.colcon_core.package_identification:_identify(saved_versions/fix_rk_chassis_profile_20260813_053053/ros2_test1) by extensions ['ignore', 'ignore_ament_install']
[0.726s] Level 1:colcon.colcon_core.package_identification:_identify(saved_versions/fix_rk_chassis_profile_20260813_053053/ros2_test1) by extension 'ignore'
[0.726s] Level 1:colcon.colcon_core.package_identification:_identify(saved_versions/fix_rk_chassis_profile_20260813_053053/ros2_test1) by extension 'ignore_ament_install'
[0.726s] Level 1:colcon.colcon_core.package_identification:_identify(saved_versions/fix_rk_chassis_profile_20260813_053053/ros2_test1) by extensions ['colcon_pkg']
[0.727s] Level 1:colcon.colcon_core.package_identification:_identify(saved_versions/fix_rk_chassis_profile_20260813_053053/ros2_test1) by extension 'colcon_pkg'
[0.727s] Level 1:colcon.colcon_core.package_identification:_identify(saved_versions/fix_rk_chassis_profile_20260813_053053/ros2_test1) by extensions ['colcon_meta']
[0.727s] Level 1:colcon.colcon_core.package_identification:_identify(saved_versions/fix_rk_chassis_profile_20260813_053053/ros2_test1) by extension 'colcon_meta'
[0.727s] Level 1:colcon.colcon_core.package_identification:_identify(saved_versions/fix_rk_chassis_profile_20260813_053053/ros2_test1) by extensions ['ros']
[0.727s] Level 1:colcon.colcon_core.package_identification:_identify(saved_versions/fix_rk_chassis_profile_20260813_053053/ros2_test1) by extension 'ros'
[0.727s] Level 1:colcon.colcon_core.package_identification:_identify(saved_versions/fix_rk_chassis_profile_20260813_053053/ros2_test1) by extensions ['cmake', 'python']
[0.727s] Level 1:colcon.colcon_core.package_identification:_identify(saved_versions/fix_rk_chassis_profile_20260813_053053/ros2_test1) by extension 'cmake'
[0.727s] Level 1:colcon.colcon_core.package_identification:_identify(saved_versions/fix_rk_chassis_profile_20260813_053053/ros2_test1) by extension 'python'
[0.727s] Level 1:colcon.colcon_core.package_identification:_identify(saved_versions/fix_rk_chassis_profile_20260813_053053/ros2_test1) by extensions ['python_setup_py']
[0.727s] Level 1:colcon.colcon_core.package_identification:_identify(saved_versions/fix_rk_chassis_profile_20260813_053053/ros2_test1) by extension 'python_setup_py'
[0.727s] Level 1:colcon.colcon_core.package_identification:_identify(saved_versions/fix_rk_chassis_profile_20260813_053053/ros2_test1/ros2_test1) by extensions ['ignore', 'ignore_ament_install']
[0.727s] Level 1:colcon.colcon_core.package_identification:_identify(saved_versions/fix_rk_chassis_profile_20260813_053053/ros2_test1/ros2_test1) by extension 'ignore'
[0.727s] Level 1:colcon.colcon_core.package_identification:_identify(saved_versions/fix_rk_chassis_profile_20260813_053053/ros2_test1/ros2_test1) by extension 'ignore_ament_install'
[0.727s] Level 1:colcon.colcon_core.package_identification:_identify(saved_versions/fix_rk_chassis_profile_20260813_053053/ros2_test1/ros2_test1) by extensions ['colcon_pkg']
[0.727s] Level 1:colcon.colcon_core.package_identification:_identify(saved_versions/fix_rk_chassis_profile_20260813_053053/ros2_test1/ros2_test1) by extension 'colcon_pkg'
[0.728s] Level 1:colcon.colcon_core.package_identification:_identify(saved_versions/fix_rk_chassis_profile_20260813_053053/ros2_test1/ros2_test1) by extensions ['colcon_meta']
[0.728s] Level 1:colcon.colcon_core.package_identification:_identify(saved_versions/fix_rk_chassis_profile_20260813_053053/ros2_test1/ros2_test1) by extension 'colcon_meta'
[0.728s] Level 1:colcon.colcon_core.package_identification:_identify(saved_versions/fix_rk_chassis_profile_20260813_053053/ros2_test1/ros2_test1) by extensions ['ros']
[0.728s] Level 1:colcon.colcon_core.package_identification:_identify(saved_versions/fix_rk_chassis_profile_20260813_053053/ros2_test1/ros2_test1) by extension 'ros'
[0.728s] Level 1:colcon.colcon_core.package_identification:_identify(saved_versions/fix_rk_chassis_profile_20260813_053053/ros2_test1/ros2_test1) by extensions ['cmake', 'python']
[0.728s] Level 1:colcon.colcon_core.package_identification:_identify(saved_versions/fix_rk_chassis_profile_20260813_053053/ros2_test1/ros2_test1) by extension 'cmake'
[0.728s] Level 1:colcon.colcon_core.package_identification:_identify(saved_versions/fix_rk_chassis_profile_20260813_053053/ros2_test1/ros2_test1) by extension 'python'
[0.728s] Level 1:colcon.colcon_core.package_identification:_identify(saved_versions/fix_rk_chassis_profile_20260813_053053/ros2_test1/ros2_test1) by extensions ['python_setup_py']
[0.728s] Level 1:colcon.colcon_core.package_identification:_identify(saved_versions/fix_rk_chassis_profile_20260813_053053/ros2_test1/ros2_test1) by extension 'python_setup_py'
[0.728s] Level 1:colcon.colcon_core.package_identification:_identify(saved_versions/formal_sync_20260802_170858) by extensions ['ignore', 'ignore_ament_install']
[0.728s] Level 1:colcon.colcon_core.package_identification:_identify(saved_versions/formal_sync_20260802_170858) by extension 'ignore'
[0.728s] Level 1:colcon.colcon_core.package_identification:_identify(saved_versions/formal_sync_20260802_170858) by extension 'ignore_ament_install'
[0.728s] Level 1:colcon.colcon_core.package_identification:_identify(saved_versions/formal_sync_20260802_170858) by extensions ['colcon_pkg']
[0.728s] Level 1:colcon.colcon_core.package_identification:_identify(saved_versions/formal_sync_20260802_170858) by extension 'colcon_pkg'
[0.728s] Level 1:colcon.colcon_core.package_identification:_identify(saved_versions/formal_sync_20260802_170858) by extensions ['colcon_meta']
[0.728s] Level 1:colcon.colcon_core.package_identification:_identify(saved_versions/formal_sync_20260802_170858) by extension 'colcon_meta'
[0.729s] Level 1:colcon.colcon_core.package_identification:_identify(saved_versions/formal_sync_20260802_170858) by extensions ['ros']
[0.729s] Level 1:colcon.colcon_core.package_identification:_identify(saved_versions/formal_sync_20260802_170858) by extension 'ros'
[0.729s] Level 1:colcon.colcon_core.package_identification:_identify(saved_versions/formal_sync_20260802_170858) by extensions ['cmake', 'python']
[0.729s] Level 1:colcon.colcon_core.package_identification:_identify(saved_versions/formal_sync_20260802_170858) by extension 'cmake'
[0.729s] Level 1:colcon.colcon_core.package_identification:_identify(saved_versions/formal_sync_20260802_170858) by extension 'python'
[0.729s] Level 1:colcon.colcon_core.package_identification:_identify(saved_versions/formal_sync_20260802_170858) by extensions ['python_setup_py']
[0.729s] Level 1:colcon.colcon_core.package_identification:_identify(saved_versions/formal_sync_20260802_170858) by extension 'python_setup_py'
[0.729s] Level 1:colcon.colcon_core.package_identification:_identify(saved_versions/home_baseline_20260803_075203) by extensions ['ignore', 'ignore_ament_install']
[0.729s] Level 1:colcon.colcon_core.package_identification:_identify(saved_versions/home_baseline_20260803_075203) by extension 'ignore'
[0.729s] Level 1:colcon.colcon_core.package_identification:_identify(saved_versions/home_baseline_20260803_075203) by extension 'ignore_ament_install'
[0.729s] Level 1:colcon.colcon_core.package_identification:_identify(saved_versions/home_baseline_20260803_075203) by extensions ['colcon_pkg']
[0.729s] Level 1:colcon.colcon_core.package_identification:_identify(saved_versions/home_baseline_20260803_075203) by extension 'colcon_pkg'
[0.729s] Level 1:colcon.colcon_core.package_identification:_identify(saved_versions/home_baseline_20260803_075203) by extensions ['colcon_meta']
[0.729s] Level 1:colcon.colcon_core.package_identification:_identify(saved_versions/home_baseline_20260803_075203) by extension 'colcon_meta'
[0.729s] Level 1:colcon.colcon_core.package_identification:_identify(saved_versions/home_baseline_20260803_075203) by extensions ['ros']
[0.730s] Level 1:colcon.colcon_core.package_identification:_identify(saved_versions/home_baseline_20260803_075203) by extension 'ros'
[0.730s] Level 1:colcon.colcon_core.package_identification:_identify(saved_versions/home_baseline_20260803_075203) by extensions ['cmake', 'python']
[0.730s] Level 1:colcon.colcon_core.package_identification:_identify(saved_versions/home_baseline_20260803_075203) by extension 'cmake'
[0.730s] Level 1:colcon.colcon_core.package_identification:_identify(saved_versions/home_baseline_20260803_075203) by extension 'python'
[0.730s] Level 1:colcon.colcon_core.package_identification:_identify(saved_versions/home_baseline_20260803_075203) by extensions ['python_setup_py']
[0.730s] Level 1:colcon.colcon_core.package_identification:_identify(saved_versions/home_baseline_20260803_075203) by extension 'python_setup_py'
[0.730s] Level 1:colcon.colcon_core.package_identification:_identify(saved_versions/id7_gripper_fast_20260812_225205) by extensions ['ignore', 'ignore_ament_install']
[0.730s] Level 1:colcon.colcon_core.package_identification:_identify(saved_versions/id7_gripper_fast_20260812_225205) by extension 'ignore'
[0.730s] Level 1:colcon.colcon_core.package_identification:_identify(saved_versions/id7_gripper_fast_20260812_225205) by extension 'ignore_ament_install'
[0.730s] Level 1:colcon.colcon_core.package_identification:_identify(saved_versions/id7_gripper_fast_20260812_225205) by extensions ['colcon_pkg']
[0.730s] Level 1:colcon.colcon_core.package_identification:_identify(saved_versions/id7_gripper_fast_20260812_225205) by extension 'colcon_pkg'
[0.730s] Level 1:colcon.colcon_core.package_identification:_identify(saved_versions/id7_gripper_fast_20260812_225205) by extensions ['colcon_meta']
[0.730s] Level 1:colcon.colcon_core.package_identification:_identify(saved_versions/id7_gripper_fast_20260812_225205) by extension 'colcon_meta'
[0.730s] Level 1:colcon.colcon_core.package_identification:_identify(saved_versions/id7_gripper_fast_20260812_225205) by extensions ['ros']
[0.730s] Level 1:colcon.colcon_core.package_identification:_identify(saved_versions/id7_gripper_fast_20260812_225205) by extension 'ros'
[0.731s] Level 1:colcon.colcon_core.package_identification:_identify(saved_versions/id7_gripper_fast_20260812_225205) by extensions ['cmake', 'python']
[0.731s] Level 1:colcon.colcon_core.package_identification:_identify(saved_versions/id7_gripper_fast_20260812_225205) by extension 'cmake'
[0.731s] Level 1:colcon.colcon_core.package_identification:_identify(saved_versions/id7_gripper_fast_20260812_225205) by extension 'python'
[0.731s] Level 1:colcon.colcon_core.package_identification:_identify(saved_versions/id7_gripper_fast_20260812_225205) by extensions ['python_setup_py']
[0.731s] Level 1:colcon.colcon_core.package_identification:_identify(saved_versions/id7_gripper_fast_20260812_225205) by extension 'python_setup_py'
[0.731s] Level 1:colcon.colcon_core.package_identification:_identify(saved_versions/id7_gripper_speed_20260812_182929) by extensions ['ignore', 'ignore_ament_install']
[0.731s] Level 1:colcon.colcon_core.package_identification:_identify(saved_versions/id7_gripper_speed_20260812_182929) by extension 'ignore'
[0.731s] Level 1:colcon.colcon_core.package_identification:_identify(saved_versions/id7_gripper_speed_20260812_182929) by extension 'ignore_ament_install'
[0.731s] Level 1:colcon.colcon_core.package_identification:_identify(saved_versions/id7_gripper_speed_20260812_182929) by extensions ['colcon_pkg']
[0.731s] Level 1:colcon.colcon_core.package_identification:_identify(saved_versions/id7_gripper_speed_20260812_182929) by extension 'colcon_pkg'
[0.731s] Level 1:colcon.colcon_core.package_identification:_identify(saved_versions/id7_gripper_speed_20260812_182929) by extensions ['colcon_meta']
[0.731s] Level 1:colcon.colcon_core.package_identification:_identify(saved_versions/id7_gripper_speed_20260812_182929) by extension 'colcon_meta'
[0.731s] Level 1:colcon.colcon_core.package_identification:_identify(saved_versions/id7_gripper_speed_20260812_182929) by extensions ['ros']
[0.731s] Level 1:colcon.colcon_core.package_identification:_identify(saved_versions/id7_gripper_speed_20260812_182929) by extension 'ros'
[0.731s] Level 1:colcon.colcon_core.package_identification:_identify(saved_versions/id7_gripper_speed_20260812_182929) by extensions ['cmake', 'python']
[0.731s] Level 1:colcon.colcon_core.package_identification:_identify(saved_versions/id7_gripper_speed_20260812_182929) by extension 'cmake'
[0.732s] Level 1:colcon.colcon_core.package_identification:_identify(saved_versions/id7_gripper_speed_20260812_182929) by extension 'python'
[0.732s] Level 1:colcon.colcon_core.package_identification:_identify(saved_versions/id7_gripper_speed_20260812_182929) by extensions ['python_setup_py']
[0.732s] Level 1:colcon.colcon_core.package_identification:_identify(saved_versions/id7_gripper_speed_20260812_182929) by extension 'python_setup_py'
[0.732s] Level 1:colcon.colcon_core.package_identification:_identify(saved_versions/rk_direct_saved_20260725_vision_grasp) by extensions ['ignore', 'ignore_ament_install']
[0.732s] Level 1:colcon.colcon_core.package_identification:_identify(saved_versions/rk_direct_saved_20260725_vision_grasp) by extension 'ignore'
[0.732s] Level 1:colcon.colcon_core.package_identification:_identify(saved_versions/rk_direct_saved_20260725_vision_grasp) by extension 'ignore_ament_install'
[0.732s] Level 1:colcon.colcon_core.package_identification:_identify(saved_versions/rk_direct_saved_20260725_vision_grasp) by extensions ['colcon_pkg']
[0.732s] Level 1:colcon.colcon_core.package_identification:_identify(saved_versions/rk_direct_saved_20260725_vision_grasp) by extension 'colcon_pkg'
[0.732s] Level 1:colcon.colcon_core.package_identification:_identify(saved_versions/rk_direct_saved_20260725_vision_grasp) by extensions ['colcon_meta']
[0.732s] Level 1:colcon.colcon_core.package_identification:_identify(saved_versions/rk_direct_saved_20260725_vision_grasp) by extension 'colcon_meta'
[0.732s] Level 1:colcon.colcon_core.package_identification:_identify(saved_versions/rk_direct_saved_20260725_vision_grasp) by extensions ['ros']
[0.732s] Level 1:colcon.colcon_core.package_identification:_identify(saved_versions/rk_direct_saved_20260725_vision_grasp) by extension 'ros'
[0.732s] Level 1:colcon.colcon_core.package_identification:_identify(saved_versions/rk_direct_saved_20260725_vision_grasp) by extensions ['cmake', 'python']
[0.732s] Level 1:colcon.colcon_core.package_identification:_identify(saved_versions/rk_direct_saved_20260725_vision_grasp) by extension 'cmake'
[0.732s] Level 1:colcon.colcon_core.package_identification:_identify(saved_versions/rk_direct_saved_20260725_vision_grasp) by extension 'python'
[0.732s] Level 1:colcon.colcon_core.package_identification:_identify(saved_versions/rk_direct_saved_20260725_vision_grasp) by extensions ['python_setup_py']
[0.733s] Level 1:colcon.colcon_core.package_identification:_identify(saved_versions/rk_direct_saved_20260725_vision_grasp) by extension 'python_setup_py'
[0.733s] Level 1:colcon.colcon_core.package_identification:_identify(saved_versions/rk_h7_review_incremental_20260809_001640) by extensions ['ignore', 'ignore_ament_install']
[0.733s] Level 1:colcon.colcon_core.package_identification:_identify(saved_versions/rk_h7_review_incremental_20260809_001640) by extension 'ignore'
[0.733s] Level 1:colcon.colcon_core.package_identification:_identify(saved_versions/rk_h7_review_incremental_20260809_001640) by extension 'ignore_ament_install'
[0.733s] Level 1:colcon.colcon_core.package_identification:_identify(saved_versions/rk_h7_review_incremental_20260809_001640) by extensions ['colcon_pkg']
[0.733s] Level 1:colcon.colcon_core.package_identification:_identify(saved_versions/rk_h7_review_incremental_20260809_001640) by extension 'colcon_pkg'
[0.733s] Level 1:colcon.colcon_core.package_identification:_identify(saved_versions/rk_h7_review_incremental_20260809_001640) by extensions ['colcon_meta']
[0.733s] Level 1:colcon.colcon_core.package_identification:_identify(saved_versions/rk_h7_review_incremental_20260809_001640) by extension 'colcon_meta'
[0.733s] Level 1:colcon.colcon_core.package_identification:_identify(saved_versions/rk_h7_review_incremental_20260809_001640) by extensions ['ros']
[0.733s] Level 1:colcon.colcon_core.package_identification:_identify(saved_versions/rk_h7_review_incremental_20260809_001640) by extension 'ros'
[0.733s] Level 1:colcon.colcon_core.package_identification:_identify(saved_versions/rk_h7_review_incremental_20260809_001640) by extensions ['cmake', 'python']
[0.733s] Level 1:colcon.colcon_core.package_identification:_identify(saved_versions/rk_h7_review_incremental_20260809_001640) by extension 'cmake'
[0.733s] Level 1:colcon.colcon_core.package_identification:_identify(saved_versions/rk_h7_review_incremental_20260809_001640) by extension 'python'
[0.733s] Level 1:colcon.colcon_core.package_identification:_identify(saved_versions/rk_h7_review_incremental_20260809_001640) by extensions ['python_setup_py']
[0.733s] Level 1:colcon.colcon_core.package_identification:_identify(saved_versions/rk_h7_review_incremental_20260809_001640) by extension 'python_setup_py'
[0.734s] Level 1:colcon.colcon_core.package_identification:_identify(saved_versions/rk_h7_review_incremental_20260809_001640/ros2_test1) by extensions ['ignore', 'ignore_ament_install']
[0.734s] Level 1:colcon.colcon_core.package_identification:_identify(saved_versions/rk_h7_review_incremental_20260809_001640/ros2_test1) by extension 'ignore'
[0.734s] Level 1:colcon.colcon_core.package_identification:_identify(saved_versions/rk_h7_review_incremental_20260809_001640/ros2_test1) by extension 'ignore_ament_install'
[0.734s] Level 1:colcon.colcon_core.package_identification:_identify(saved_versions/rk_h7_review_incremental_20260809_001640/ros2_test1) by extensions ['colcon_pkg']
[0.734s] Level 1:colcon.colcon_core.package_identification:_identify(saved_versions/rk_h7_review_incremental_20260809_001640/ros2_test1) by extension 'colcon_pkg'
[0.734s] Level 1:colcon.colcon_core.package_identification:_identify(saved_versions/rk_h7_review_incremental_20260809_001640/ros2_test1) by extensions ['colcon_meta']
[0.734s] Level 1:colcon.colcon_core.package_identification:_identify(saved_versions/rk_h7_review_incremental_20260809_001640/ros2_test1) by extension 'colcon_meta'
[0.734s] Level 1:colcon.colcon_core.package_identification:_identify(saved_versions/rk_h7_review_incremental_20260809_001640/ros2_test1) by extensions ['ros']
[0.734s] Level 1:colcon.colcon_core.package_identification:_identify(saved_versions/rk_h7_review_incremental_20260809_001640/ros2_test1) by extension 'ros'
[0.734s] Level 1:colcon.colcon_core.package_identification:_identify(saved_versions/rk_h7_review_incremental_20260809_001640/ros2_test1) by extensions ['cmake', 'python']
[0.734s] Level 1:colcon.colcon_core.package_identification:_identify(saved_versions/rk_h7_review_incremental_20260809_001640/ros2_test1) by extension 'cmake'
[0.734s] Level 1:colcon.colcon_core.package_identification:_identify(saved_versions/rk_h7_review_incremental_20260809_001640/ros2_test1) by extension 'python'
[0.734s] Level 1:colcon.colcon_core.package_identification:_identify(saved_versions/rk_h7_review_incremental_20260809_001640/ros2_test1) by extensions ['python_setup_py']
[0.734s] Level 1:colcon.colcon_core.package_identification:_identify(saved_versions/rk_h7_review_incremental_20260809_001640/ros2_test1) by extension 'python_setup_py'
[0.734s] Level 1:colcon.colcon_core.package_identification:_identify(saved_versions/rk_h7_review_incremental_20260809_001640/ros2_test1/ros2_test1) by extensions ['ignore', 'ignore_ament_install']
[0.735s] Level 1:colcon.colcon_core.package_identification:_identify(saved_versions/rk_h7_review_incremental_20260809_001640/ros2_test1/ros2_test1) by extension 'ignore'
[0.735s] Level 1:colcon.colcon_core.package_identification:_identify(saved_versions/rk_h7_review_incremental_20260809_001640/ros2_test1/ros2_test1) by extension 'ignore_ament_install'
[0.735s] Level 1:colcon.colcon_core.package_identification:_identify(saved_versions/rk_h7_review_incremental_20260809_001640/ros2_test1/ros2_test1) by extensions ['colcon_pkg']
[0.735s] Level 1:colcon.colcon_core.package_identification:_identify(saved_versions/rk_h7_review_incremental_20260809_001640/ros2_test1/ros2_test1) by extension 'colcon_pkg'
[0.735s] Level 1:colcon.colcon_core.package_identification:_identify(saved_versions/rk_h7_review_incremental_20260809_001640/ros2_test1/ros2_test1) by extensions ['colcon_meta']
[0.735s] Level 1:colcon.colcon_core.package_identification:_identify(saved_versions/rk_h7_review_incremental_20260809_001640/ros2_test1/ros2_test1) by extension 'colcon_meta'
[0.735s] Level 1:colcon.colcon_core.package_identification:_identify(saved_versions/rk_h7_review_incremental_20260809_001640/ros2_test1/ros2_test1) by extensions ['ros']
[0.735s] Level 1:colcon.colcon_core.package_identification:_identify(saved_versions/rk_h7_review_incremental_20260809_001640/ros2_test1/ros2_test1) by extension 'ros'
[0.735s] Level 1:colcon.colcon_core.package_identification:_identify(saved_versions/rk_h7_review_incremental_20260809_001640/ros2_test1/ros2_test1) by extensions ['cmake', 'python']
[0.735s] Level 1:colcon.colcon_core.package_identification:_identify(saved_versions/rk_h7_review_incremental_20260809_001640/ros2_test1/ros2_test1) by extension 'cmake'
[0.735s] Level 1:colcon.colcon_core.package_identification:_identify(saved_versions/rk_h7_review_incremental_20260809_001640/ros2_test1/ros2_test1) by extension 'python'
[0.735s] Level 1:colcon.colcon_core.package_identification:_identify(saved_versions/rk_h7_review_incremental_20260809_001640/ros2_test1/ros2_test1) by extensions ['python_setup_py']
[0.735s] Level 1:colcon.colcon_core.package_identification:_identify(saved_versions/rk_h7_review_incremental_20260809_001640/ros2_test1/ros2_test1) by extension 'python_setup_py'
[0.735s] Level 1:colcon.colcon_core.package_identification:_identify(saved_versions/rk_h7_review_incremental_20260809_001640/ros2_test1/test) by extensions ['ignore', 'ignore_ament_install']
[0.736s] Level 1:colcon.colcon_core.package_identification:_identify(saved_versions/rk_h7_review_incremental_20260809_001640/ros2_test1/test) by extension 'ignore'
[0.736s] Level 1:colcon.colcon_core.package_identification:_identify(saved_versions/rk_h7_review_incremental_20260809_001640/ros2_test1/test) by extension 'ignore_ament_install'
[0.736s] Level 1:colcon.colcon_core.package_identification:_identify(saved_versions/rk_h7_review_incremental_20260809_001640/ros2_test1/test) by extensions ['colcon_pkg']
[0.736s] Level 1:colcon.colcon_core.package_identification:_identify(saved_versions/rk_h7_review_incremental_20260809_001640/ros2_test1/test) by extension 'colcon_pkg'
[0.736s] Level 1:colcon.colcon_core.package_identification:_identify(saved_versions/rk_h7_review_incremental_20260809_001640/ros2_test1/test) by extensions ['colcon_meta']
[0.736s] Level 1:colcon.colcon_core.package_identification:_identify(saved_versions/rk_h7_review_incremental_20260809_001640/ros2_test1/test) by extension 'colcon_meta'
[0.736s] Level 1:colcon.colcon_core.package_identification:_identify(saved_versions/rk_h7_review_incremental_20260809_001640/ros2_test1/test) by extensions ['ros']
[0.736s] Level 1:colcon.colcon_core.package_identification:_identify(saved_versions/rk_h7_review_incremental_20260809_001640/ros2_test1/test) by extension 'ros'
[0.736s] Level 1:colcon.colcon_core.package_identification:_identify(saved_versions/rk_h7_review_incremental_20260809_001640/ros2_test1/test) by extensions ['cmake', 'python']
[0.736s] Level 1:colcon.colcon_core.package_identification:_identify(saved_versions/rk_h7_review_incremental_20260809_001640/ros2_test1/test) by extension 'cmake'
[0.736s] Level 1:colcon.colcon_core.package_identification:_identify(saved_versions/rk_h7_review_incremental_20260809_001640/ros2_test1/test) by extension 'python'
[0.736s] Level 1:colcon.colcon_core.package_identification:_identify(saved_versions/rk_h7_review_incremental_20260809_001640/ros2_test1/test) by extensions ['python_setup_py']
[0.736s] Level 1:colcon.colcon_core.package_identification:_identify(saved_versions/rk_h7_review_incremental_20260809_001640/ros2_test1/test) by extension 'python_setup_py'
[0.736s] Level 1:colcon.colcon_core.package_identification:_identify(saved_versions/rk_h7_review_rc_removed) by extensions ['ignore', 'ignore_ament_install']
[0.736s] Level 1:colcon.colcon_core.package_identification:_identify(saved_versions/rk_h7_review_rc_removed) by extension 'ignore'
[0.737s] Level 1:colcon.colcon_core.package_identification:_identify(saved_versions/rk_h7_review_rc_removed) by extension 'ignore_ament_install'
[0.737s] Level 1:colcon.colcon_core.package_identification:_identify(saved_versions/rk_h7_review_rc_removed) by extensions ['colcon_pkg']
[0.737s] Level 1:colcon.colcon_core.package_identification:_identify(saved_versions/rk_h7_review_rc_removed) by extension 'colcon_pkg'
[0.737s] Level 1:colcon.colcon_core.package_identification:_identify(saved_versions/rk_h7_review_rc_removed) by extensions ['colcon_meta']
[0.737s] Level 1:colcon.colcon_core.package_identification:_identify(saved_versions/rk_h7_review_rc_removed) by extension 'colcon_meta'
[0.737s] Level 1:colcon.colcon_core.package_identification:_identify(saved_versions/rk_h7_review_rc_removed) by extensions ['ros']
[0.737s] Level 1:colcon.colcon_core.package_identification:_identify(saved_versions/rk_h7_review_rc_removed) by extension 'ros'
[0.737s] Level 1:colcon.colcon_core.package_identification:_identify(saved_versions/rk_h7_review_rc_removed) by extensions ['cmake', 'python']
[0.737s] Level 1:colcon.colcon_core.package_identification:_identify(saved_versions/rk_h7_review_rc_removed) by extension 'cmake'
[0.737s] Level 1:colcon.colcon_core.package_identification:_identify(saved_versions/rk_h7_review_rc_removed) by extension 'python'
[0.737s] Level 1:colcon.colcon_core.package_identification:_identify(saved_versions/rk_h7_review_rc_removed) by extensions ['python_setup_py']
[0.737s] Level 1:colcon.colcon_core.package_identification:_identify(saved_versions/rk_h7_review_rc_removed) by extension 'python_setup_py'
[0.737s] Level 1:colcon.colcon_core.package_identification:_identify(saved_versions/rk_h7_review_ready_guard_20260809_002216) by extensions ['ignore', 'ignore_ament_install']
[0.737s] Level 1:colcon.colcon_core.package_identification:_identify(saved_versions/rk_h7_review_ready_guard_20260809_002216) by extension 'ignore'
[0.737s] Level 1:colcon.colcon_core.package_identification:_identify(saved_versions/rk_h7_review_ready_guard_20260809_002216) by extension 'ignore_ament_install'
[0.738s] Level 1:colcon.colcon_core.package_identification:_identify(saved_versions/rk_h7_review_ready_guard_20260809_002216) by extensions ['colcon_pkg']
[0.738s] Level 1:colcon.colcon_core.package_identification:_identify(saved_versions/rk_h7_review_ready_guard_20260809_002216) by extension 'colcon_pkg'
[0.738s] Level 1:colcon.colcon_core.package_identification:_identify(saved_versions/rk_h7_review_ready_guard_20260809_002216) by extensions ['colcon_meta']
[0.738s] Level 1:colcon.colcon_core.package_identification:_identify(saved_versions/rk_h7_review_ready_guard_20260809_002216) by extension 'colcon_meta'
[0.738s] Level 1:colcon.colcon_core.package_identification:_identify(saved_versions/rk_h7_review_ready_guard_20260809_002216) by extensions ['ros']
[0.738s] Level 1:colcon.colcon_core.package_identification:_identify(saved_versions/rk_h7_review_ready_guard_20260809_002216) by extension 'ros'
[0.738s] Level 1:colcon.colcon_core.package_identification:_identify(saved_versions/rk_h7_review_ready_guard_20260809_002216) by extensions ['cmake', 'python']
[0.738s] Level 1:colcon.colcon_core.package_identification:_identify(saved_versions/rk_h7_review_ready_guard_20260809_002216) by extension 'cmake'
[0.738s] Level 1:colcon.colcon_core.package_identification:_identify(saved_versions/rk_h7_review_ready_guard_20260809_002216) by extension 'python'
[0.738s] Level 1:colcon.colcon_core.package_identification:_identify(saved_versions/rk_h7_review_ready_guard_20260809_002216) by extensions ['python_setup_py']
[0.738s] Level 1:colcon.colcon_core.package_identification:_identify(saved_versions/rk_h7_review_ready_guard_20260809_002216) by extension 'python_setup_py'
[0.738s] Level 1:colcon.colcon_core.package_identification:_identify(saved_versions/rk_h7_review_ready_guard_20260809_002216/ros2_test1) by extensions ['ignore', 'ignore_ament_install']
[0.738s] Level 1:colcon.colcon_core.package_identification:_identify(saved_versions/rk_h7_review_ready_guard_20260809_002216/ros2_test1) by extension 'ignore'
[0.738s] Level 1:colcon.colcon_core.package_identification:_identify(saved_versions/rk_h7_review_ready_guard_20260809_002216/ros2_test1) by extension 'ignore_ament_install'
[0.738s] Level 1:colcon.colcon_core.package_identification:_identify(saved_versions/rk_h7_review_ready_guard_20260809_002216/ros2_test1) by extensions ['colcon_pkg']
[0.738s] Level 1:colcon.colcon_core.package_identification:_identify(saved_versions/rk_h7_review_ready_guard_20260809_002216/ros2_test1) by extension 'colcon_pkg'
[0.739s] Level 1:colcon.colcon_core.package_identification:_identify(saved_versions/rk_h7_review_ready_guard_20260809_002216/ros2_test1) by extensions ['colcon_meta']
[0.739s] Level 1:colcon.colcon_core.package_identification:_identify(saved_versions/rk_h7_review_ready_guard_20260809_002216/ros2_test1) by extension 'colcon_meta'
[0.739s] Level 1:colcon.colcon_core.package_identification:_identify(saved_versions/rk_h7_review_ready_guard_20260809_002216/ros2_test1) by extensions ['ros']
[0.739s] Level 1:colcon.colcon_core.package_identification:_identify(saved_versions/rk_h7_review_ready_guard_20260809_002216/ros2_test1) by extension 'ros'
[0.739s] Level 1:colcon.colcon_core.package_identification:_identify(saved_versions/rk_h7_review_ready_guard_20260809_002216/ros2_test1) by extensions ['cmake', 'python']
[0.739s] Level 1:colcon.colcon_core.package_identification:_identify(saved_versions/rk_h7_review_ready_guard_20260809_002216/ros2_test1) by extension 'cmake'
[0.739s] Level 1:colcon.colcon_core.package_identification:_identify(saved_versions/rk_h7_review_ready_guard_20260809_002216/ros2_test1) by extension 'python'
[0.739s] Level 1:colcon.colcon_core.package_identification:_identify(saved_versions/rk_h7_review_ready_guard_20260809_002216/ros2_test1) by extensions ['python_setup_py']
[0.739s] Level 1:colcon.colcon_core.package_identification:_identify(saved_versions/rk_h7_review_ready_guard_20260809_002216/ros2_test1) by extension 'python_setup_py'
[0.739s] Level 1:colcon.colcon_core.package_identification:_identify(saved_versions/rk_h7_review_ready_guard_20260809_002216/ros2_test1/ros2_test1) by extensions ['ignore', 'ignore_ament_install']
[0.739s] Level 1:colcon.colcon_core.package_identification:_identify(saved_versions/rk_h7_review_ready_guard_20260809_002216/ros2_test1/ros2_test1) by extension 'ignore'
[0.739s] Level 1:colcon.colcon_core.package_identification:_identify(saved_versions/rk_h7_review_ready_guard_20260809_002216/ros2_test1/ros2_test1) by extension 'ignore_ament_install'
[0.739s] Level 1:colcon.colcon_core.package_identification:_identify(saved_versions/rk_h7_review_ready_guard_20260809_002216/ros2_test1/ros2_test1) by extensions ['colcon_pkg']
[0.739s] Level 1:colcon.colcon_core.package_identification:_identify(saved_versions/rk_h7_review_ready_guard_20260809_002216/ros2_test1/ros2_test1) by extension 'colcon_pkg'
[0.739s] Level 1:colcon.colcon_core.package_identification:_identify(saved_versions/rk_h7_review_ready_guard_20260809_002216/ros2_test1/ros2_test1) by extensions ['colcon_meta']
[0.739s] Level 1:colcon.colcon_core.package_identification:_identify(saved_versions/rk_h7_review_ready_guard_20260809_002216/ros2_test1/ros2_test1) by extension 'colcon_meta'
[0.740s] Level 1:colcon.colcon_core.package_identification:_identify(saved_versions/rk_h7_review_ready_guard_20260809_002216/ros2_test1/ros2_test1) by extensions ['ros']
[0.740s] Level 1:colcon.colcon_core.package_identification:_identify(saved_versions/rk_h7_review_ready_guard_20260809_002216/ros2_test1/ros2_test1) by extension 'ros'
[0.740s] Level 1:colcon.colcon_core.package_identification:_identify(saved_versions/rk_h7_review_ready_guard_20260809_002216/ros2_test1/ros2_test1) by extensions ['cmake', 'python']
[0.740s] Level 1:colcon.colcon_core.package_identification:_identify(saved_versions/rk_h7_review_ready_guard_20260809_002216/ros2_test1/ros2_test1) by extension 'cmake'
[0.740s] Level 1:colcon.colcon_core.package_identification:_identify(saved_versions/rk_h7_review_ready_guard_20260809_002216/ros2_test1/ros2_test1) by extension 'python'
[0.740s] Level 1:colcon.colcon_core.package_identification:_identify(saved_versions/rk_h7_review_ready_guard_20260809_002216/ros2_test1/ros2_test1) by extensions ['python_setup_py']
[0.740s] Level 1:colcon.colcon_core.package_identification:_identify(saved_versions/rk_h7_review_ready_guard_20260809_002216/ros2_test1/ros2_test1) by extension 'python_setup_py'
[0.740s] Level 1:colcon.colcon_core.package_identification:_identify(saved_versions/rk_h7_review_ready_guard_20260809_002216/ros2_test1/test) by extensions ['ignore', 'ignore_ament_install']
[0.740s] Level 1:colcon.colcon_core.package_identification:_identify(saved_versions/rk_h7_review_ready_guard_20260809_002216/ros2_test1/test) by extension 'ignore'
[0.740s] Level 1:colcon.colcon_core.package_identification:_identify(saved_versions/rk_h7_review_ready_guard_20260809_002216/ros2_test1/test) by extension 'ignore_ament_install'
[0.740s] Level 1:colcon.colcon_core.package_identification:_identify(saved_versions/rk_h7_review_ready_guard_20260809_002216/ros2_test1/test) by extensions ['colcon_pkg']
[0.740s] Level 1:colcon.colcon_core.package_identification:_identify(saved_versions/rk_h7_review_ready_guard_20260809_002216/ros2_test1/test) by extension 'colcon_pkg'
[0.740s] Level 1:colcon.colcon_core.package_identification:_identify(saved_versions/rk_h7_review_ready_guard_20260809_002216/ros2_test1/test) by extensions ['colcon_meta']
[0.740s] Level 1:colcon.colcon_core.package_identification:_identify(saved_versions/rk_h7_review_ready_guard_20260809_002216/ros2_test1/test) by extension 'colcon_meta'
[0.740s] Level 1:colcon.colcon_core.package_identification:_identify(saved_versions/rk_h7_review_ready_guard_20260809_002216/ros2_test1/test) by extensions ['ros']
[0.740s] Level 1:colcon.colcon_core.package_identification:_identify(saved_versions/rk_h7_review_ready_guard_20260809_002216/ros2_test1/test) by extension 'ros'
[0.741s] Level 1:colcon.colcon_core.package_identification:_identify(saved_versions/rk_h7_review_ready_guard_20260809_002216/ros2_test1/test) by extensions ['cmake', 'python']
[0.741s] Level 1:colcon.colcon_core.package_identification:_identify(saved_versions/rk_h7_review_ready_guard_20260809_002216/ros2_test1/test) by extension 'cmake'
[0.741s] Level 1:colcon.colcon_core.package_identification:_identify(saved_versions/rk_h7_review_ready_guard_20260809_002216/ros2_test1/test) by extension 'python'
[0.741s] Level 1:colcon.colcon_core.package_identification:_identify(saved_versions/rk_h7_review_ready_guard_20260809_002216/ros2_test1/test) by extensions ['python_setup_py']
[0.741s] Level 1:colcon.colcon_core.package_identification:_identify(saved_versions/rk_h7_review_ready_guard_20260809_002216/ros2_test1/test) by extension 'python_setup_py'
[0.741s] Level 1:colcon.colcon_core.package_identification:_identify(saved_versions/task1_disc_catch_20260812_193435) by extensions ['ignore', 'ignore_ament_install']
[0.741s] Level 1:colcon.colcon_core.package_identification:_identify(saved_versions/task1_disc_catch_20260812_193435) by extension 'ignore'
[0.741s] Level 1:colcon.colcon_core.package_identification:_identify(saved_versions/task1_disc_catch_20260812_193435) by extension 'ignore_ament_install'
[0.741s] Level 1:colcon.colcon_core.package_identification:_identify(saved_versions/task1_disc_catch_20260812_193435) by extensions ['colcon_pkg']
[0.741s] Level 1:colcon.colcon_core.package_identification:_identify(saved_versions/task1_disc_catch_20260812_193435) by extension 'colcon_pkg'
[0.741s] Level 1:colcon.colcon_core.package_identification:_identify(saved_versions/task1_disc_catch_20260812_193435) by extensions ['colcon_meta']
[0.741s] Level 1:colcon.colcon_core.package_identification:_identify(saved_versions/task1_disc_catch_20260812_193435) by extension 'colcon_meta'
[0.741s] Level 1:colcon.colcon_core.package_identification:_identify(saved_versions/task1_disc_catch_20260812_193435) by extensions ['ros']
[0.741s] Level 1:colcon.colcon_core.package_identification:_identify(saved_versions/task1_disc_catch_20260812_193435) by extension 'ros'
[0.741s] Level 1:colcon.colcon_core.package_identification:_identify(saved_versions/task1_disc_catch_20260812_193435) by extensions ['cmake', 'python']
[0.741s] Level 1:colcon.colcon_core.package_identification:_identify(saved_versions/task1_disc_catch_20260812_193435) by extension 'cmake'
[0.742s] Level 1:colcon.colcon_core.package_identification:_identify(saved_versions/task1_disc_catch_20260812_193435) by extension 'python'
[0.742s] Level 1:colcon.colcon_core.package_identification:_identify(saved_versions/task1_disc_catch_20260812_193435) by extensions ['python_setup_py']
[0.742s] Level 1:colcon.colcon_core.package_identification:_identify(saved_versions/task1_disc_catch_20260812_193435) by extension 'python_setup_py'
[0.742s] Level 1:colcon.colcon_core.package_identification:_identify(saved_versions/task1_fixed_id1_id2_20260813_055405) by extensions ['ignore', 'ignore_ament_install']
[0.742s] Level 1:colcon.colcon_core.package_identification:_identify(saved_versions/task1_fixed_id1_id2_20260813_055405) by extension 'ignore'
[0.742s] Level 1:colcon.colcon_core.package_identification:_identify(saved_versions/task1_fixed_id1_id2_20260813_055405) by extension 'ignore_ament_install'
[0.742s] Level 1:colcon.colcon_core.package_identification:_identify(saved_versions/task1_fixed_id1_id2_20260813_055405) by extensions ['colcon_pkg']
[0.742s] Level 1:colcon.colcon_core.package_identification:_identify(saved_versions/task1_fixed_id1_id2_20260813_055405) by extension 'colcon_pkg'
[0.742s] Level 1:colcon.colcon_core.package_identification:_identify(saved_versions/task1_fixed_id1_id2_20260813_055405) by extensions ['colcon_meta']
[0.742s] Level 1:colcon.colcon_core.package_identification:_identify(saved_versions/task1_fixed_id1_id2_20260813_055405) by extension 'colcon_meta'
[0.742s] Level 1:colcon.colcon_core.package_identification:_identify(saved_versions/task1_fixed_id1_id2_20260813_055405) by extensions ['ros']
[0.742s] Level 1:colcon.colcon_core.package_identification:_identify(saved_versions/task1_fixed_id1_id2_20260813_055405) by extension 'ros'
[0.742s] Level 1:colcon.colcon_core.package_identification:_identify(saved_versions/task1_fixed_id1_id2_20260813_055405) by extensions ['cmake', 'python']
[0.742s] Level 1:colcon.colcon_core.package_identification:_identify(saved_versions/task1_fixed_id1_id2_20260813_055405) by extension 'cmake'
[0.742s] Level 1:colcon.colcon_core.package_identification:_identify(saved_versions/task1_fixed_id1_id2_20260813_055405) by extension 'python'
[0.742s] Level 1:colcon.colcon_core.package_identification:_identify(saved_versions/task1_fixed_id1_id2_20260813_055405) by extensions ['python_setup_py']
[0.742s] Level 1:colcon.colcon_core.package_identification:_identify(saved_versions/task1_fixed_id1_id2_20260813_055405) by extension 'python_setup_py'
[0.743s] Level 1:colcon.colcon_core.package_identification:_identify(saved_versions/task1_fixed_id1_id2_20260813_055405/ros2_test1) by extensions ['ignore', 'ignore_ament_install']
[0.743s] Level 1:colcon.colcon_core.package_identification:_identify(saved_versions/task1_fixed_id1_id2_20260813_055405/ros2_test1) by extension 'ignore'
[0.743s] Level 1:colcon.colcon_core.package_identification:_identify(saved_versions/task1_fixed_id1_id2_20260813_055405/ros2_test1) by extension 'ignore_ament_install'
[0.743s] Level 1:colcon.colcon_core.package_identification:_identify(saved_versions/task1_fixed_id1_id2_20260813_055405/ros2_test1) by extensions ['colcon_pkg']
[0.743s] Level 1:colcon.colcon_core.package_identification:_identify(saved_versions/task1_fixed_id1_id2_20260813_055405/ros2_test1) by extension 'colcon_pkg'
[0.743s] Level 1:colcon.colcon_core.package_identification:_identify(saved_versions/task1_fixed_id1_id2_20260813_055405/ros2_test1) by extensions ['colcon_meta']
[0.743s] Level 1:colcon.colcon_core.package_identification:_identify(saved_versions/task1_fixed_id1_id2_20260813_055405/ros2_test1) by extension 'colcon_meta'
[0.743s] Level 1:colcon.colcon_core.package_identification:_identify(saved_versions/task1_fixed_id1_id2_20260813_055405/ros2_test1) by extensions ['ros']
[0.743s] Level 1:colcon.colcon_core.package_identification:_identify(saved_versions/task1_fixed_id1_id2_20260813_055405/ros2_test1) by extension 'ros'
[0.743s] Level 1:colcon.colcon_core.package_identification:_identify(saved_versions/task1_fixed_id1_id2_20260813_055405/ros2_test1) by extensions ['cmake', 'python']
[0.743s] Level 1:colcon.colcon_core.package_identification:_identify(saved_versions/task1_fixed_id1_id2_20260813_055405/ros2_test1) by extension 'cmake'
[0.743s] Level 1:colcon.colcon_core.package_identification:_identify(saved_versions/task1_fixed_id1_id2_20260813_055405/ros2_test1) by extension 'python'
[0.743s] Level 1:colcon.colcon_core.package_identification:_identify(saved_versions/task1_fixed_id1_id2_20260813_055405/ros2_test1) by extensions ['python_setup_py']
[0.743s] Level 1:colcon.colcon_core.package_identification:_identify(saved_versions/task1_fixed_id1_id2_20260813_055405/ros2_test1) by extension 'python_setup_py'
[0.743s] Level 1:colcon.colcon_core.package_identification:_identify(saved_versions/task1_fixed_id1_id2_20260813_055405/ros2_test1/ros2_test1) by extensions ['ignore', 'ignore_ament_install']
[0.744s] Level 1:colcon.colcon_core.package_identification:_identify(saved_versions/task1_fixed_id1_id2_20260813_055405/ros2_test1/ros2_test1) by extension 'ignore'
[0.744s] Level 1:colcon.colcon_core.package_identification:_identify(saved_versions/task1_fixed_id1_id2_20260813_055405/ros2_test1/ros2_test1) by extension 'ignore_ament_install'
[0.744s] Level 1:colcon.colcon_core.package_identification:_identify(saved_versions/task1_fixed_id1_id2_20260813_055405/ros2_test1/ros2_test1) by extensions ['colcon_pkg']
[0.744s] Level 1:colcon.colcon_core.package_identification:_identify(saved_versions/task1_fixed_id1_id2_20260813_055405/ros2_test1/ros2_test1) by extension 'colcon_pkg'
[0.744s] Level 1:colcon.colcon_core.package_identification:_identify(saved_versions/task1_fixed_id1_id2_20260813_055405/ros2_test1/ros2_test1) by extensions ['colcon_meta']
[0.744s] Level 1:colcon.colcon_core.package_identification:_identify(saved_versions/task1_fixed_id1_id2_20260813_055405/ros2_test1/ros2_test1) by extension 'colcon_meta'
[0.744s] Level 1:colcon.colcon_core.package_identification:_identify(saved_versions/task1_fixed_id1_id2_20260813_055405/ros2_test1/ros2_test1) by extensions ['ros']
[0.744s] Level 1:colcon.colcon_core.package_identification:_identify(saved_versions/task1_fixed_id1_id2_20260813_055405/ros2_test1/ros2_test1) by extension 'ros'
[0.744s] Level 1:colcon.colcon_core.package_identification:_identify(saved_versions/task1_fixed_id1_id2_20260813_055405/ros2_test1/ros2_test1) by extensions ['cmake', 'python']
[0.744s] Level 1:colcon.colcon_core.package_identification:_identify(saved_versions/task1_fixed_id1_id2_20260813_055405/ros2_test1/ros2_test1) by extension 'cmake'
[0.744s] Level 1:colcon.colcon_core.package_identification:_identify(saved_versions/task1_fixed_id1_id2_20260813_055405/ros2_test1/ros2_test1) by extension 'python'
[0.744s] Level 1:colcon.colcon_core.package_identification:_identify(saved_versions/task1_fixed_id1_id2_20260813_055405/ros2_test1/ros2_test1) by extensions ['python_setup_py']
[0.744s] Level 1:colcon.colcon_core.package_identification:_identify(saved_versions/task1_fixed_id1_id2_20260813_055405/ros2_test1/ros2_test1) by extension 'python_setup_py'
[0.744s] Level 1:colcon.colcon_core.package_identification:_identify(saved_versions/task1_prep_high_20260813_060307) by extensions ['ignore', 'ignore_ament_install']
[0.744s] Level 1:colcon.colcon_core.package_identification:_identify(saved_versions/task1_prep_high_20260813_060307) by extension 'ignore'
[0.744s] Level 1:colcon.colcon_core.package_identification:_identify(saved_versions/task1_prep_high_20260813_060307) by extension 'ignore_ament_install'
[0.745s] Level 1:colcon.colcon_core.package_identification:_identify(saved_versions/task1_prep_high_20260813_060307) by extensions ['colcon_pkg']
[0.745s] Level 1:colcon.colcon_core.package_identification:_identify(saved_versions/task1_prep_high_20260813_060307) by extension 'colcon_pkg'
[0.745s] Level 1:colcon.colcon_core.package_identification:_identify(saved_versions/task1_prep_high_20260813_060307) by extensions ['colcon_meta']
[0.745s] Level 1:colcon.colcon_core.package_identification:_identify(saved_versions/task1_prep_high_20260813_060307) by extension 'colcon_meta'
[0.745s] Level 1:colcon.colcon_core.package_identification:_identify(saved_versions/task1_prep_high_20260813_060307) by extensions ['ros']
[0.745s] Level 1:colcon.colcon_core.package_identification:_identify(saved_versions/task1_prep_high_20260813_060307) by extension 'ros'
[0.745s] Level 1:colcon.colcon_core.package_identification:_identify(saved_versions/task1_prep_high_20260813_060307) by extensions ['cmake', 'python']
[0.745s] Level 1:colcon.colcon_core.package_identification:_identify(saved_versions/task1_prep_high_20260813_060307) by extension 'cmake'
[0.745s] Level 1:colcon.colcon_core.package_identification:_identify(saved_versions/task1_prep_high_20260813_060307) by extension 'python'
[0.745s] Level 1:colcon.colcon_core.package_identification:_identify(saved_versions/task1_prep_high_20260813_060307) by extensions ['python_setup_py']
[0.745s] Level 1:colcon.colcon_core.package_identification:_identify(saved_versions/task1_prep_high_20260813_060307) by extension 'python_setup_py'
[0.745s] Level 1:colcon.colcon_core.package_identification:_identify(saved_versions/task1_prep_high_20260813_060307/ros2_test1) by extensions ['ignore', 'ignore_ament_install']
[0.745s] Level 1:colcon.colcon_core.package_identification:_identify(saved_versions/task1_prep_high_20260813_060307/ros2_test1) by extension 'ignore'
[0.745s] Level 1:colcon.colcon_core.package_identification:_identify(saved_versions/task1_prep_high_20260813_060307/ros2_test1) by extension 'ignore_ament_install'
[0.745s] Level 1:colcon.colcon_core.package_identification:_identify(saved_versions/task1_prep_high_20260813_060307/ros2_test1) by extensions ['colcon_pkg']
[0.745s] Level 1:colcon.colcon_core.package_identification:_identify(saved_versions/task1_prep_high_20260813_060307/ros2_test1) by extension 'colcon_pkg'
[0.745s] Level 1:colcon.colcon_core.package_identification:_identify(saved_versions/task1_prep_high_20260813_060307/ros2_test1) by extensions ['colcon_meta']
[0.746s] Level 1:colcon.colcon_core.package_identification:_identify(saved_versions/task1_prep_high_20260813_060307/ros2_test1) by extension 'colcon_meta'
[0.746s] Level 1:colcon.colcon_core.package_identification:_identify(saved_versions/task1_prep_high_20260813_060307/ros2_test1) by extensions ['ros']
[0.746s] Level 1:colcon.colcon_core.package_identification:_identify(saved_versions/task1_prep_high_20260813_060307/ros2_test1) by extension 'ros'
[0.746s] Level 1:colcon.colcon_core.package_identification:_identify(saved_versions/task1_prep_high_20260813_060307/ros2_test1) by extensions ['cmake', 'python']
[0.746s] Level 1:colcon.colcon_core.package_identification:_identify(saved_versions/task1_prep_high_20260813_060307/ros2_test1) by extension 'cmake'
[0.746s] Level 1:colcon.colcon_core.package_identification:_identify(saved_versions/task1_prep_high_20260813_060307/ros2_test1) by extension 'python'
[0.746s] Level 1:colcon.colcon_core.package_identification:_identify(saved_versions/task1_prep_high_20260813_060307/ros2_test1) by extensions ['python_setup_py']
[0.746s] Level 1:colcon.colcon_core.package_identification:_identify(saved_versions/task1_prep_high_20260813_060307/ros2_test1) by extension 'python_setup_py'
[0.746s] Level 1:colcon.colcon_core.package_identification:_identify(saved_versions/task1_prep_high_20260813_060307/ros2_test1/ros2_test1) by extensions ['ignore', 'ignore_ament_install']
[0.746s] Level 1:colcon.colcon_core.package_identification:_identify(saved_versions/task1_prep_high_20260813_060307/ros2_test1/ros2_test1) by extension 'ignore'
[0.746s] Level 1:colcon.colcon_core.package_identification:_identify(saved_versions/task1_prep_high_20260813_060307/ros2_test1/ros2_test1) by extension 'ignore_ament_install'
[0.746s] Level 1:colcon.colcon_core.package_identification:_identify(saved_versions/task1_prep_high_20260813_060307/ros2_test1/ros2_test1) by extensions ['colcon_pkg']
[0.746s] Level 1:colcon.colcon_core.package_identification:_identify(saved_versions/task1_prep_high_20260813_060307/ros2_test1/ros2_test1) by extension 'colcon_pkg'
[0.746s] Level 1:colcon.colcon_core.package_identification:_identify(saved_versions/task1_prep_high_20260813_060307/ros2_test1/ros2_test1) by extensions ['colcon_meta']
[0.746s] Level 1:colcon.colcon_core.package_identification:_identify(saved_versions/task1_prep_high_20260813_060307/ros2_test1/ros2_test1) by extension 'colcon_meta'
[0.747s] Level 1:colcon.colcon_core.package_identification:_identify(saved_versions/task1_prep_high_20260813_060307/ros2_test1/ros2_test1) by extensions ['ros']
[0.747s] Level 1:colcon.colcon_core.package_identification:_identify(saved_versions/task1_prep_high_20260813_060307/ros2_test1/ros2_test1) by extension 'ros'
[0.747s] Level 1:colcon.colcon_core.package_identification:_identify(saved_versions/task1_prep_high_20260813_060307/ros2_test1/ros2_test1) by extensions ['cmake', 'python']
[0.747s] Level 1:colcon.colcon_core.package_identification:_identify(saved_versions/task1_prep_high_20260813_060307/ros2_test1/ros2_test1) by extension 'cmake'
[0.747s] Level 1:colcon.colcon_core.package_identification:_identify(saved_versions/task1_prep_high_20260813_060307/ros2_test1/ros2_test1) by extension 'python'
[0.747s] Level 1:colcon.colcon_core.package_identification:_identify(saved_versions/task1_prep_high_20260813_060307/ros2_test1/ros2_test1) by extensions ['python_setup_py']
[0.747s] Level 1:colcon.colcon_core.package_identification:_identify(saved_versions/task1_prep_high_20260813_060307/ros2_test1/ros2_test1) by extension 'python_setup_py'
[0.747s] Level 1:colcon.colcon_core.package_identification:_identify(saved_versions/task1_prep_seq_20260813_060603) by extensions ['ignore', 'ignore_ament_install']
[0.747s] Level 1:colcon.colcon_core.package_identification:_identify(saved_versions/task1_prep_seq_20260813_060603) by extension 'ignore'
[0.747s] Level 1:colcon.colcon_core.package_identification:_identify(saved_versions/task1_prep_seq_20260813_060603) by extension 'ignore_ament_install'
[0.747s] Level 1:colcon.colcon_core.package_identification:_identify(saved_versions/task1_prep_seq_20260813_060603) by extensions ['colcon_pkg']
[0.747s] Level 1:colcon.colcon_core.package_identification:_identify(saved_versions/task1_prep_seq_20260813_060603) by extension 'colcon_pkg'
[0.747s] Level 1:colcon.colcon_core.package_identification:_identify(saved_versions/task1_prep_seq_20260813_060603) by extensions ['colcon_meta']
[0.748s] Level 1:colcon.colcon_core.package_identification:_identify(saved_versions/task1_prep_seq_20260813_060603) by extension 'colcon_meta'
[0.748s] Level 1:colcon.colcon_core.package_identification:_identify(saved_versions/task1_prep_seq_20260813_060603) by extensions ['ros']
[0.748s] Level 1:colcon.colcon_core.package_identification:_identify(saved_versions/task1_prep_seq_20260813_060603) by extension 'ros'
[0.748s] Level 1:colcon.colcon_core.package_identification:_identify(saved_versions/task1_prep_seq_20260813_060603) by extensions ['cmake', 'python']
[0.748s] Level 1:colcon.colcon_core.package_identification:_identify(saved_versions/task1_prep_seq_20260813_060603) by extension 'cmake'
[0.748s] Level 1:colcon.colcon_core.package_identification:_identify(saved_versions/task1_prep_seq_20260813_060603) by extension 'python'
[0.748s] Level 1:colcon.colcon_core.package_identification:_identify(saved_versions/task1_prep_seq_20260813_060603) by extensions ['python_setup_py']
[0.748s] Level 1:colcon.colcon_core.package_identification:_identify(saved_versions/task1_prep_seq_20260813_060603) by extension 'python_setup_py'
[0.748s] Level 1:colcon.colcon_core.package_identification:_identify(saved_versions/task1_prep_seq_20260813_060603/ros2_test1) by extensions ['ignore', 'ignore_ament_install']
[0.748s] Level 1:colcon.colcon_core.package_identification:_identify(saved_versions/task1_prep_seq_20260813_060603/ros2_test1) by extension 'ignore'
[0.748s] Level 1:colcon.colcon_core.package_identification:_identify(saved_versions/task1_prep_seq_20260813_060603/ros2_test1) by extension 'ignore_ament_install'
[0.748s] Level 1:colcon.colcon_core.package_identification:_identify(saved_versions/task1_prep_seq_20260813_060603/ros2_test1) by extensions ['colcon_pkg']
[0.748s] Level 1:colcon.colcon_core.package_identification:_identify(saved_versions/task1_prep_seq_20260813_060603/ros2_test1) by extension 'colcon_pkg'
[0.748s] Level 1:colcon.colcon_core.package_identification:_identify(saved_versions/task1_prep_seq_20260813_060603/ros2_test1) by extensions ['colcon_meta']
[0.748s] Level 1:colcon.colcon_core.package_identification:_identify(saved_versions/task1_prep_seq_20260813_060603/ros2_test1) by extension 'colcon_meta'
[0.748s] Level 1:colcon.colcon_core.package_identification:_identify(saved_versions/task1_prep_seq_20260813_060603/ros2_test1) by extensions ['ros']
[0.749s] Level 1:colcon.colcon_core.package_identification:_identify(saved_versions/task1_prep_seq_20260813_060603/ros2_test1) by extension 'ros'
[0.749s] Level 1:colcon.colcon_core.package_identification:_identify(saved_versions/task1_prep_seq_20260813_060603/ros2_test1) by extensions ['cmake', 'python']
[0.749s] Level 1:colcon.colcon_core.package_identification:_identify(saved_versions/task1_prep_seq_20260813_060603/ros2_test1) by extension 'cmake'
[0.749s] Level 1:colcon.colcon_core.package_identification:_identify(saved_versions/task1_prep_seq_20260813_060603/ros2_test1) by extension 'python'
[0.749s] Level 1:colcon.colcon_core.package_identification:_identify(saved_versions/task1_prep_seq_20260813_060603/ros2_test1) by extensions ['python_setup_py']
[0.749s] Level 1:colcon.colcon_core.package_identification:_identify(saved_versions/task1_prep_seq_20260813_060603/ros2_test1) by extension 'python_setup_py'
[0.749s] Level 1:colcon.colcon_core.package_identification:_identify(saved_versions/task1_prep_seq_20260813_060603/ros2_test1/ros2_test1) by extensions ['ignore', 'ignore_ament_install']
[0.749s] Level 1:colcon.colcon_core.package_identification:_identify(saved_versions/task1_prep_seq_20260813_060603/ros2_test1/ros2_test1) by extension 'ignore'
[0.749s] Level 1:colcon.colcon_core.package_identification:_identify(saved_versions/task1_prep_seq_20260813_060603/ros2_test1/ros2_test1) by extension 'ignore_ament_install'
[0.749s] Level 1:colcon.colcon_core.package_identification:_identify(saved_versions/task1_prep_seq_20260813_060603/ros2_test1/ros2_test1) by extensions ['colcon_pkg']
[0.749s] Level 1:colcon.colcon_core.package_identification:_identify(saved_versions/task1_prep_seq_20260813_060603/ros2_test1/ros2_test1) by extension 'colcon_pkg'
[0.749s] Level 1:colcon.colcon_core.package_identification:_identify(saved_versions/task1_prep_seq_20260813_060603/ros2_test1/ros2_test1) by extensions ['colcon_meta']
[0.749s] Level 1:colcon.colcon_core.package_identification:_identify(saved_versions/task1_prep_seq_20260813_060603/ros2_test1/ros2_test1) by extension 'colcon_meta'
[0.749s] Level 1:colcon.colcon_core.package_identification:_identify(saved_versions/task1_prep_seq_20260813_060603/ros2_test1/ros2_test1) by extensions ['ros']
[0.749s] Level 1:colcon.colcon_core.package_identification:_identify(saved_versions/task1_prep_seq_20260813_060603/ros2_test1/ros2_test1) by extension 'ros'
[0.749s] Level 1:colcon.colcon_core.package_identification:_identify(saved_versions/task1_prep_seq_20260813_060603/ros2_test1/ros2_test1) by extensions ['cmake', 'python']
[0.750s] Level 1:colcon.colcon_core.package_identification:_identify(saved_versions/task1_prep_seq_20260813_060603/ros2_test1/ros2_test1) by extension 'cmake'
[0.750s] Level 1:colcon.colcon_core.package_identification:_identify(saved_versions/task1_prep_seq_20260813_060603/ros2_test1/ros2_test1) by extension 'python'
[0.750s] Level 1:colcon.colcon_core.package_identification:_identify(saved_versions/task1_prep_seq_20260813_060603/ros2_test1/ros2_test1) by extensions ['python_setup_py']
[0.750s] Level 1:colcon.colcon_core.package_identification:_identify(saved_versions/task1_prep_seq_20260813_060603/ros2_test1/ros2_test1) by extension 'python_setup_py'
[0.750s] Level 1:colcon.colcon_core.package_identification:_identify(src) by extensions ['ignore', 'ignore_ament_install']
[0.750s] Level 1:colcon.colcon_core.package_identification:_identify(src) by extension 'ignore'
[0.750s] Level 1:colcon.colcon_core.package_identification:_identify(src) by extension 'ignore_ament_install'
[0.750s] Level 1:colcon.colcon_core.package_identification:_identify(src) by extensions ['colcon_pkg']
[0.750s] Level 1:colcon.colcon_core.package_identification:_identify(src) by extension 'colcon_pkg'
[0.750s] Level 1:colcon.colcon_core.package_identification:_identify(src) by extensions ['colcon_meta']
[0.750s] Level 1:colcon.colcon_core.package_identification:_identify(src) by extension 'colcon_meta'
[0.750s] Level 1:colcon.colcon_core.package_identification:_identify(src) by extensions ['ros']
[0.750s] Level 1:colcon.colcon_core.package_identification:_identify(src) by extension 'ros'
[0.750s] Level 1:colcon.colcon_core.package_identification:_identify(src) by extensions ['cmake', 'python']
[0.750s] Level 1:colcon.colcon_core.package_identification:_identify(src) by extension 'cmake'
[0.750s] Level 1:colcon.colcon_core.package_identification:_identify(src) by extension 'python'
[0.750s] Level 1:colcon.colcon_core.package_identification:_identify(src) by extensions ['python_setup_py']
[0.751s] Level 1:colcon.colcon_core.package_identification:_identify(src) by extension 'python_setup_py'
[0.751s] Level 1:colcon.colcon_core.package_identification:_identify(src/stm32_bridge) by extensions ['ignore', 'ignore_ament_install']
[0.751s] Level 1:colcon.colcon_core.package_identification:_identify(src/stm32_bridge) by extension 'ignore'
[0.751s] Level 1:colcon.colcon_core.package_identification:_identify(src/stm32_bridge) by extension 'ignore_ament_install'
[0.751s] Level 1:colcon.colcon_core.package_identification:_identify(src/stm32_bridge) by extensions ['colcon_pkg']
[0.751s] Level 1:colcon.colcon_core.package_identification:_identify(src/stm32_bridge) by extension 'colcon_pkg'
[0.751s] Level 1:colcon.colcon_core.package_identification:_identify(src/stm32_bridge) by extensions ['colcon_meta']
[0.751s] Level 1:colcon.colcon_core.package_identification:_identify(src/stm32_bridge) by extension 'colcon_meta'
[0.751s] Level 1:colcon.colcon_core.package_identification:_identify(src/stm32_bridge) by extensions ['ros']
[0.751s] Level 1:colcon.colcon_core.package_identification:_identify(src/stm32_bridge) by extension 'ros'
[0.757s] DEBUG:colcon.colcon_core.package_identification:Package 'src/stm32_bridge' with type 'ros.ament_python' and name 'stm32_bridge'
[0.757s] Level 1:colcon.colcon_core.package_discovery:discover_packages(recursive) using defaults
[0.757s] Level 1:colcon.colcon_core.package_discovery:discover_packages(ignore) discover
[0.757s] Level 1:colcon.colcon_core.package_discovery:discover_packages(ignore) using defaults
[0.757s] Level 1:colcon.colcon_core.package_discovery:discover_packages(path) discover
[0.757s] Level 1:colcon.colcon_core.package_discovery:discover_packages(path) using defaults
[0.803s] INFO:colcon.colcon_metadata.metadata.colcon_pkg:Updating descriptor of package 'ros2_test1' from colcon.pkg: {'name': 'ros2_test1', 'type': 'ros.ament_python'}
[0.828s] DEBUG:colcon.colcon_core.package_identification:Failed to parse potential ROS package manifest in'ros2_test1': Error(s) in package 'ros2_test1/package.xml':
Invalid email "cat@lubancat" for person "cat"
[0.829s] INFO:colcon.colcon_core.package_selection:Skipping not selected package 'stm32_bridge' in 'src/stm32_bridge'
[0.830s] Level 1:colcon.colcon_core.package_discovery:discover_packages(prefix_path) check parameters
[0.831s] Level 1:colcon.colcon_core.package_discovery:discover_packages(prefix_path) discover
[0.838s] DEBUG:colcon.colcon_installed_package_information.package_discovery:Found 273 installed packages in /opt/ros/humble
[0.841s] Level 1:colcon.colcon_core.package_discovery:discover_packages(prefix_path) using defaults
[0.905s] Level 5:colcon.colcon_core.verb:set package 'ros2_test1' build argument 'cmake_args' from command line to 'None'
[0.906s] Level 5:colcon.colcon_core.verb:set package 'ros2_test1' build argument 'cmake_target' from command line to 'None'
[0.906s] Level 5:colcon.colcon_core.verb:set package 'ros2_test1' build argument 'cmake_target_skip_unavailable' from command line to 'False'
[0.906s] Level 5:colcon.colcon_core.verb:set package 'ros2_test1' build argument 'cmake_clean_cache' from command line to 'False'
[0.906s] Level 5:colcon.colcon_core.verb:set package 'ros2_test1' build argument 'cmake_clean_first' from command line to 'False'
[0.906s] Level 5:colcon.colcon_core.verb:set package 'ros2_test1' build argument 'cmake_force_configure' from command line to 'False'
[0.906s] Level 5:colcon.colcon_core.verb:set package 'ros2_test1' build argument 'ament_cmake_args' from command line to 'None'
[0.906s] Level 5:colcon.colcon_core.verb:set package 'ros2_test1' build argument 'catkin_cmake_args' from command line to 'None'
[0.906s] Level 5:colcon.colcon_core.verb:set package 'ros2_test1' build argument 'catkin_skip_building_tests' from command line to 'False'
[0.906s] DEBUG:colcon.colcon_core.verb:Building package 'ros2_test1' with the following arguments: {'ament_cmake_args': None, 'build_base': '/home/cat/ros2_ws/build/ros2_test1', 'catkin_cmake_args': None, 'catkin_skip_building_tests': False, 'cmake_args': None, 'cmake_clean_cache': False, 'cmake_clean_first': False, 'cmake_force_configure': False, 'cmake_target': None, 'cmake_target_skip_unavailable': False, 'install_base': '/home/cat/ros2_ws/install/ros2_test1', 'merge_install': False, 'path': '/home/cat/ros2_ws/ros2_test1', 'symlink_install': True, 'test_result_base': None}
[0.906s] INFO:colcon.colcon_core.executor:Executing jobs using 'parallel' executor
[0.908s] DEBUG:colcon.colcon_parallel_executor.executor.parallel:run_until_complete
[0.908s] INFO:colcon.colcon_ros.task.ament_python.build:Building ROS package in '/home/cat/ros2_ws/ros2_test1' with build type 'ament_python'
[0.909s] Level 1:colcon.colcon_core.shell:create_environment_hook('ros2_test1', 'ament_prefix_path')
[0.918s] INFO:colcon.colcon_core.plugin_system:Skipping extension 'colcon_core.shell.bat': Not used on non-Windows systems
[0.919s] INFO:colcon.colcon_core.shell:Creating environment hook '/home/cat/ros2_ws/install/ros2_test1/share/ros2_test1/hook/ament_prefix_path.ps1'
[0.921s] INFO:colcon.colcon_core.shell:Creating environment descriptor '/home/cat/ros2_ws/install/ros2_test1/share/ros2_test1/hook/ament_prefix_path.dsv'
[0.922s] INFO:colcon.colcon_core.shell:Creating environment hook '/home/cat/ros2_ws/install/ros2_test1/share/ros2_test1/hook/ament_prefix_path.sh'
[0.924s] INFO:colcon.colcon_core.shell:Skip shell extension 'powershell' for command environment: Not usable outside of PowerShell
[0.924s] DEBUG:colcon.colcon_core.shell:Skip shell extension 'dsv' for command environment
[1.333s] INFO:colcon.colcon_core.task.python.build:Building Python package in '/home/cat/ros2_ws/ros2_test1'
[1.334s] INFO:colcon.colcon_core.shell:Skip shell extension 'powershell' for command environment: Not usable outside of PowerShell
[1.334s] DEBUG:colcon.colcon_core.shell:Skip shell extension 'dsv' for command environment
[1.963s] DEBUG:colcon.colcon_core.task.python.build:Available setuptools commands: install_headers, check, easy_install, install_data, build_clib, dist_info, build, test, rotate, bdist_wheel, install, sdist, egg_info, bdist_dumb, bdist, build_py, build_scripts, install_lib, upload, build_ext, bdist_egg, develop, bdist_rpm, install_egg_info, saveopts, symlink_data, setopt, install_scripts, register, clean, alias, upload_docs
[2.438s] DEBUG:colcon.colcon_core.task.python.build:Available setuptools 'develop' options: --dry-run, --user, --install-dir, --prefix, --site-dirs, --no-deps, --uninstall, --no-find-links, --local-snapshots-ok, --verbose, --index-url, --record, --always-unzip, --exclude-scripts, --editable, --always-copy, --version, --egg-path, --build-directory, --force-installation-into-system-dir, --install-layout, --quiet, --multi-version, --no-user-cfg, --help, --optimize, --upgrade, --script-dir, --find-links, --allow-hosts, --zip-ok
[2.443s] DEBUG:colcon.colcon_core.event_handler.log_command:Invoking command in '/home/cat/ros2_ws/build/ros2_test1': PYTHONPATH=/home/cat/ros2_ws/build/ros2_test1/prefix_override:/usr/lib/python3/dist-packages/colcon_core/task/python/colcon_distutils_commands:/home/cat/ros2_ws/install/ros2_test1/lib/python3.10/site-packages:${PYTHONPATH} /usr/bin/python3 -W ignore:setup.py install is deprecated -W ignore:easy_install command is deprecated setup.py develop --editable --build-directory /home/cat/ros2_ws/build/ros2_test1/build --no-deps symlink_data
[3.172s] Level 1:colcon.colcon_core.shell:create_environment_hook('ros2_test1', 'pythonpath_develop')
[3.173s] INFO:colcon.colcon_core.shell:Creating environment hook '/home/cat/ros2_ws/build/ros2_test1/share/ros2_test1/hook/pythonpath_develop.ps1'
[3.174s] DEBUG:colcon.colcon_core.event_handler.log_command:Invoked command in '/home/cat/ros2_ws/build/ros2_test1' returned '0': PYTHONPATH=/home/cat/ros2_ws/build/ros2_test1/prefix_override:/usr/lib/python3/dist-packages/colcon_core/task/python/colcon_distutils_commands:/home/cat/ros2_ws/install/ros2_test1/lib/python3.10/site-packages:${PYTHONPATH} /usr/bin/python3 -W ignore:setup.py install is deprecated -W ignore:easy_install command is deprecated setup.py develop --editable --build-directory /home/cat/ros2_ws/build/ros2_test1/build --no-deps symlink_data
[3.177s] INFO:colcon.colcon_core.shell:Creating environment descriptor '/home/cat/ros2_ws/build/ros2_test1/share/ros2_test1/hook/pythonpath_develop.dsv'
[3.179s] INFO:colcon.colcon_core.shell:Creating environment hook '/home/cat/ros2_ws/build/ros2_test1/share/ros2_test1/hook/pythonpath_develop.sh'
[3.207s] Level 1:colcon.colcon_core.environment:checking '/home/cat/ros2_ws/install/ros2_test1' for CMake module files
[3.208s] Level 1:colcon.colcon_core.environment:checking '/home/cat/ros2_ws/install/ros2_test1' for CMake config files
[3.209s] Level 1:colcon.colcon_core.environment:checking '/home/cat/ros2_ws/install/ros2_test1/lib'
[3.209s] Level 1:colcon.colcon_core.environment:checking '/home/cat/ros2_ws/install/ros2_test1/bin'
[3.209s] Level 1:colcon.colcon_core.environment:checking '/home/cat/ros2_ws/install/ros2_test1/lib/pkgconfig/ros2_test1.pc'
[3.210s] Level 1:colcon.colcon_core.environment:checking '/home/cat/ros2_ws/install/ros2_test1/lib/python3.10/site-packages'
[3.210s] Level 1:colcon.colcon_core.shell:create_environment_hook('ros2_test1', 'pythonpath')
[3.210s] INFO:colcon.colcon_core.shell:Creating environment hook '/home/cat/ros2_ws/install/ros2_test1/share/ros2_test1/hook/pythonpath.ps1'
[3.211s] INFO:colcon.colcon_core.shell:Creating environment descriptor '/home/cat/ros2_ws/install/ros2_test1/share/ros2_test1/hook/pythonpath.dsv'
[3.211s] INFO:colcon.colcon_core.shell:Creating environment hook '/home/cat/ros2_ws/install/ros2_test1/share/ros2_test1/hook/pythonpath.sh'
[3.212s] Level 1:colcon.colcon_core.environment:checking '/home/cat/ros2_ws/install/ros2_test1/bin'
[3.213s] Level 1:colcon.colcon_core.environment:create_environment_scripts_only(ros2_test1)
[3.213s] INFO:colcon.colcon_core.shell:Creating package script '/home/cat/ros2_ws/install/ros2_test1/share/ros2_test1/package.ps1'
[3.215s] INFO:colcon.colcon_core.shell:Creating package descriptor '/home/cat/ros2_ws/install/ros2_test1/share/ros2_test1/package.dsv'
[3.217s] INFO:colcon.colcon_core.shell:Creating package script '/home/cat/ros2_ws/install/ros2_test1/share/ros2_test1/package.sh'
[3.218s] INFO:colcon.colcon_core.shell:Creating package script '/home/cat/ros2_ws/install/ros2_test1/share/ros2_test1/package.bash'
[3.220s] INFO:colcon.colcon_core.shell:Creating package script '/home/cat/ros2_ws/install/ros2_test1/share/ros2_test1/package.zsh'
[3.222s] Level 1:colcon.colcon_core.environment:create_file_with_runtime_dependencies(/home/cat/ros2_ws/install/ros2_test1/share/colcon-core/packages/ros2_test1)
[3.222s] DEBUG:colcon.colcon_parallel_executor.executor.parallel:closing loop
[3.223s] DEBUG:colcon.colcon_parallel_executor.executor.parallel:loop closed
[3.223s] DEBUG:colcon.colcon_parallel_executor.executor.parallel:run_until_complete finished with '0'
[3.223s] DEBUG:colcon.colcon_core.event_reactor:joining thread
[3.225s] DEBUG:colcon.colcon_core.event_reactor:joined thread
[3.226s] INFO:colcon.colcon_core.shell:Creating prefix script '/home/cat/ros2_ws/install/local_setup.ps1'
[3.228s] INFO:colcon.colcon_core.shell:Creating prefix util module '/home/cat/ros2_ws/install/_local_setup_util_ps1.py'
[3.230s] INFO:colcon.colcon_core.shell:Creating prefix chain script '/home/cat/ros2_ws/install/setup.ps1'
[3.234s] INFO:colcon.colcon_core.shell:Creating prefix script '/home/cat/ros2_ws/install/local_setup.sh'
[3.235s] INFO:colcon.colcon_core.shell:Creating prefix util module '/home/cat/ros2_ws/install/_local_setup_util_sh.py'
[3.236s] INFO:colcon.colcon_core.shell:Creating prefix chain script '/home/cat/ros2_ws/install/setup.sh'
[3.238s] INFO:colcon.colcon_core.shell:Creating prefix script '/home/cat/ros2_ws/install/local_setup.bash'
[3.239s] INFO:colcon.colcon_core.shell:Creating prefix chain script '/home/cat/ros2_ws/install/setup.bash'
[3.241s] INFO:colcon.colcon_core.shell:Creating prefix script '/home/cat/ros2_ws/install/local_setup.zsh'
[3.242s] INFO:colcon.colcon_core.shell:Creating prefix chain script '/home/cat/ros2_ws/install/setup.zsh'
