[0.285s] DEBUG:colcon:Command line arguments: ['/usr/bin/colcon', 'build', '--symlink-install', '--packages-select', 'ros2_test1']
[0.285s] DEBUG:colcon:Parsed command line arguments: Namespace(log_base=None, log_level=None, verb_name='build', build_base='build', install_base='install', merge_install=False, symlink_install=True, test_result_base=None, continue_on_error=False, executor='parallel', parallel_workers=8, event_handlers=None, ignore_user_meta=False, metas=['./colcon.meta'], base_paths=['.'], packages_ignore=None, packages_ignore_regex=None, paths=None, packages_up_to=None, packages_up_to_regex=None, packages_above=None, packages_above_and_dependencies=None, packages_above_depth=None, packages_select_by_dep=None, packages_skip_by_dep=None, packages_skip_up_to=None, packages_select_build_failed=False, packages_skip_build_finished=False, packages_select_test_failures=False, packages_skip_test_passed=False, packages_select=['ros2_test1'], packages_skip=None, packages_select_regex=None, packages_skip_regex=None, packages_start=None, packages_end=None, allow_overriding=[], cmake_args=None, cmake_target=None, cmake_target_skip_unavailable=False, cmake_clean_cache=False, cmake_clean_first=False, cmake_force_configure=False, ament_cmake_args=None, catkin_cmake_args=None, catkin_skip_building_tests=False, verb_parser=<colcon_defaults.argument_parser.defaults.DefaultArgumentsDecorator object at 0xffffa6eab310>, verb_extension=<colcon_core.verb.build.BuildVerb object at 0xffffa70a8a30>, main=<bound method BuildVerb.main of <colcon_core.verb.build.BuildVerb object at 0xffffa70a8a30>>)
[0.725s] Level 1:colcon.colcon_core.package_discovery:discover_packages(colcon_meta) check parameters
[0.725s] Level 1:colcon.colcon_core.package_discovery:discover_packages(recursive) check parameters
[0.725s] Level 1:colcon.colcon_core.package_discovery:discover_packages(ignore) check parameters
[0.725s] Level 1:colcon.colcon_core.package_discovery:discover_packages(path) check parameters
[0.725s] Level 1:colcon.colcon_core.package_discovery:discover_packages(colcon_meta) discover
[0.725s] Level 1:colcon.colcon_core.package_discovery:discover_packages(recursive) discover
[0.725s] INFO:colcon.colcon_core.package_discovery:Crawling recursively for packages in '/home/cat/ros2_ws'
[0.725s] Level 1:colcon.colcon_core.package_identification:_identify(.) by extensions ['ignore', 'ignore_ament_install']
[0.726s] Level 1:colcon.colcon_core.package_identification:_identify(.) by extension 'ignore'
[0.726s] Level 1:colcon.colcon_core.package_identification:_identify(.) by extension 'ignore_ament_install'
[0.726s] Level 1:colcon.colcon_core.package_identification:_identify(.) by extensions ['colcon_pkg']
[0.726s] Level 1:colcon.colcon_core.package_identification:_identify(.) by extension 'colcon_pkg'
[0.726s] Level 1:colcon.colcon_core.package_identification:_identify(.) by extensions ['colcon_meta']
[0.726s] Level 1:colcon.colcon_core.package_identification:_identify(.) by extension 'colcon_meta'
[0.726s] Level 1:colcon.colcon_core.package_identification:_identify(.) by extensions ['ros']
[0.726s] Level 1:colcon.colcon_core.package_identification:_identify(.) by extension 'ros'
[0.755s] Level 1:colcon.colcon_core.package_identification:_identify(.) by extensions ['cmake', 'python']
[0.755s] Level 1:colcon.colcon_core.package_identification:_identify(.) by extension 'cmake'
[0.755s] Level 1:colcon.colcon_core.package_identification:_identify(.) by extension 'python'
[0.755s] Level 1:colcon.colcon_core.package_identification:_identify(.) by extensions ['python_setup_py']
[0.755s] Level 1:colcon.colcon_core.package_identification:_identify(.) by extension 'python_setup_py'
[0.757s] Level 1:colcon.colcon_core.package_identification:_identify(backups) by extensions ['ignore', 'ignore_ament_install']
[0.757s] Level 1:colcon.colcon_core.package_identification:_identify(backups) by extension 'ignore'
[0.757s] Level 1:colcon.colcon_core.package_identification:_identify(backups) ignored
[0.757s] Level 1:colcon.colcon_core.package_identification:_identify(build) by extensions ['ignore', 'ignore_ament_install']
[0.757s] Level 1:colcon.colcon_core.package_identification:_identify(build) by extension 'ignore'
[0.757s] Level 1:colcon.colcon_core.package_identification:_identify(build) ignored
[0.758s] Level 1:colcon.colcon_core.package_identification:_identify(install) by extensions ['ignore', 'ignore_ament_install']
[0.758s] Level 1:colcon.colcon_core.package_identification:_identify(install) by extension 'ignore'
[0.758s] Level 1:colcon.colcon_core.package_identification:_identify(install) ignored
[0.759s] Level 1:colcon.colcon_core.package_identification:_identify(log) by extensions ['ignore', 'ignore_ament_install']
[0.759s] Level 1:colcon.colcon_core.package_identification:_identify(log) by extension 'ignore'
[0.759s] Level 1:colcon.colcon_core.package_identification:_identify(log) ignored
[0.760s] Level 1:colcon.colcon_core.package_identification:_identify(restore_backup_20260731_200702) by extensions ['ignore', 'ignore_ament_install']
[0.760s] Level 1:colcon.colcon_core.package_identification:_identify(restore_backup_20260731_200702) by extension 'ignore'
[0.760s] Level 1:colcon.colcon_core.package_identification:_identify(restore_backup_20260731_200702) by extension 'ignore_ament_install'
[0.760s] Level 1:colcon.colcon_core.package_identification:_identify(restore_backup_20260731_200702) by extensions ['colcon_pkg']
[0.760s] Level 1:colcon.colcon_core.package_identification:_identify(restore_backup_20260731_200702) by extension 'colcon_pkg'
[0.760s] Level 1:colcon.colcon_core.package_identification:_identify(restore_backup_20260731_200702) by extensions ['colcon_meta']
[0.760s] Level 1:colcon.colcon_core.package_identification:_identify(restore_backup_20260731_200702) by extension 'colcon_meta'
[0.760s] Level 1:colcon.colcon_core.package_identification:_identify(restore_backup_20260731_200702) by extensions ['ros']
[0.760s] Level 1:colcon.colcon_core.package_identification:_identify(restore_backup_20260731_200702) by extension 'ros'
[0.761s] Level 1:colcon.colcon_core.package_identification:_identify(restore_backup_20260731_200702) by extensions ['cmake', 'python']
[0.761s] Level 1:colcon.colcon_core.package_identification:_identify(restore_backup_20260731_200702) by extension 'cmake'
[0.761s] Level 1:colcon.colcon_core.package_identification:_identify(restore_backup_20260731_200702) by extension 'python'
[0.761s] Level 1:colcon.colcon_core.package_identification:_identify(restore_backup_20260731_200702) by extensions ['python_setup_py']
[0.761s] Level 1:colcon.colcon_core.package_identification:_identify(restore_backup_20260731_200702) by extension 'python_setup_py'
[0.762s] Level 1:colcon.colcon_core.package_identification:_identify(restore_backup_20260731_continue) by extensions ['ignore', 'ignore_ament_install']
[0.762s] Level 1:colcon.colcon_core.package_identification:_identify(restore_backup_20260731_continue) by extension 'ignore'
[0.762s] Level 1:colcon.colcon_core.package_identification:_identify(restore_backup_20260731_continue) by extension 'ignore_ament_install'
[0.762s] Level 1:colcon.colcon_core.package_identification:_identify(restore_backup_20260731_continue) by extensions ['colcon_pkg']
[0.762s] Level 1:colcon.colcon_core.package_identification:_identify(restore_backup_20260731_continue) by extension 'colcon_pkg'
[0.762s] Level 1:colcon.colcon_core.package_identification:_identify(restore_backup_20260731_continue) by extensions ['colcon_meta']
[0.762s] Level 1:colcon.colcon_core.package_identification:_identify(restore_backup_20260731_continue) by extension 'colcon_meta'
[0.762s] Level 1:colcon.colcon_core.package_identification:_identify(restore_backup_20260731_continue) by extensions ['ros']
[0.762s] Level 1:colcon.colcon_core.package_identification:_identify(restore_backup_20260731_continue) by extension 'ros'
[0.762s] Level 1:colcon.colcon_core.package_identification:_identify(restore_backup_20260731_continue) by extensions ['cmake', 'python']
[0.762s] Level 1:colcon.colcon_core.package_identification:_identify(restore_backup_20260731_continue) by extension 'cmake'
[0.762s] Level 1:colcon.colcon_core.package_identification:_identify(restore_backup_20260731_continue) by extension 'python'
[0.762s] Level 1:colcon.colcon_core.package_identification:_identify(restore_backup_20260731_continue) by extensions ['python_setup_py']
[0.763s] Level 1:colcon.colcon_core.package_identification:_identify(restore_backup_20260731_continue) by extension 'python_setup_py'
[0.763s] Level 1:colcon.colcon_core.package_identification:_identify(ros2_test1) by extensions ['ignore', 'ignore_ament_install']
[0.763s] Level 1:colcon.colcon_core.package_identification:_identify(ros2_test1) by extension 'ignore'
[0.763s] Level 1:colcon.colcon_core.package_identification:_identify(ros2_test1) by extension 'ignore_ament_install'
[0.763s] Level 1:colcon.colcon_core.package_identification:_identify(ros2_test1) by extensions ['colcon_pkg']
[0.763s] Level 1:colcon.colcon_core.package_identification:_identify(ros2_test1) by extension 'colcon_pkg'
[0.765s] INFO:colcon.colcon_metadata.metadata.colcon_pkg:Setting type 'ros.ament_python' of package 'ros2_test1' from colcon.pkg
[0.765s] INFO:colcon.colcon_metadata.metadata.colcon_pkg:Setting name 'ros2_test1' of package 'ros2_test1' from colcon.pkg
[0.765s] DEBUG:colcon.colcon_core.package_identification:Package 'ros2_test1' with type 'ros.ament_python' and name 'ros2_test1'
[0.765s] Level 1:colcon.colcon_core.package_identification:_identify(saved_versions) by extensions ['ignore', 'ignore_ament_install']
[0.765s] Level 1:colcon.colcon_core.package_identification:_identify(saved_versions) by extension 'ignore'
[0.766s] Level 1:colcon.colcon_core.package_identification:_identify(saved_versions) by extension 'ignore_ament_install'
[0.766s] Level 1:colcon.colcon_core.package_identification:_identify(saved_versions) by extensions ['colcon_pkg']
[0.766s] Level 1:colcon.colcon_core.package_identification:_identify(saved_versions) by extension 'colcon_pkg'
[0.766s] Level 1:colcon.colcon_core.package_identification:_identify(saved_versions) by extensions ['colcon_meta']
[0.766s] Level 1:colcon.colcon_core.package_identification:_identify(saved_versions) by extension 'colcon_meta'
[0.766s] Level 1:colcon.colcon_core.package_identification:_identify(saved_versions) by extensions ['ros']
[0.766s] Level 1:colcon.colcon_core.package_identification:_identify(saved_versions) by extension 'ros'
[0.766s] Level 1:colcon.colcon_core.package_identification:_identify(saved_versions) by extensions ['cmake', 'python']
[0.766s] Level 1:colcon.colcon_core.package_identification:_identify(saved_versions) by extension 'cmake'
[0.766s] Level 1:colcon.colcon_core.package_identification:_identify(saved_versions) by extension 'python'
[0.766s] Level 1:colcon.colcon_core.package_identification:_identify(saved_versions) by extensions ['python_setup_py']
[0.766s] Level 1:colcon.colcon_core.package_identification:_identify(saved_versions) by extension 'python_setup_py'
[0.767s] Level 1:colcon.colcon_core.package_identification:_identify(saved_versions/camera_latency_20260812_205620) by extensions ['ignore', 'ignore_ament_install']
[0.767s] Level 1:colcon.colcon_core.package_identification:_identify(saved_versions/camera_latency_20260812_205620) by extension 'ignore'
[0.767s] Level 1:colcon.colcon_core.package_identification:_identify(saved_versions/camera_latency_20260812_205620) by extension 'ignore_ament_install'
[0.767s] Level 1:colcon.colcon_core.package_identification:_identify(saved_versions/camera_latency_20260812_205620) by extensions ['colcon_pkg']
[0.767s] Level 1:colcon.colcon_core.package_identification:_identify(saved_versions/camera_latency_20260812_205620) by extension 'colcon_pkg'
[0.767s] Level 1:colcon.colcon_core.package_identification:_identify(saved_versions/camera_latency_20260812_205620) by extensions ['colcon_meta']
[0.767s] Level 1:colcon.colcon_core.package_identification:_identify(saved_versions/camera_latency_20260812_205620) by extension 'colcon_meta'
[0.767s] Level 1:colcon.colcon_core.package_identification:_identify(saved_versions/camera_latency_20260812_205620) by extensions ['ros']
[0.767s] Level 1:colcon.colcon_core.package_identification:_identify(saved_versions/camera_latency_20260812_205620) by extension 'ros'
[0.767s] Level 1:colcon.colcon_core.package_identification:_identify(saved_versions/camera_latency_20260812_205620) by extensions ['cmake', 'python']
[0.768s] Level 1:colcon.colcon_core.package_identification:_identify(saved_versions/camera_latency_20260812_205620) by extension 'cmake'
[0.768s] Level 1:colcon.colcon_core.package_identification:_identify(saved_versions/camera_latency_20260812_205620) by extension 'python'
[0.768s] Level 1:colcon.colcon_core.package_identification:_identify(saved_versions/camera_latency_20260812_205620) by extensions ['python_setup_py']
[0.768s] Level 1:colcon.colcon_core.package_identification:_identify(saved_versions/camera_latency_20260812_205620) by extension 'python_setup_py'
[0.768s] Level 1:colcon.colcon_core.package_identification:_identify(saved_versions/codex_audit_backup_20260806_105415) by extensions ['ignore', 'ignore_ament_install']
[0.768s] Level 1:colcon.colcon_core.package_identification:_identify(saved_versions/codex_audit_backup_20260806_105415) by extension 'ignore'
[0.768s] Level 1:colcon.colcon_core.package_identification:_identify(saved_versions/codex_audit_backup_20260806_105415) by extension 'ignore_ament_install'
[0.768s] Level 1:colcon.colcon_core.package_identification:_identify(saved_versions/codex_audit_backup_20260806_105415) by extensions ['colcon_pkg']
[0.768s] Level 1:colcon.colcon_core.package_identification:_identify(saved_versions/codex_audit_backup_20260806_105415) by extension 'colcon_pkg'
[0.769s] Level 1:colcon.colcon_core.package_identification:_identify(saved_versions/codex_audit_backup_20260806_105415) by extensions ['colcon_meta']
[0.769s] Level 1:colcon.colcon_core.package_identification:_identify(saved_versions/codex_audit_backup_20260806_105415) by extension 'colcon_meta'
[0.769s] Level 1:colcon.colcon_core.package_identification:_identify(saved_versions/codex_audit_backup_20260806_105415) by extensions ['ros']
[0.769s] Level 1:colcon.colcon_core.package_identification:_identify(saved_versions/codex_audit_backup_20260806_105415) by extension 'ros'
[0.769s] Level 1:colcon.colcon_core.package_identification:_identify(saved_versions/codex_audit_backup_20260806_105415) by extensions ['cmake', 'python']
[0.769s] Level 1:colcon.colcon_core.package_identification:_identify(saved_versions/codex_audit_backup_20260806_105415) by extension 'cmake'
[0.769s] Level 1:colcon.colcon_core.package_identification:_identify(saved_versions/codex_audit_backup_20260806_105415) by extension 'python'
[0.769s] Level 1:colcon.colcon_core.package_identification:_identify(saved_versions/codex_audit_backup_20260806_105415) by extensions ['python_setup_py']
[0.769s] Level 1:colcon.colcon_core.package_identification:_identify(saved_versions/codex_audit_backup_20260806_105415) by extension 'python_setup_py'
[0.769s] Level 1:colcon.colcon_core.package_identification:_identify(saved_versions/codex_audit_backup_20260806_105415/ros2_test1) by extensions ['ignore', 'ignore_ament_install']
[0.770s] Level 1:colcon.colcon_core.package_identification:_identify(saved_versions/codex_audit_backup_20260806_105415/ros2_test1) by extension 'ignore'
[0.770s] Level 1:colcon.colcon_core.package_identification:_identify(saved_versions/codex_audit_backup_20260806_105415/ros2_test1) by extension 'ignore_ament_install'
[0.770s] Level 1:colcon.colcon_core.package_identification:_identify(saved_versions/codex_audit_backup_20260806_105415/ros2_test1) by extensions ['colcon_pkg']
[0.770s] Level 1:colcon.colcon_core.package_identification:_identify(saved_versions/codex_audit_backup_20260806_105415/ros2_test1) by extension 'colcon_pkg'
[0.770s] Level 1:colcon.colcon_core.package_identification:_identify(saved_versions/codex_audit_backup_20260806_105415/ros2_test1) by extensions ['colcon_meta']
[0.770s] Level 1:colcon.colcon_core.package_identification:_identify(saved_versions/codex_audit_backup_20260806_105415/ros2_test1) by extension 'colcon_meta'
[0.770s] Level 1:colcon.colcon_core.package_identification:_identify(saved_versions/codex_audit_backup_20260806_105415/ros2_test1) by extensions ['ros']
[0.770s] Level 1:colcon.colcon_core.package_identification:_identify(saved_versions/codex_audit_backup_20260806_105415/ros2_test1) by extension 'ros'
[0.770s] Level 1:colcon.colcon_core.package_identification:_identify(saved_versions/codex_audit_backup_20260806_105415/ros2_test1) by extensions ['cmake', 'python']
[0.770s] Level 1:colcon.colcon_core.package_identification:_identify(saved_versions/codex_audit_backup_20260806_105415/ros2_test1) by extension 'cmake'
[0.770s] Level 1:colcon.colcon_core.package_identification:_identify(saved_versions/codex_audit_backup_20260806_105415/ros2_test1) by extension 'python'
[0.770s] Level 1:colcon.colcon_core.package_identification:_identify(saved_versions/codex_audit_backup_20260806_105415/ros2_test1) by extensions ['python_setup_py']
[0.770s] Level 1:colcon.colcon_core.package_identification:_identify(saved_versions/codex_audit_backup_20260806_105415/ros2_test1) by extension 'python_setup_py'
[0.771s] Level 1:colcon.colcon_core.package_identification:_identify(saved_versions/codex_audit_backup_20260806_105415/ros2_test1/ros2_test1) by extensions ['ignore', 'ignore_ament_install']
[0.771s] Level 1:colcon.colcon_core.package_identification:_identify(saved_versions/codex_audit_backup_20260806_105415/ros2_test1/ros2_test1) by extension 'ignore'
[0.771s] Level 1:colcon.colcon_core.package_identification:_identify(saved_versions/codex_audit_backup_20260806_105415/ros2_test1/ros2_test1) by extension 'ignore_ament_install'
[0.771s] Level 1:colcon.colcon_core.package_identification:_identify(saved_versions/codex_audit_backup_20260806_105415/ros2_test1/ros2_test1) by extensions ['colcon_pkg']
[0.771s] Level 1:colcon.colcon_core.package_identification:_identify(saved_versions/codex_audit_backup_20260806_105415/ros2_test1/ros2_test1) by extension 'colcon_pkg'
[0.772s] Level 1:colcon.colcon_core.package_identification:_identify(saved_versions/codex_audit_backup_20260806_105415/ros2_test1/ros2_test1) by extensions ['colcon_meta']
[0.772s] Level 1:colcon.colcon_core.package_identification:_identify(saved_versions/codex_audit_backup_20260806_105415/ros2_test1/ros2_test1) by extension 'colcon_meta'
[0.772s] Level 1:colcon.colcon_core.package_identification:_identify(saved_versions/codex_audit_backup_20260806_105415/ros2_test1/ros2_test1) by extensions ['ros']
[0.772s] Level 1:colcon.colcon_core.package_identification:_identify(saved_versions/codex_audit_backup_20260806_105415/ros2_test1/ros2_test1) by extension 'ros'
[0.772s] Level 1:colcon.colcon_core.package_identification:_identify(saved_versions/codex_audit_backup_20260806_105415/ros2_test1/ros2_test1) by extensions ['cmake', 'python']
[0.772s] Level 1:colcon.colcon_core.package_identification:_identify(saved_versions/codex_audit_backup_20260806_105415/ros2_test1/ros2_test1) by extension 'cmake'
[0.772s] Level 1:colcon.colcon_core.package_identification:_identify(saved_versions/codex_audit_backup_20260806_105415/ros2_test1/ros2_test1) by extension 'python'
[0.772s] Level 1:colcon.colcon_core.package_identification:_identify(saved_versions/codex_audit_backup_20260806_105415/ros2_test1/ros2_test1) by extensions ['python_setup_py']
[0.772s] Level 1:colcon.colcon_core.package_identification:_identify(saved_versions/codex_audit_backup_20260806_105415/ros2_test1/ros2_test1) by extension 'python_setup_py'
[0.772s] Level 1:colcon.colcon_core.package_identification:_identify(saved_versions/codex_final_backup_20260806_105857) by extensions ['ignore', 'ignore_ament_install']
[0.773s] Level 1:colcon.colcon_core.package_identification:_identify(saved_versions/codex_final_backup_20260806_105857) by extension 'ignore'
[0.773s] Level 1:colcon.colcon_core.package_identification:_identify(saved_versions/codex_final_backup_20260806_105857) by extension 'ignore_ament_install'
[0.773s] Level 1:colcon.colcon_core.package_identification:_identify(saved_versions/codex_final_backup_20260806_105857) by extensions ['colcon_pkg']
[0.773s] Level 1:colcon.colcon_core.package_identification:_identify(saved_versions/codex_final_backup_20260806_105857) by extension 'colcon_pkg'
[0.773s] Level 1:colcon.colcon_core.package_identification:_identify(saved_versions/codex_final_backup_20260806_105857) by extensions ['colcon_meta']
[0.773s] Level 1:colcon.colcon_core.package_identification:_identify(saved_versions/codex_final_backup_20260806_105857) by extension 'colcon_meta'
[0.773s] Level 1:colcon.colcon_core.package_identification:_identify(saved_versions/codex_final_backup_20260806_105857) by extensions ['ros']
[0.773s] Level 1:colcon.colcon_core.package_identification:_identify(saved_versions/codex_final_backup_20260806_105857) by extension 'ros'
[0.773s] Level 1:colcon.colcon_core.package_identification:_identify(saved_versions/codex_final_backup_20260806_105857) by extensions ['cmake', 'python']
[0.773s] Level 1:colcon.colcon_core.package_identification:_identify(saved_versions/codex_final_backup_20260806_105857) by extension 'cmake'
[0.773s] Level 1:colcon.colcon_core.package_identification:_identify(saved_versions/codex_final_backup_20260806_105857) by extension 'python'
[0.773s] Level 1:colcon.colcon_core.package_identification:_identify(saved_versions/codex_final_backup_20260806_105857) by extensions ['python_setup_py']
[0.773s] Level 1:colcon.colcon_core.package_identification:_identify(saved_versions/codex_final_backup_20260806_105857) by extension 'python_setup_py'
[0.774s] Level 1:colcon.colcon_core.package_identification:_identify(saved_versions/disc_catch_station1_20260803_081421) by extensions ['ignore', 'ignore_ament_install']
[0.774s] Level 1:colcon.colcon_core.package_identification:_identify(saved_versions/disc_catch_station1_20260803_081421) by extension 'ignore'
[0.774s] Level 1:colcon.colcon_core.package_identification:_identify(saved_versions/disc_catch_station1_20260803_081421) by extension 'ignore_ament_install'
[0.774s] Level 1:colcon.colcon_core.package_identification:_identify(saved_versions/disc_catch_station1_20260803_081421) by extensions ['colcon_pkg']
[0.774s] Level 1:colcon.colcon_core.package_identification:_identify(saved_versions/disc_catch_station1_20260803_081421) by extension 'colcon_pkg'
[0.774s] Level 1:colcon.colcon_core.package_identification:_identify(saved_versions/disc_catch_station1_20260803_081421) by extensions ['colcon_meta']
[0.775s] Level 1:colcon.colcon_core.package_identification:_identify(saved_versions/disc_catch_station1_20260803_081421) by extension 'colcon_meta'
[0.775s] Level 1:colcon.colcon_core.package_identification:_identify(saved_versions/disc_catch_station1_20260803_081421) by extensions ['ros']
[0.775s] Level 1:colcon.colcon_core.package_identification:_identify(saved_versions/disc_catch_station1_20260803_081421) by extension 'ros'
[0.775s] Level 1:colcon.colcon_core.package_identification:_identify(saved_versions/disc_catch_station1_20260803_081421) by extensions ['cmake', 'python']
[0.775s] Level 1:colcon.colcon_core.package_identification:_identify(saved_versions/disc_catch_station1_20260803_081421) by extension 'cmake'
[0.775s] Level 1:colcon.colcon_core.package_identification:_identify(saved_versions/disc_catch_station1_20260803_081421) by extension 'python'
[0.775s] Level 1:colcon.colcon_core.package_identification:_identify(saved_versions/disc_catch_station1_20260803_081421) by extensions ['python_setup_py']
[0.775s] Level 1:colcon.colcon_core.package_identification:_identify(saved_versions/disc_catch_station1_20260803_081421) by extension 'python_setup_py'
[0.776s] Level 1:colcon.colcon_core.package_identification:_identify(saved_versions/disc_pulse_loop_fix_20260812_195439) by extensions ['ignore', 'ignore_ament_install']
[0.776s] Level 1:colcon.colcon_core.package_identification:_identify(saved_versions/disc_pulse_loop_fix_20260812_195439) by extension 'ignore'
[0.776s] Level 1:colcon.colcon_core.package_identification:_identify(saved_versions/disc_pulse_loop_fix_20260812_195439) by extension 'ignore_ament_install'
[0.776s] Level 1:colcon.colcon_core.package_identification:_identify(saved_versions/disc_pulse_loop_fix_20260812_195439) by extensions ['colcon_pkg']
[0.776s] Level 1:colcon.colcon_core.package_identification:_identify(saved_versions/disc_pulse_loop_fix_20260812_195439) by extension 'colcon_pkg'
[0.776s] Level 1:colcon.colcon_core.package_identification:_identify(saved_versions/disc_pulse_loop_fix_20260812_195439) by extensions ['colcon_meta']
[0.776s] Level 1:colcon.colcon_core.package_identification:_identify(saved_versions/disc_pulse_loop_fix_20260812_195439) by extension 'colcon_meta'
[0.776s] Level 1:colcon.colcon_core.package_identification:_identify(saved_versions/disc_pulse_loop_fix_20260812_195439) by extensions ['ros']
[0.776s] Level 1:colcon.colcon_core.package_identification:_identify(saved_versions/disc_pulse_loop_fix_20260812_195439) by extension 'ros'
[0.776s] Level 1:colcon.colcon_core.package_identification:_identify(saved_versions/disc_pulse_loop_fix_20260812_195439) by extensions ['cmake', 'python']
[0.776s] Level 1:colcon.colcon_core.package_identification:_identify(saved_versions/disc_pulse_loop_fix_20260812_195439) by extension 'cmake'
[0.776s] Level 1:colcon.colcon_core.package_identification:_identify(saved_versions/disc_pulse_loop_fix_20260812_195439) by extension 'python'
[0.777s] Level 1:colcon.colcon_core.package_identification:_identify(saved_versions/disc_pulse_loop_fix_20260812_195439) by extensions ['python_setup_py']
[0.777s] Level 1:colcon.colcon_core.package_identification:_identify(saved_versions/disc_pulse_loop_fix_20260812_195439) by extension 'python_setup_py'
[0.777s] Level 1:colcon.colcon_core.package_identification:_identify(saved_versions/disc_repeat_pulse_20260812_183616) by extensions ['ignore', 'ignore_ament_install']
[0.777s] Level 1:colcon.colcon_core.package_identification:_identify(saved_versions/disc_repeat_pulse_20260812_183616) by extension 'ignore'
[0.777s] Level 1:colcon.colcon_core.package_identification:_identify(saved_versions/disc_repeat_pulse_20260812_183616) by extension 'ignore_ament_install'
[0.777s] Level 1:colcon.colcon_core.package_identification:_identify(saved_versions/disc_repeat_pulse_20260812_183616) by extensions ['colcon_pkg']
[0.777s] Level 1:colcon.colcon_core.package_identification:_identify(saved_versions/disc_repeat_pulse_20260812_183616) by extension 'colcon_pkg'
[0.778s] Level 1:colcon.colcon_core.package_identification:_identify(saved_versions/disc_repeat_pulse_20260812_183616) by extensions ['colcon_meta']
[0.778s] Level 1:colcon.colcon_core.package_identification:_identify(saved_versions/disc_repeat_pulse_20260812_183616) by extension 'colcon_meta'
[0.778s] Level 1:colcon.colcon_core.package_identification:_identify(saved_versions/disc_repeat_pulse_20260812_183616) by extensions ['ros']
[0.778s] Level 1:colcon.colcon_core.package_identification:_identify(saved_versions/disc_repeat_pulse_20260812_183616) by extension 'ros'
[0.778s] Level 1:colcon.colcon_core.package_identification:_identify(saved_versions/disc_repeat_pulse_20260812_183616) by extensions ['cmake', 'python']
[0.778s] Level 1:colcon.colcon_core.package_identification:_identify(saved_versions/disc_repeat_pulse_20260812_183616) by extension 'cmake'
[0.778s] Level 1:colcon.colcon_core.package_identification:_identify(saved_versions/disc_repeat_pulse_20260812_183616) by extension 'python'
[0.778s] Level 1:colcon.colcon_core.package_identification:_identify(saved_versions/disc_repeat_pulse_20260812_183616) by extensions ['python_setup_py']
[0.778s] Level 1:colcon.colcon_core.package_identification:_identify(saved_versions/disc_repeat_pulse_20260812_183616) by extension 'python_setup_py'
[0.778s] Level 1:colcon.colcon_core.package_identification:_identify(saved_versions/disc_splitter_settle_1s_20260812_225912) by extensions ['ignore', 'ignore_ament_install']
[0.779s] Level 1:colcon.colcon_core.package_identification:_identify(saved_versions/disc_splitter_settle_1s_20260812_225912) by extension 'ignore'
[0.779s] Level 1:colcon.colcon_core.package_identification:_identify(saved_versions/disc_splitter_settle_1s_20260812_225912) by extension 'ignore_ament_install'
[0.779s] Level 1:colcon.colcon_core.package_identification:_identify(saved_versions/disc_splitter_settle_1s_20260812_225912) by extensions ['colcon_pkg']
[0.779s] Level 1:colcon.colcon_core.package_identification:_identify(saved_versions/disc_splitter_settle_1s_20260812_225912) by extension 'colcon_pkg'
[0.779s] Level 1:colcon.colcon_core.package_identification:_identify(saved_versions/disc_splitter_settle_1s_20260812_225912) by extensions ['colcon_meta']
[0.779s] Level 1:colcon.colcon_core.package_identification:_identify(saved_versions/disc_splitter_settle_1s_20260812_225912) by extension 'colcon_meta'
[0.779s] Level 1:colcon.colcon_core.package_identification:_identify(saved_versions/disc_splitter_settle_1s_20260812_225912) by extensions ['ros']
[0.779s] Level 1:colcon.colcon_core.package_identification:_identify(saved_versions/disc_splitter_settle_1s_20260812_225912) by extension 'ros'
[0.779s] Level 1:colcon.colcon_core.package_identification:_identify(saved_versions/disc_splitter_settle_1s_20260812_225912) by extensions ['cmake', 'python']
[0.779s] Level 1:colcon.colcon_core.package_identification:_identify(saved_versions/disc_splitter_settle_1s_20260812_225912) by extension 'cmake'
[0.779s] Level 1:colcon.colcon_core.package_identification:_identify(saved_versions/disc_splitter_settle_1s_20260812_225912) by extension 'python'
[0.779s] Level 1:colcon.colcon_core.package_identification:_identify(saved_versions/disc_splitter_settle_1s_20260812_225912) by extensions ['python_setup_py']
[0.779s] Level 1:colcon.colcon_core.package_identification:_identify(saved_versions/disc_splitter_settle_1s_20260812_225912) by extension 'python_setup_py'
[0.780s] Level 1:colcon.colcon_core.package_identification:_identify(saved_versions/disc_sync_id4_id7_400ms_20260812_230906) by extensions ['ignore', 'ignore_ament_install']
[0.780s] Level 1:colcon.colcon_core.package_identification:_identify(saved_versions/disc_sync_id4_id7_400ms_20260812_230906) by extension 'ignore'
[0.780s] Level 1:colcon.colcon_core.package_identification:_identify(saved_versions/disc_sync_id4_id7_400ms_20260812_230906) by extension 'ignore_ament_install'
[0.780s] Level 1:colcon.colcon_core.package_identification:_identify(saved_versions/disc_sync_id4_id7_400ms_20260812_230906) by extensions ['colcon_pkg']
[0.780s] Level 1:colcon.colcon_core.package_identification:_identify(saved_versions/disc_sync_id4_id7_400ms_20260812_230906) by extension 'colcon_pkg'
[0.781s] Level 1:colcon.colcon_core.package_identification:_identify(saved_versions/disc_sync_id4_id7_400ms_20260812_230906) by extensions ['colcon_meta']
[0.781s] Level 1:colcon.colcon_core.package_identification:_identify(saved_versions/disc_sync_id4_id7_400ms_20260812_230906) by extension 'colcon_meta'
[0.781s] Level 1:colcon.colcon_core.package_identification:_identify(saved_versions/disc_sync_id4_id7_400ms_20260812_230906) by extensions ['ros']
[0.781s] Level 1:colcon.colcon_core.package_identification:_identify(saved_versions/disc_sync_id4_id7_400ms_20260812_230906) by extension 'ros'
[0.781s] Level 1:colcon.colcon_core.package_identification:_identify(saved_versions/disc_sync_id4_id7_400ms_20260812_230906) by extensions ['cmake', 'python']
[0.781s] Level 1:colcon.colcon_core.package_identification:_identify(saved_versions/disc_sync_id4_id7_400ms_20260812_230906) by extension 'cmake'
[0.781s] Level 1:colcon.colcon_core.package_identification:_identify(saved_versions/disc_sync_id4_id7_400ms_20260812_230906) by extension 'python'
[0.781s] Level 1:colcon.colcon_core.package_identification:_identify(saved_versions/disc_sync_id4_id7_400ms_20260812_230906) by extensions ['python_setup_py']
[0.781s] Level 1:colcon.colcon_core.package_identification:_identify(saved_versions/disc_sync_id4_id7_400ms_20260812_230906) by extension 'python_setup_py'
[0.782s] Level 1:colcon.colcon_core.package_identification:_identify(saved_versions/fix_rk_chassis_profile_20260813_053053) by extensions ['ignore', 'ignore_ament_install']
[0.782s] Level 1:colcon.colcon_core.package_identification:_identify(saved_versions/fix_rk_chassis_profile_20260813_053053) by extension 'ignore'
[0.782s] Level 1:colcon.colcon_core.package_identification:_identify(saved_versions/fix_rk_chassis_profile_20260813_053053) by extension 'ignore_ament_install'
[0.782s] Level 1:colcon.colcon_core.package_identification:_identify(saved_versions/fix_rk_chassis_profile_20260813_053053) by extensions ['colcon_pkg']
[0.782s] Level 1:colcon.colcon_core.package_identification:_identify(saved_versions/fix_rk_chassis_profile_20260813_053053) by extension 'colcon_pkg'
[0.782s] Level 1:colcon.colcon_core.package_identification:_identify(saved_versions/fix_rk_chassis_profile_20260813_053053) by extensions ['colcon_meta']
[0.782s] Level 1:colcon.colcon_core.package_identification:_identify(saved_versions/fix_rk_chassis_profile_20260813_053053) by extension 'colcon_meta'
[0.783s] Level 1:colcon.colcon_core.package_identification:_identify(saved_versions/fix_rk_chassis_profile_20260813_053053) by extensions ['ros']
[0.783s] Level 1:colcon.colcon_core.package_identification:_identify(saved_versions/fix_rk_chassis_profile_20260813_053053) by extension 'ros'
[0.783s] Level 1:colcon.colcon_core.package_identification:_identify(saved_versions/fix_rk_chassis_profile_20260813_053053) by extensions ['cmake', 'python']
[0.783s] Level 1:colcon.colcon_core.package_identification:_identify(saved_versions/fix_rk_chassis_profile_20260813_053053) by extension 'cmake'
[0.783s] Level 1:colcon.colcon_core.package_identification:_identify(saved_versions/fix_rk_chassis_profile_20260813_053053) by extension 'python'
[0.783s] Level 1:colcon.colcon_core.package_identification:_identify(saved_versions/fix_rk_chassis_profile_20260813_053053) by extensions ['python_setup_py']
[0.783s] Level 1:colcon.colcon_core.package_identification:_identify(saved_versions/fix_rk_chassis_profile_20260813_053053) by extension 'python_setup_py'
[0.783s] Level 1:colcon.colcon_core.package_identification:_identify(saved_versions/fix_rk_chassis_profile_20260813_053053/ros2_test1) by extensions ['ignore', 'ignore_ament_install']
[0.784s] Level 1:colcon.colcon_core.package_identification:_identify(saved_versions/fix_rk_chassis_profile_20260813_053053/ros2_test1) by extension 'ignore'
[0.784s] Level 1:colcon.colcon_core.package_identification:_identify(saved_versions/fix_rk_chassis_profile_20260813_053053/ros2_test1) by extension 'ignore_ament_install'
[0.784s] Level 1:colcon.colcon_core.package_identification:_identify(saved_versions/fix_rk_chassis_profile_20260813_053053/ros2_test1) by extensions ['colcon_pkg']
[0.784s] Level 1:colcon.colcon_core.package_identification:_identify(saved_versions/fix_rk_chassis_profile_20260813_053053/ros2_test1) by extension 'colcon_pkg'
[0.784s] Level 1:colcon.colcon_core.package_identification:_identify(saved_versions/fix_rk_chassis_profile_20260813_053053/ros2_test1) by extensions ['colcon_meta']
[0.784s] Level 1:colcon.colcon_core.package_identification:_identify(saved_versions/fix_rk_chassis_profile_20260813_053053/ros2_test1) by extension 'colcon_meta'
[0.784s] Level 1:colcon.colcon_core.package_identification:_identify(saved_versions/fix_rk_chassis_profile_20260813_053053/ros2_test1) by extensions ['ros']
[0.784s] Level 1:colcon.colcon_core.package_identification:_identify(saved_versions/fix_rk_chassis_profile_20260813_053053/ros2_test1) by extension 'ros'
[0.784s] Level 1:colcon.colcon_core.package_identification:_identify(saved_versions/fix_rk_chassis_profile_20260813_053053/ros2_test1) by extensions ['cmake', 'python']
[0.784s] Level 1:colcon.colcon_core.package_identification:_identify(saved_versions/fix_rk_chassis_profile_20260813_053053/ros2_test1) by extension 'cmake'
[0.784s] Level 1:colcon.colcon_core.package_identification:_identify(saved_versions/fix_rk_chassis_profile_20260813_053053/ros2_test1) by extension 'python'
[0.784s] Level 1:colcon.colcon_core.package_identification:_identify(saved_versions/fix_rk_chassis_profile_20260813_053053/ros2_test1) by extensions ['python_setup_py']
[0.784s] Level 1:colcon.colcon_core.package_identification:_identify(saved_versions/fix_rk_chassis_profile_20260813_053053/ros2_test1) by extension 'python_setup_py'
[0.785s] Level 1:colcon.colcon_core.package_identification:_identify(saved_versions/fix_rk_chassis_profile_20260813_053053/ros2_test1/ros2_test1) by extensions ['ignore', 'ignore_ament_install']
[0.785s] Level 1:colcon.colcon_core.package_identification:_identify(saved_versions/fix_rk_chassis_profile_20260813_053053/ros2_test1/ros2_test1) by extension 'ignore'
[0.785s] Level 1:colcon.colcon_core.package_identification:_identify(saved_versions/fix_rk_chassis_profile_20260813_053053/ros2_test1/ros2_test1) by extension 'ignore_ament_install'
[0.785s] Level 1:colcon.colcon_core.package_identification:_identify(saved_versions/fix_rk_chassis_profile_20260813_053053/ros2_test1/ros2_test1) by extensions ['colcon_pkg']
[0.785s] Level 1:colcon.colcon_core.package_identification:_identify(saved_versions/fix_rk_chassis_profile_20260813_053053/ros2_test1/ros2_test1) by extension 'colcon_pkg'
[0.785s] Level 1:colcon.colcon_core.package_identification:_identify(saved_versions/fix_rk_chassis_profile_20260813_053053/ros2_test1/ros2_test1) by extensions ['colcon_meta']
[0.785s] Level 1:colcon.colcon_core.package_identification:_identify(saved_versions/fix_rk_chassis_profile_20260813_053053/ros2_test1/ros2_test1) by extension 'colcon_meta'
[0.785s] Level 1:colcon.colcon_core.package_identification:_identify(saved_versions/fix_rk_chassis_profile_20260813_053053/ros2_test1/ros2_test1) by extensions ['ros']
[0.785s] Level 1:colcon.colcon_core.package_identification:_identify(saved_versions/fix_rk_chassis_profile_20260813_053053/ros2_test1/ros2_test1) by extension 'ros'
[0.786s] Level 1:colcon.colcon_core.package_identification:_identify(saved_versions/fix_rk_chassis_profile_20260813_053053/ros2_test1/ros2_test1) by extensions ['cmake', 'python']
[0.786s] Level 1:colcon.colcon_core.package_identification:_identify(saved_versions/fix_rk_chassis_profile_20260813_053053/ros2_test1/ros2_test1) by extension 'cmake'
[0.786s] Level 1:colcon.colcon_core.package_identification:_identify(saved_versions/fix_rk_chassis_profile_20260813_053053/ros2_test1/ros2_test1) by extension 'python'
[0.786s] Level 1:colcon.colcon_core.package_identification:_identify(saved_versions/fix_rk_chassis_profile_20260813_053053/ros2_test1/ros2_test1) by extensions ['python_setup_py']
[0.786s] Level 1:colcon.colcon_core.package_identification:_identify(saved_versions/fix_rk_chassis_profile_20260813_053053/ros2_test1/ros2_test1) by extension 'python_setup_py'
[0.788s] Level 1:colcon.colcon_core.package_identification:_identify(saved_versions/formal_sync_20260802_170858) by extensions ['ignore', 'ignore_ament_install']
[0.789s] Level 1:colcon.colcon_core.package_identification:_identify(saved_versions/formal_sync_20260802_170858) by extension 'ignore'
[0.789s] Level 1:colcon.colcon_core.package_identification:_identify(saved_versions/formal_sync_20260802_170858) by extension 'ignore_ament_install'
[0.789s] Level 1:colcon.colcon_core.package_identification:_identify(saved_versions/formal_sync_20260802_170858) by extensions ['colcon_pkg']
[0.789s] Level 1:colcon.colcon_core.package_identification:_identify(saved_versions/formal_sync_20260802_170858) by extension 'colcon_pkg'
[0.789s] Level 1:colcon.colcon_core.package_identification:_identify(saved_versions/formal_sync_20260802_170858) by extensions ['colcon_meta']
[0.789s] Level 1:colcon.colcon_core.package_identification:_identify(saved_versions/formal_sync_20260802_170858) by extension 'colcon_meta'
[0.789s] Level 1:colcon.colcon_core.package_identification:_identify(saved_versions/formal_sync_20260802_170858) by extensions ['ros']
[0.789s] Level 1:colcon.colcon_core.package_identification:_identify(saved_versions/formal_sync_20260802_170858) by extension 'ros'
[0.789s] Level 1:colcon.colcon_core.package_identification:_identify(saved_versions/formal_sync_20260802_170858) by extensions ['cmake', 'python']
[0.789s] Level 1:colcon.colcon_core.package_identification:_identify(saved_versions/formal_sync_20260802_170858) by extension 'cmake'
[0.789s] Level 1:colcon.colcon_core.package_identification:_identify(saved_versions/formal_sync_20260802_170858) by extension 'python'
[0.789s] Level 1:colcon.colcon_core.package_identification:_identify(saved_versions/formal_sync_20260802_170858) by extensions ['python_setup_py']
[0.789s] Level 1:colcon.colcon_core.package_identification:_identify(saved_versions/formal_sync_20260802_170858) by extension 'python_setup_py'
[0.790s] Level 1:colcon.colcon_core.package_identification:_identify(saved_versions/home_baseline_20260803_075203) by extensions ['ignore', 'ignore_ament_install']
[0.790s] Level 1:colcon.colcon_core.package_identification:_identify(saved_versions/home_baseline_20260803_075203) by extension 'ignore'
[0.790s] Level 1:colcon.colcon_core.package_identification:_identify(saved_versions/home_baseline_20260803_075203) by extension 'ignore_ament_install'
[0.790s] Level 1:colcon.colcon_core.package_identification:_identify(saved_versions/home_baseline_20260803_075203) by extensions ['colcon_pkg']
[0.790s] Level 1:colcon.colcon_core.package_identification:_identify(saved_versions/home_baseline_20260803_075203) by extension 'colcon_pkg'
[0.790s] Level 1:colcon.colcon_core.package_identification:_identify(saved_versions/home_baseline_20260803_075203) by extensions ['colcon_meta']
[0.791s] Level 1:colcon.colcon_core.package_identification:_identify(saved_versions/home_baseline_20260803_075203) by extension 'colcon_meta'
[0.791s] Level 1:colcon.colcon_core.package_identification:_identify(saved_versions/home_baseline_20260803_075203) by extensions ['ros']
[0.791s] Level 1:colcon.colcon_core.package_identification:_identify(saved_versions/home_baseline_20260803_075203) by extension 'ros'
[0.791s] Level 1:colcon.colcon_core.package_identification:_identify(saved_versions/home_baseline_20260803_075203) by extensions ['cmake', 'python']
[0.791s] Level 1:colcon.colcon_core.package_identification:_identify(saved_versions/home_baseline_20260803_075203) by extension 'cmake'
[0.791s] Level 1:colcon.colcon_core.package_identification:_identify(saved_versions/home_baseline_20260803_075203) by extension 'python'
[0.791s] Level 1:colcon.colcon_core.package_identification:_identify(saved_versions/home_baseline_20260803_075203) by extensions ['python_setup_py']
[0.791s] Level 1:colcon.colcon_core.package_identification:_identify(saved_versions/home_baseline_20260803_075203) by extension 'python_setup_py'
[0.792s] Level 1:colcon.colcon_core.package_identification:_identify(saved_versions/id7_gripper_fast_20260812_225205) by extensions ['ignore', 'ignore_ament_install']
[0.792s] Level 1:colcon.colcon_core.package_identification:_identify(saved_versions/id7_gripper_fast_20260812_225205) by extension 'ignore'
[0.792s] Level 1:colcon.colcon_core.package_identification:_identify(saved_versions/id7_gripper_fast_20260812_225205) by extension 'ignore_ament_install'
[0.792s] Level 1:colcon.colcon_core.package_identification:_identify(saved_versions/id7_gripper_fast_20260812_225205) by extensions ['colcon_pkg']
[0.792s] Level 1:colcon.colcon_core.package_identification:_identify(saved_versions/id7_gripper_fast_20260812_225205) by extension 'colcon_pkg'
[0.792s] Level 1:colcon.colcon_core.package_identification:_identify(saved_versions/id7_gripper_fast_20260812_225205) by extensions ['colcon_meta']
[0.792s] Level 1:colcon.colcon_core.package_identification:_identify(saved_versions/id7_gripper_fast_20260812_225205) by extension 'colcon_meta'
[0.792s] Level 1:colcon.colcon_core.package_identification:_identify(saved_versions/id7_gripper_fast_20260812_225205) by extensions ['ros']
[0.793s] Level 1:colcon.colcon_core.package_identification:_identify(saved_versions/id7_gripper_fast_20260812_225205) by extension 'ros'
[0.793s] Level 1:colcon.colcon_core.package_identification:_identify(saved_versions/id7_gripper_fast_20260812_225205) by extensions ['cmake', 'python']
[0.793s] Level 1:colcon.colcon_core.package_identification:_identify(saved_versions/id7_gripper_fast_20260812_225205) by extension 'cmake'
[0.793s] Level 1:colcon.colcon_core.package_identification:_identify(saved_versions/id7_gripper_fast_20260812_225205) by extension 'python'
[0.793s] Level 1:colcon.colcon_core.package_identification:_identify(saved_versions/id7_gripper_fast_20260812_225205) by extensions ['python_setup_py']
[0.793s] Level 1:colcon.colcon_core.package_identification:_identify(saved_versions/id7_gripper_fast_20260812_225205) by extension 'python_setup_py'
[0.794s] Level 1:colcon.colcon_core.package_identification:_identify(saved_versions/id7_gripper_speed_20260812_182929) by extensions ['ignore', 'ignore_ament_install']
[0.794s] Level 1:colcon.colcon_core.package_identification:_identify(saved_versions/id7_gripper_speed_20260812_182929) by extension 'ignore'
[0.795s] Level 1:colcon.colcon_core.package_identification:_identify(saved_versions/id7_gripper_speed_20260812_182929) by extension 'ignore_ament_install'
[0.795s] Level 1:colcon.colcon_core.package_identification:_identify(saved_versions/id7_gripper_speed_20260812_182929) by extensions ['colcon_pkg']
[0.795s] Level 1:colcon.colcon_core.package_identification:_identify(saved_versions/id7_gripper_speed_20260812_182929) by extension 'colcon_pkg'
[0.795s] Level 1:colcon.colcon_core.package_identification:_identify(saved_versions/id7_gripper_speed_20260812_182929) by extensions ['colcon_meta']
[0.795s] Level 1:colcon.colcon_core.package_identification:_identify(saved_versions/id7_gripper_speed_20260812_182929) by extension 'colcon_meta'
[0.795s] Level 1:colcon.colcon_core.package_identification:_identify(saved_versions/id7_gripper_speed_20260812_182929) by extensions ['ros']
[0.796s] Level 1:colcon.colcon_core.package_identification:_identify(saved_versions/id7_gripper_speed_20260812_182929) by extension 'ros'
[0.796s] Level 1:colcon.colcon_core.package_identification:_identify(saved_versions/id7_gripper_speed_20260812_182929) by extensions ['cmake', 'python']
[0.796s] Level 1:colcon.colcon_core.package_identification:_identify(saved_versions/id7_gripper_speed_20260812_182929) by extension 'cmake'
[0.796s] Level 1:colcon.colcon_core.package_identification:_identify(saved_versions/id7_gripper_speed_20260812_182929) by extension 'python'
[0.796s] Level 1:colcon.colcon_core.package_identification:_identify(saved_versions/id7_gripper_speed_20260812_182929) by extensions ['python_setup_py']
[0.796s] Level 1:colcon.colcon_core.package_identification:_identify(saved_versions/id7_gripper_speed_20260812_182929) by extension 'python_setup_py'
[0.796s] Level 1:colcon.colcon_core.package_identification:_identify(saved_versions/rk_direct_saved_20260725_vision_grasp) by extensions ['ignore', 'ignore_ament_install']
[0.797s] Level 1:colcon.colcon_core.package_identification:_identify(saved_versions/rk_direct_saved_20260725_vision_grasp) by extension 'ignore'
[0.797s] Level 1:colcon.colcon_core.package_identification:_identify(saved_versions/rk_direct_saved_20260725_vision_grasp) by extension 'ignore_ament_install'
[0.797s] Level 1:colcon.colcon_core.package_identification:_identify(saved_versions/rk_direct_saved_20260725_vision_grasp) by extensions ['colcon_pkg']
[0.797s] Level 1:colcon.colcon_core.package_identification:_identify(saved_versions/rk_direct_saved_20260725_vision_grasp) by extension 'colcon_pkg'
[0.797s] Level 1:colcon.colcon_core.package_identification:_identify(saved_versions/rk_direct_saved_20260725_vision_grasp) by extensions ['colcon_meta']
[0.797s] Level 1:colcon.colcon_core.package_identification:_identify(saved_versions/rk_direct_saved_20260725_vision_grasp) by extension 'colcon_meta'
[0.797s] Level 1:colcon.colcon_core.package_identification:_identify(saved_versions/rk_direct_saved_20260725_vision_grasp) by extensions ['ros']
[0.797s] Level 1:colcon.colcon_core.package_identification:_identify(saved_versions/rk_direct_saved_20260725_vision_grasp) by extension 'ros'
[0.797s] Level 1:colcon.colcon_core.package_identification:_identify(saved_versions/rk_direct_saved_20260725_vision_grasp) by extensions ['cmake', 'python']
[0.797s] Level 1:colcon.colcon_core.package_identification:_identify(saved_versions/rk_direct_saved_20260725_vision_grasp) by extension 'cmake'
[0.797s] Level 1:colcon.colcon_core.package_identification:_identify(saved_versions/rk_direct_saved_20260725_vision_grasp) by extension 'python'
[0.797s] Level 1:colcon.colcon_core.package_identification:_identify(saved_versions/rk_direct_saved_20260725_vision_grasp) by extensions ['python_setup_py']
[0.797s] Level 1:colcon.colcon_core.package_identification:_identify(saved_versions/rk_direct_saved_20260725_vision_grasp) by extension 'python_setup_py'
[0.798s] Level 1:colcon.colcon_core.package_identification:_identify(saved_versions/rk_h7_review_incremental_20260809_001640) by extensions ['ignore', 'ignore_ament_install']
[0.798s] Level 1:colcon.colcon_core.package_identification:_identify(saved_versions/rk_h7_review_incremental_20260809_001640) by extension 'ignore'
[0.798s] Level 1:colcon.colcon_core.package_identification:_identify(saved_versions/rk_h7_review_incremental_20260809_001640) by extension 'ignore_ament_install'
[0.799s] Level 1:colcon.colcon_core.package_identification:_identify(saved_versions/rk_h7_review_incremental_20260809_001640) by extensions ['colcon_pkg']
[0.799s] Level 1:colcon.colcon_core.package_identification:_identify(saved_versions/rk_h7_review_incremental_20260809_001640) by extension 'colcon_pkg'
[0.799s] Level 1:colcon.colcon_core.package_identification:_identify(saved_versions/rk_h7_review_incremental_20260809_001640) by extensions ['colcon_meta']
[0.799s] Level 1:colcon.colcon_core.package_identification:_identify(saved_versions/rk_h7_review_incremental_20260809_001640) by extension 'colcon_meta'
[0.799s] Level 1:colcon.colcon_core.package_identification:_identify(saved_versions/rk_h7_review_incremental_20260809_001640) by extensions ['ros']
[0.799s] Level 1:colcon.colcon_core.package_identification:_identify(saved_versions/rk_h7_review_incremental_20260809_001640) by extension 'ros'
[0.799s] Level 1:colcon.colcon_core.package_identification:_identify(saved_versions/rk_h7_review_incremental_20260809_001640) by extensions ['cmake', 'python']
[0.799s] Level 1:colcon.colcon_core.package_identification:_identify(saved_versions/rk_h7_review_incremental_20260809_001640) by extension 'cmake'
[0.799s] Level 1:colcon.colcon_core.package_identification:_identify(saved_versions/rk_h7_review_incremental_20260809_001640) by extension 'python'
[0.799s] Level 1:colcon.colcon_core.package_identification:_identify(saved_versions/rk_h7_review_incremental_20260809_001640) by extensions ['python_setup_py']
[0.799s] Level 1:colcon.colcon_core.package_identification:_identify(saved_versions/rk_h7_review_incremental_20260809_001640) by extension 'python_setup_py'
[0.800s] Level 1:colcon.colcon_core.package_identification:_identify(saved_versions/rk_h7_review_incremental_20260809_001640/ros2_test1) by extensions ['ignore', 'ignore_ament_install']
[0.800s] Level 1:colcon.colcon_core.package_identification:_identify(saved_versions/rk_h7_review_incremental_20260809_001640/ros2_test1) by extension 'ignore'
[0.800s] Level 1:colcon.colcon_core.package_identification:_identify(saved_versions/rk_h7_review_incremental_20260809_001640/ros2_test1) by extension 'ignore_ament_install'
[0.800s] Level 1:colcon.colcon_core.package_identification:_identify(saved_versions/rk_h7_review_incremental_20260809_001640/ros2_test1) by extensions ['colcon_pkg']
[0.800s] Level 1:colcon.colcon_core.package_identification:_identify(saved_versions/rk_h7_review_incremental_20260809_001640/ros2_test1) by extension 'colcon_pkg'
[0.800s] Level 1:colcon.colcon_core.package_identification:_identify(saved_versions/rk_h7_review_incremental_20260809_001640/ros2_test1) by extensions ['colcon_meta']
[0.800s] Level 1:colcon.colcon_core.package_identification:_identify(saved_versions/rk_h7_review_incremental_20260809_001640/ros2_test1) by extension 'colcon_meta'
[0.800s] Level 1:colcon.colcon_core.package_identification:_identify(saved_versions/rk_h7_review_incremental_20260809_001640/ros2_test1) by extensions ['ros']
[0.800s] Level 1:colcon.colcon_core.package_identification:_identify(saved_versions/rk_h7_review_incremental_20260809_001640/ros2_test1) by extension 'ros'
[0.800s] Level 1:colcon.colcon_core.package_identification:_identify(saved_versions/rk_h7_review_incremental_20260809_001640/ros2_test1) by extensions ['cmake', 'python']
[0.800s] Level 1:colcon.colcon_core.package_identification:_identify(saved_versions/rk_h7_review_incremental_20260809_001640/ros2_test1) by extension 'cmake'
[0.800s] Level 1:colcon.colcon_core.package_identification:_identify(saved_versions/rk_h7_review_incremental_20260809_001640/ros2_test1) by extension 'python'
[0.801s] Level 1:colcon.colcon_core.package_identification:_identify(saved_versions/rk_h7_review_incremental_20260809_001640/ros2_test1) by extensions ['python_setup_py']
[0.801s] Level 1:colcon.colcon_core.package_identification:_identify(saved_versions/rk_h7_review_incremental_20260809_001640/ros2_test1) by extension 'python_setup_py'
[0.801s] Level 1:colcon.colcon_core.package_identification:_identify(saved_versions/rk_h7_review_incremental_20260809_001640/ros2_test1/ros2_test1) by extensions ['ignore', 'ignore_ament_install']
[0.801s] Level 1:colcon.colcon_core.package_identification:_identify(saved_versions/rk_h7_review_incremental_20260809_001640/ros2_test1/ros2_test1) by extension 'ignore'
[0.801s] Level 1:colcon.colcon_core.package_identification:_identify(saved_versions/rk_h7_review_incremental_20260809_001640/ros2_test1/ros2_test1) by extension 'ignore_ament_install'
[0.801s] Level 1:colcon.colcon_core.package_identification:_identify(saved_versions/rk_h7_review_incremental_20260809_001640/ros2_test1/ros2_test1) by extensions ['colcon_pkg']
[0.801s] Level 1:colcon.colcon_core.package_identification:_identify(saved_versions/rk_h7_review_incremental_20260809_001640/ros2_test1/ros2_test1) by extension 'colcon_pkg'
[0.801s] Level 1:colcon.colcon_core.package_identification:_identify(saved_versions/rk_h7_review_incremental_20260809_001640/ros2_test1/ros2_test1) by extensions ['colcon_meta']
[0.802s] Level 1:colcon.colcon_core.package_identification:_identify(saved_versions/rk_h7_review_incremental_20260809_001640/ros2_test1/ros2_test1) by extension 'colcon_meta'
[0.802s] Level 1:colcon.colcon_core.package_identification:_identify(saved_versions/rk_h7_review_incremental_20260809_001640/ros2_test1/ros2_test1) by extensions ['ros']
[0.802s] Level 1:colcon.colcon_core.package_identification:_identify(saved_versions/rk_h7_review_incremental_20260809_001640/ros2_test1/ros2_test1) by extension 'ros'
[0.802s] Level 1:colcon.colcon_core.package_identification:_identify(saved_versions/rk_h7_review_incremental_20260809_001640/ros2_test1/ros2_test1) by extensions ['cmake', 'python']
[0.802s] Level 1:colcon.colcon_core.package_identification:_identify(saved_versions/rk_h7_review_incremental_20260809_001640/ros2_test1/ros2_test1) by extension 'cmake'
[0.802s] Level 1:colcon.colcon_core.package_identification:_identify(saved_versions/rk_h7_review_incremental_20260809_001640/ros2_test1/ros2_test1) by extension 'python'
[0.802s] Level 1:colcon.colcon_core.package_identification:_identify(saved_versions/rk_h7_review_incremental_20260809_001640/ros2_test1/ros2_test1) by extensions ['python_setup_py']
[0.802s] Level 1:colcon.colcon_core.package_identification:_identify(saved_versions/rk_h7_review_incremental_20260809_001640/ros2_test1/ros2_test1) by extension 'python_setup_py'
[0.803s] Level 1:colcon.colcon_core.package_identification:_identify(saved_versions/rk_h7_review_incremental_20260809_001640/ros2_test1/test) by extensions ['ignore', 'ignore_ament_install']
[0.803s] Level 1:colcon.colcon_core.package_identification:_identify(saved_versions/rk_h7_review_incremental_20260809_001640/ros2_test1/test) by extension 'ignore'
[0.803s] Level 1:colcon.colcon_core.package_identification:_identify(saved_versions/rk_h7_review_incremental_20260809_001640/ros2_test1/test) by extension 'ignore_ament_install'
[0.803s] Level 1:colcon.colcon_core.package_identification:_identify(saved_versions/rk_h7_review_incremental_20260809_001640/ros2_test1/test) by extensions ['colcon_pkg']
[0.803s] Level 1:colcon.colcon_core.package_identification:_identify(saved_versions/rk_h7_review_incremental_20260809_001640/ros2_test1/test) by extension 'colcon_pkg'
[0.803s] Level 1:colcon.colcon_core.package_identification:_identify(saved_versions/rk_h7_review_incremental_20260809_001640/ros2_test1/test) by extensions ['colcon_meta']
[0.803s] Level 1:colcon.colcon_core.package_identification:_identify(saved_versions/rk_h7_review_incremental_20260809_001640/ros2_test1/test) by extension 'colcon_meta'
[0.803s] Level 1:colcon.colcon_core.package_identification:_identify(saved_versions/rk_h7_review_incremental_20260809_001640/ros2_test1/test) by extensions ['ros']
[0.803s] Level 1:colcon.colcon_core.package_identification:_identify(saved_versions/rk_h7_review_incremental_20260809_001640/ros2_test1/test) by extension 'ros'
[0.803s] Level 1:colcon.colcon_core.package_identification:_identify(saved_versions/rk_h7_review_incremental_20260809_001640/ros2_test1/test) by extensions ['cmake', 'python']
[0.803s] Level 1:colcon.colcon_core.package_identification:_identify(saved_versions/rk_h7_review_incremental_20260809_001640/ros2_test1/test) by extension 'cmake'
[0.803s] Level 1:colcon.colcon_core.package_identification:_identify(saved_versions/rk_h7_review_incremental_20260809_001640/ros2_test1/test) by extension 'python'
[0.804s] Level 1:colcon.colcon_core.package_identification:_identify(saved_versions/rk_h7_review_incremental_20260809_001640/ros2_test1/test) by extensions ['python_setup_py']
[0.804s] Level 1:colcon.colcon_core.package_identification:_identify(saved_versions/rk_h7_review_incremental_20260809_001640/ros2_test1/test) by extension 'python_setup_py'
[0.805s] Level 1:colcon.colcon_core.package_identification:_identify(saved_versions/rk_h7_review_rc_removed) by extensions ['ignore', 'ignore_ament_install']
[0.805s] Level 1:colcon.colcon_core.package_identification:_identify(saved_versions/rk_h7_review_rc_removed) by extension 'ignore'
[0.805s] Level 1:colcon.colcon_core.package_identification:_identify(saved_versions/rk_h7_review_rc_removed) by extension 'ignore_ament_install'
[0.805s] Level 1:colcon.colcon_core.package_identification:_identify(saved_versions/rk_h7_review_rc_removed) by extensions ['colcon_pkg']
[0.805s] Level 1:colcon.colcon_core.package_identification:_identify(saved_versions/rk_h7_review_rc_removed) by extension 'colcon_pkg'
[0.805s] Level 1:colcon.colcon_core.package_identification:_identify(saved_versions/rk_h7_review_rc_removed) by extensions ['colcon_meta']
[0.805s] Level 1:colcon.colcon_core.package_identification:_identify(saved_versions/rk_h7_review_rc_removed) by extension 'colcon_meta'
[0.805s] Level 1:colcon.colcon_core.package_identification:_identify(saved_versions/rk_h7_review_rc_removed) by extensions ['ros']
[0.806s] Level 1:colcon.colcon_core.package_identification:_identify(saved_versions/rk_h7_review_rc_removed) by extension 'ros'
[0.806s] Level 1:colcon.colcon_core.package_identification:_identify(saved_versions/rk_h7_review_rc_removed) by extensions ['cmake', 'python']
[0.806s] Level 1:colcon.colcon_core.package_identification:_identify(saved_versions/rk_h7_review_rc_removed) by extension 'cmake'
[0.806s] Level 1:colcon.colcon_core.package_identification:_identify(saved_versions/rk_h7_review_rc_removed) by extension 'python'
[0.806s] Level 1:colcon.colcon_core.package_identification:_identify(saved_versions/rk_h7_review_rc_removed) by extensions ['python_setup_py']
[0.806s] Level 1:colcon.colcon_core.package_identification:_identify(saved_versions/rk_h7_review_rc_removed) by extension 'python_setup_py'
[0.806s] Level 1:colcon.colcon_core.package_identification:_identify(saved_versions/rk_h7_review_ready_guard_20260809_002216) by extensions ['ignore', 'ignore_ament_install']
[0.807s] Level 1:colcon.colcon_core.package_identification:_identify(saved_versions/rk_h7_review_ready_guard_20260809_002216) by extension 'ignore'
[0.807s] Level 1:colcon.colcon_core.package_identification:_identify(saved_versions/rk_h7_review_ready_guard_20260809_002216) by extension 'ignore_ament_install'
[0.807s] Level 1:colcon.colcon_core.package_identification:_identify(saved_versions/rk_h7_review_ready_guard_20260809_002216) by extensions ['colcon_pkg']
[0.807s] Level 1:colcon.colcon_core.package_identification:_identify(saved_versions/rk_h7_review_ready_guard_20260809_002216) by extension 'colcon_pkg'
[0.807s] Level 1:colcon.colcon_core.package_identification:_identify(saved_versions/rk_h7_review_ready_guard_20260809_002216) by extensions ['colcon_meta']
[0.807s] Level 1:colcon.colcon_core.package_identification:_identify(saved_versions/rk_h7_review_ready_guard_20260809_002216) by extension 'colcon_meta'
[0.807s] Level 1:colcon.colcon_core.package_identification:_identify(saved_versions/rk_h7_review_ready_guard_20260809_002216) by extensions ['ros']
[0.807s] Level 1:colcon.colcon_core.package_identification:_identify(saved_versions/rk_h7_review_ready_guard_20260809_002216) by extension 'ros'
[0.807s] Level 1:colcon.colcon_core.package_identification:_identify(saved_versions/rk_h7_review_ready_guard_20260809_002216) by extensions ['cmake', 'python']
[0.807s] Level 1:colcon.colcon_core.package_identification:_identify(saved_versions/rk_h7_review_ready_guard_20260809_002216) by extension 'cmake'
[0.807s] Level 1:colcon.colcon_core.package_identification:_identify(saved_versions/rk_h7_review_ready_guard_20260809_002216) by extension 'python'
[0.808s] Level 1:colcon.colcon_core.package_identification:_identify(saved_versions/rk_h7_review_ready_guard_20260809_002216) by extensions ['python_setup_py']
[0.808s] Level 1:colcon.colcon_core.package_identification:_identify(saved_versions/rk_h7_review_ready_guard_20260809_002216) by extension 'python_setup_py'
[0.809s] Level 1:colcon.colcon_core.package_identification:_identify(saved_versions/rk_h7_review_ready_guard_20260809_002216/ros2_test1) by extensions ['ignore', 'ignore_ament_install']
[0.810s] Level 1:colcon.colcon_core.package_identification:_identify(saved_versions/rk_h7_review_ready_guard_20260809_002216/ros2_test1) by extension 'ignore'
[0.810s] Level 1:colcon.colcon_core.package_identification:_identify(saved_versions/rk_h7_review_ready_guard_20260809_002216/ros2_test1) by extension 'ignore_ament_install'
[0.810s] Level 1:colcon.colcon_core.package_identification:_identify(saved_versions/rk_h7_review_ready_guard_20260809_002216/ros2_test1) by extensions ['colcon_pkg']
[0.810s] Level 1:colcon.colcon_core.package_identification:_identify(saved_versions/rk_h7_review_ready_guard_20260809_002216/ros2_test1) by extension 'colcon_pkg'
[0.810s] Level 1:colcon.colcon_core.package_identification:_identify(saved_versions/rk_h7_review_ready_guard_20260809_002216/ros2_test1) by extensions ['colcon_meta']
[0.810s] Level 1:colcon.colcon_core.package_identification:_identify(saved_versions/rk_h7_review_ready_guard_20260809_002216/ros2_test1) by extension 'colcon_meta'
[0.810s] Level 1:colcon.colcon_core.package_identification:_identify(saved_versions/rk_h7_review_ready_guard_20260809_002216/ros2_test1) by extensions ['ros']
[0.810s] Level 1:colcon.colcon_core.package_identification:_identify(saved_versions/rk_h7_review_ready_guard_20260809_002216/ros2_test1) by extension 'ros'
[0.810s] Level 1:colcon.colcon_core.package_identification:_identify(saved_versions/rk_h7_review_ready_guard_20260809_002216/ros2_test1) by extensions ['cmake', 'python']
[0.810s] Level 1:colcon.colcon_core.package_identification:_identify(saved_versions/rk_h7_review_ready_guard_20260809_002216/ros2_test1) by extension 'cmake'
[0.810s] Level 1:colcon.colcon_core.package_identification:_identify(saved_versions/rk_h7_review_ready_guard_20260809_002216/ros2_test1) by extension 'python'
[0.811s] Level 1:colcon.colcon_core.package_identification:_identify(saved_versions/rk_h7_review_ready_guard_20260809_002216/ros2_test1) by extensions ['python_setup_py']
[0.811s] Level 1:colcon.colcon_core.package_identification:_identify(saved_versions/rk_h7_review_ready_guard_20260809_002216/ros2_test1) by extension 'python_setup_py'
[0.814s] Level 1:colcon.colcon_core.package_identification:_identify(saved_versions/rk_h7_review_ready_guard_20260809_002216/ros2_test1/ros2_test1) by extensions ['ignore', 'ignore_ament_install']
[0.814s] Level 1:colcon.colcon_core.package_identification:_identify(saved_versions/rk_h7_review_ready_guard_20260809_002216/ros2_test1/ros2_test1) by extension 'ignore'
[0.814s] Level 1:colcon.colcon_core.package_identification:_identify(saved_versions/rk_h7_review_ready_guard_20260809_002216/ros2_test1/ros2_test1) by extension 'ignore_ament_install'
[0.814s] Level 1:colcon.colcon_core.package_identification:_identify(saved_versions/rk_h7_review_ready_guard_20260809_002216/ros2_test1/ros2_test1) by extensions ['colcon_pkg']
[0.814s] Level 1:colcon.colcon_core.package_identification:_identify(saved_versions/rk_h7_review_ready_guard_20260809_002216/ros2_test1/ros2_test1) by extension 'colcon_pkg'
[0.814s] Level 1:colcon.colcon_core.package_identification:_identify(saved_versions/rk_h7_review_ready_guard_20260809_002216/ros2_test1/ros2_test1) by extensions ['colcon_meta']
[0.814s] Level 1:colcon.colcon_core.package_identification:_identify(saved_versions/rk_h7_review_ready_guard_20260809_002216/ros2_test1/ros2_test1) by extension 'colcon_meta'
[0.814s] Level 1:colcon.colcon_core.package_identification:_identify(saved_versions/rk_h7_review_ready_guard_20260809_002216/ros2_test1/ros2_test1) by extensions ['ros']
[0.814s] Level 1:colcon.colcon_core.package_identification:_identify(saved_versions/rk_h7_review_ready_guard_20260809_002216/ros2_test1/ros2_test1) by extension 'ros'
[0.814s] Level 1:colcon.colcon_core.package_identification:_identify(saved_versions/rk_h7_review_ready_guard_20260809_002216/ros2_test1/ros2_test1) by extensions ['cmake', 'python']
[0.815s] Level 1:colcon.colcon_core.package_identification:_identify(saved_versions/rk_h7_review_ready_guard_20260809_002216/ros2_test1/ros2_test1) by extension 'cmake'
[0.815s] Level 1:colcon.colcon_core.package_identification:_identify(saved_versions/rk_h7_review_ready_guard_20260809_002216/ros2_test1/ros2_test1) by extension 'python'
[0.815s] Level 1:colcon.colcon_core.package_identification:_identify(saved_versions/rk_h7_review_ready_guard_20260809_002216/ros2_test1/ros2_test1) by extensions ['python_setup_py']
[0.815s] Level 1:colcon.colcon_core.package_identification:_identify(saved_versions/rk_h7_review_ready_guard_20260809_002216/ros2_test1/ros2_test1) by extension 'python_setup_py'
[0.817s] Level 1:colcon.colcon_core.package_identification:_identify(saved_versions/rk_h7_review_ready_guard_20260809_002216/ros2_test1/test) by extensions ['ignore', 'ignore_ament_install']
[0.817s] Level 1:colcon.colcon_core.package_identification:_identify(saved_versions/rk_h7_review_ready_guard_20260809_002216/ros2_test1/test) by extension 'ignore'
[0.817s] Level 1:colcon.colcon_core.package_identification:_identify(saved_versions/rk_h7_review_ready_guard_20260809_002216/ros2_test1/test) by extension 'ignore_ament_install'
[0.817s] Level 1:colcon.colcon_core.package_identification:_identify(saved_versions/rk_h7_review_ready_guard_20260809_002216/ros2_test1/test) by extensions ['colcon_pkg']
[0.817s] Level 1:colcon.colcon_core.package_identification:_identify(saved_versions/rk_h7_review_ready_guard_20260809_002216/ros2_test1/test) by extension 'colcon_pkg'
[0.817s] Level 1:colcon.colcon_core.package_identification:_identify(saved_versions/rk_h7_review_ready_guard_20260809_002216/ros2_test1/test) by extensions ['colcon_meta']
[0.817s] Level 1:colcon.colcon_core.package_identification:_identify(saved_versions/rk_h7_review_ready_guard_20260809_002216/ros2_test1/test) by extension 'colcon_meta'
[0.817s] Level 1:colcon.colcon_core.package_identification:_identify(saved_versions/rk_h7_review_ready_guard_20260809_002216/ros2_test1/test) by extensions ['ros']
[0.817s] Level 1:colcon.colcon_core.package_identification:_identify(saved_versions/rk_h7_review_ready_guard_20260809_002216/ros2_test1/test) by extension 'ros'
[0.817s] Level 1:colcon.colcon_core.package_identification:_identify(saved_versions/rk_h7_review_ready_guard_20260809_002216/ros2_test1/test) by extensions ['cmake', 'python']
[0.817s] Level 1:colcon.colcon_core.package_identification:_identify(saved_versions/rk_h7_review_ready_guard_20260809_002216/ros2_test1/test) by extension 'cmake'
[0.817s] Level 1:colcon.colcon_core.package_identification:_identify(saved_versions/rk_h7_review_ready_guard_20260809_002216/ros2_test1/test) by extension 'python'
[0.818s] Level 1:colcon.colcon_core.package_identification:_identify(saved_versions/rk_h7_review_ready_guard_20260809_002216/ros2_test1/test) by extensions ['python_setup_py']
[0.818s] Level 1:colcon.colcon_core.package_identification:_identify(saved_versions/rk_h7_review_ready_guard_20260809_002216/ros2_test1/test) by extension 'python_setup_py'
[0.818s] Level 1:colcon.colcon_core.package_identification:_identify(saved_versions/task1_disc_catch_20260812_193435) by extensions ['ignore', 'ignore_ament_install']
[0.819s] Level 1:colcon.colcon_core.package_identification:_identify(saved_versions/task1_disc_catch_20260812_193435) by extension 'ignore'
[0.819s] Level 1:colcon.colcon_core.package_identification:_identify(saved_versions/task1_disc_catch_20260812_193435) by extension 'ignore_ament_install'
[0.819s] Level 1:colcon.colcon_core.package_identification:_identify(saved_versions/task1_disc_catch_20260812_193435) by extensions ['colcon_pkg']
[0.819s] Level 1:colcon.colcon_core.package_identification:_identify(saved_versions/task1_disc_catch_20260812_193435) by extension 'colcon_pkg'
[0.819s] Level 1:colcon.colcon_core.package_identification:_identify(saved_versions/task1_disc_catch_20260812_193435) by extensions ['colcon_meta']
[0.819s] Level 1:colcon.colcon_core.package_identification:_identify(saved_versions/task1_disc_catch_20260812_193435) by extension 'colcon_meta'
[0.819s] Level 1:colcon.colcon_core.package_identification:_identify(saved_versions/task1_disc_catch_20260812_193435) by extensions ['ros']
[0.819s] Level 1:colcon.colcon_core.package_identification:_identify(saved_versions/task1_disc_catch_20260812_193435) by extension 'ros'
[0.819s] Level 1:colcon.colcon_core.package_identification:_identify(saved_versions/task1_disc_catch_20260812_193435) by extensions ['cmake', 'python']
[0.819s] Level 1:colcon.colcon_core.package_identification:_identify(saved_versions/task1_disc_catch_20260812_193435) by extension 'cmake'
[0.819s] Level 1:colcon.colcon_core.package_identification:_identify(saved_versions/task1_disc_catch_20260812_193435) by extension 'python'
[0.819s] Level 1:colcon.colcon_core.package_identification:_identify(saved_versions/task1_disc_catch_20260812_193435) by extensions ['python_setup_py']
[0.819s] Level 1:colcon.colcon_core.package_identification:_identify(saved_versions/task1_disc_catch_20260812_193435) by extension 'python_setup_py'
[0.820s] Level 1:colcon.colcon_core.package_identification:_identify(saved_versions/task1_fixed_id1_id2_20260813_055405) by extensions ['ignore', 'ignore_ament_install']
[0.820s] Level 1:colcon.colcon_core.package_identification:_identify(saved_versions/task1_fixed_id1_id2_20260813_055405) by extension 'ignore'
[0.820s] Level 1:colcon.colcon_core.package_identification:_identify(saved_versions/task1_fixed_id1_id2_20260813_055405) by extension 'ignore_ament_install'
[0.820s] Level 1:colcon.colcon_core.package_identification:_identify(saved_versions/task1_fixed_id1_id2_20260813_055405) by extensions ['colcon_pkg']
[0.820s] Level 1:colcon.colcon_core.package_identification:_identify(saved_versions/task1_fixed_id1_id2_20260813_055405) by extension 'colcon_pkg'
[0.820s] Level 1:colcon.colcon_core.package_identification:_identify(saved_versions/task1_fixed_id1_id2_20260813_055405) by extensions ['colcon_meta']
[0.820s] Level 1:colcon.colcon_core.package_identification:_identify(saved_versions/task1_fixed_id1_id2_20260813_055405) by extension 'colcon_meta'
[0.820s] Level 1:colcon.colcon_core.package_identification:_identify(saved_versions/task1_fixed_id1_id2_20260813_055405) by extensions ['ros']
[0.820s] Level 1:colcon.colcon_core.package_identification:_identify(saved_versions/task1_fixed_id1_id2_20260813_055405) by extension 'ros'
[0.821s] Level 1:colcon.colcon_core.package_identification:_identify(saved_versions/task1_fixed_id1_id2_20260813_055405) by extensions ['cmake', 'python']
[0.821s] Level 1:colcon.colcon_core.package_identification:_identify(saved_versions/task1_fixed_id1_id2_20260813_055405) by extension 'cmake'
[0.821s] Level 1:colcon.colcon_core.package_identification:_identify(saved_versions/task1_fixed_id1_id2_20260813_055405) by extension 'python'
[0.821s] Level 1:colcon.colcon_core.package_identification:_identify(saved_versions/task1_fixed_id1_id2_20260813_055405) by extensions ['python_setup_py']
[0.821s] Level 1:colcon.colcon_core.package_identification:_identify(saved_versions/task1_fixed_id1_id2_20260813_055405) by extension 'python_setup_py'
[0.821s] Level 1:colcon.colcon_core.package_identification:_identify(saved_versions/task1_fixed_id1_id2_20260813_055405/ros2_test1) by extensions ['ignore', 'ignore_ament_install']
[0.821s] Level 1:colcon.colcon_core.package_identification:_identify(saved_versions/task1_fixed_id1_id2_20260813_055405/ros2_test1) by extension 'ignore'
[0.821s] Level 1:colcon.colcon_core.package_identification:_identify(saved_versions/task1_fixed_id1_id2_20260813_055405/ros2_test1) by extension 'ignore_ament_install'
[0.822s] Level 1:colcon.colcon_core.package_identification:_identify(saved_versions/task1_fixed_id1_id2_20260813_055405/ros2_test1) by extensions ['colcon_pkg']
[0.822s] Level 1:colcon.colcon_core.package_identification:_identify(saved_versions/task1_fixed_id1_id2_20260813_055405/ros2_test1) by extension 'colcon_pkg'
[0.822s] Level 1:colcon.colcon_core.package_identification:_identify(saved_versions/task1_fixed_id1_id2_20260813_055405/ros2_test1) by extensions ['colcon_meta']
[0.822s] Level 1:colcon.colcon_core.package_identification:_identify(saved_versions/task1_fixed_id1_id2_20260813_055405/ros2_test1) by extension 'colcon_meta'
[0.822s] Level 1:colcon.colcon_core.package_identification:_identify(saved_versions/task1_fixed_id1_id2_20260813_055405/ros2_test1) by extensions ['ros']
[0.822s] Level 1:colcon.colcon_core.package_identification:_identify(saved_versions/task1_fixed_id1_id2_20260813_055405/ros2_test1) by extension 'ros'
[0.822s] Level 1:colcon.colcon_core.package_identification:_identify(saved_versions/task1_fixed_id1_id2_20260813_055405/ros2_test1) by extensions ['cmake', 'python']
[0.822s] Level 1:colcon.colcon_core.package_identification:_identify(saved_versions/task1_fixed_id1_id2_20260813_055405/ros2_test1) by extension 'cmake'
[0.822s] Level 1:colcon.colcon_core.package_identification:_identify(saved_versions/task1_fixed_id1_id2_20260813_055405/ros2_test1) by extension 'python'
[0.822s] Level 1:colcon.colcon_core.package_identification:_identify(saved_versions/task1_fixed_id1_id2_20260813_055405/ros2_test1) by extensions ['python_setup_py']
[0.822s] Level 1:colcon.colcon_core.package_identification:_identify(saved_versions/task1_fixed_id1_id2_20260813_055405/ros2_test1) by extension 'python_setup_py'
[0.823s] Level 1:colcon.colcon_core.package_identification:_identify(saved_versions/task1_fixed_id1_id2_20260813_055405/ros2_test1/ros2_test1) by extensions ['ignore', 'ignore_ament_install']
[0.823s] Level 1:colcon.colcon_core.package_identification:_identify(saved_versions/task1_fixed_id1_id2_20260813_055405/ros2_test1/ros2_test1) by extension 'ignore'
[0.823s] Level 1:colcon.colcon_core.package_identification:_identify(saved_versions/task1_fixed_id1_id2_20260813_055405/ros2_test1/ros2_test1) by extension 'ignore_ament_install'
[0.823s] Level 1:colcon.colcon_core.package_identification:_identify(saved_versions/task1_fixed_id1_id2_20260813_055405/ros2_test1/ros2_test1) by extensions ['colcon_pkg']
[0.823s] Level 1:colcon.colcon_core.package_identification:_identify(saved_versions/task1_fixed_id1_id2_20260813_055405/ros2_test1/ros2_test1) by extension 'colcon_pkg'
[0.823s] Level 1:colcon.colcon_core.package_identification:_identify(saved_versions/task1_fixed_id1_id2_20260813_055405/ros2_test1/ros2_test1) by extensions ['colcon_meta']
[0.823s] Level 1:colcon.colcon_core.package_identification:_identify(saved_versions/task1_fixed_id1_id2_20260813_055405/ros2_test1/ros2_test1) by extension 'colcon_meta'
[0.823s] Level 1:colcon.colcon_core.package_identification:_identify(saved_versions/task1_fixed_id1_id2_20260813_055405/ros2_test1/ros2_test1) by extensions ['ros']
[0.823s] Level 1:colcon.colcon_core.package_identification:_identify(saved_versions/task1_fixed_id1_id2_20260813_055405/ros2_test1/ros2_test1) by extension 'ros'
[0.823s] Level 1:colcon.colcon_core.package_identification:_identify(saved_versions/task1_fixed_id1_id2_20260813_055405/ros2_test1/ros2_test1) by extensions ['cmake', 'python']
[0.824s] Level 1:colcon.colcon_core.package_identification:_identify(saved_versions/task1_fixed_id1_id2_20260813_055405/ros2_test1/ros2_test1) by extension 'cmake'
[0.824s] Level 1:colcon.colcon_core.package_identification:_identify(saved_versions/task1_fixed_id1_id2_20260813_055405/ros2_test1/ros2_test1) by extension 'python'
[0.824s] Level 1:colcon.colcon_core.package_identification:_identify(saved_versions/task1_fixed_id1_id2_20260813_055405/ros2_test1/ros2_test1) by extensions ['python_setup_py']
[0.824s] Level 1:colcon.colcon_core.package_identification:_identify(saved_versions/task1_fixed_id1_id2_20260813_055405/ros2_test1/ros2_test1) by extension 'python_setup_py'
[0.824s] Level 1:colcon.colcon_core.package_identification:_identify(saved_versions/task1_prep_high_20260813_060307) by extensions ['ignore', 'ignore_ament_install']
[0.824s] Level 1:colcon.colcon_core.package_identification:_identify(saved_versions/task1_prep_high_20260813_060307) by extension 'ignore'
[0.824s] Level 1:colcon.colcon_core.package_identification:_identify(saved_versions/task1_prep_high_20260813_060307) by extension 'ignore_ament_install'
[0.824s] Level 1:colcon.colcon_core.package_identification:_identify(saved_versions/task1_prep_high_20260813_060307) by extensions ['colcon_pkg']
[0.824s] Level 1:colcon.colcon_core.package_identification:_identify(saved_versions/task1_prep_high_20260813_060307) by extension 'colcon_pkg'
[0.824s] Level 1:colcon.colcon_core.package_identification:_identify(saved_versions/task1_prep_high_20260813_060307) by extensions ['colcon_meta']
[0.824s] Level 1:colcon.colcon_core.package_identification:_identify(saved_versions/task1_prep_high_20260813_060307) by extension 'colcon_meta'
[0.825s] Level 1:colcon.colcon_core.package_identification:_identify(saved_versions/task1_prep_high_20260813_060307) by extensions ['ros']
[0.825s] Level 1:colcon.colcon_core.package_identification:_identify(saved_versions/task1_prep_high_20260813_060307) by extension 'ros'
[0.825s] Level 1:colcon.colcon_core.package_identification:_identify(saved_versions/task1_prep_high_20260813_060307) by extensions ['cmake', 'python']
[0.825s] Level 1:colcon.colcon_core.package_identification:_identify(saved_versions/task1_prep_high_20260813_060307) by extension 'cmake'
[0.825s] Level 1:colcon.colcon_core.package_identification:_identify(saved_versions/task1_prep_high_20260813_060307) by extension 'python'
[0.825s] Level 1:colcon.colcon_core.package_identification:_identify(saved_versions/task1_prep_high_20260813_060307) by extensions ['python_setup_py']
[0.825s] Level 1:colcon.colcon_core.package_identification:_identify(saved_versions/task1_prep_high_20260813_060307) by extension 'python_setup_py'
[0.825s] Level 1:colcon.colcon_core.package_identification:_identify(saved_versions/task1_prep_high_20260813_060307/ros2_test1) by extensions ['ignore', 'ignore_ament_install']
[0.825s] Level 1:colcon.colcon_core.package_identification:_identify(saved_versions/task1_prep_high_20260813_060307/ros2_test1) by extension 'ignore'
[0.826s] Level 1:colcon.colcon_core.package_identification:_identify(saved_versions/task1_prep_high_20260813_060307/ros2_test1) by extension 'ignore_ament_install'
[0.826s] Level 1:colcon.colcon_core.package_identification:_identify(saved_versions/task1_prep_high_20260813_060307/ros2_test1) by extensions ['colcon_pkg']
[0.826s] Level 1:colcon.colcon_core.package_identification:_identify(saved_versions/task1_prep_high_20260813_060307/ros2_test1) by extension 'colcon_pkg'
[0.826s] Level 1:colcon.colcon_core.package_identification:_identify(saved_versions/task1_prep_high_20260813_060307/ros2_test1) by extensions ['colcon_meta']
[0.826s] Level 1:colcon.colcon_core.package_identification:_identify(saved_versions/task1_prep_high_20260813_060307/ros2_test1) by extension 'colcon_meta'
[0.826s] Level 1:colcon.colcon_core.package_identification:_identify(saved_versions/task1_prep_high_20260813_060307/ros2_test1) by extensions ['ros']
[0.826s] Level 1:colcon.colcon_core.package_identification:_identify(saved_versions/task1_prep_high_20260813_060307/ros2_test1) by extension 'ros'
[0.826s] Level 1:colcon.colcon_core.package_identification:_identify(saved_versions/task1_prep_high_20260813_060307/ros2_test1) by extensions ['cmake', 'python']
[0.826s] Level 1:colcon.colcon_core.package_identification:_identify(saved_versions/task1_prep_high_20260813_060307/ros2_test1) by extension 'cmake'
[0.826s] Level 1:colcon.colcon_core.package_identification:_identify(saved_versions/task1_prep_high_20260813_060307/ros2_test1) by extension 'python'
[0.826s] Level 1:colcon.colcon_core.package_identification:_identify(saved_versions/task1_prep_high_20260813_060307/ros2_test1) by extensions ['python_setup_py']
[0.826s] Level 1:colcon.colcon_core.package_identification:_identify(saved_versions/task1_prep_high_20260813_060307/ros2_test1) by extension 'python_setup_py'
[0.827s] Level 1:colcon.colcon_core.package_identification:_identify(saved_versions/task1_prep_high_20260813_060307/ros2_test1/ros2_test1) by extensions ['ignore', 'ignore_ament_install']
[0.827s] Level 1:colcon.colcon_core.package_identification:_identify(saved_versions/task1_prep_high_20260813_060307/ros2_test1/ros2_test1) by extension 'ignore'
[0.827s] Level 1:colcon.colcon_core.package_identification:_identify(saved_versions/task1_prep_high_20260813_060307/ros2_test1/ros2_test1) by extension 'ignore_ament_install'
[0.827s] Level 1:colcon.colcon_core.package_identification:_identify(saved_versions/task1_prep_high_20260813_060307/ros2_test1/ros2_test1) by extensions ['colcon_pkg']
[0.827s] Level 1:colcon.colcon_core.package_identification:_identify(saved_versions/task1_prep_high_20260813_060307/ros2_test1/ros2_test1) by extension 'colcon_pkg'
[0.827s] Level 1:colcon.colcon_core.package_identification:_identify(saved_versions/task1_prep_high_20260813_060307/ros2_test1/ros2_test1) by extensions ['colcon_meta']
[0.827s] Level 1:colcon.colcon_core.package_identification:_identify(saved_versions/task1_prep_high_20260813_060307/ros2_test1/ros2_test1) by extension 'colcon_meta'
[0.827s] Level 1:colcon.colcon_core.package_identification:_identify(saved_versions/task1_prep_high_20260813_060307/ros2_test1/ros2_test1) by extensions ['ros']
[0.827s] Level 1:colcon.colcon_core.package_identification:_identify(saved_versions/task1_prep_high_20260813_060307/ros2_test1/ros2_test1) by extension 'ros'
[0.827s] Level 1:colcon.colcon_core.package_identification:_identify(saved_versions/task1_prep_high_20260813_060307/ros2_test1/ros2_test1) by extensions ['cmake', 'python']
[0.827s] Level 1:colcon.colcon_core.package_identification:_identify(saved_versions/task1_prep_high_20260813_060307/ros2_test1/ros2_test1) by extension 'cmake'
[0.827s] Level 1:colcon.colcon_core.package_identification:_identify(saved_versions/task1_prep_high_20260813_060307/ros2_test1/ros2_test1) by extension 'python'
[0.828s] Level 1:colcon.colcon_core.package_identification:_identify(saved_versions/task1_prep_high_20260813_060307/ros2_test1/ros2_test1) by extensions ['python_setup_py']
[0.828s] Level 1:colcon.colcon_core.package_identification:_identify(saved_versions/task1_prep_high_20260813_060307/ros2_test1/ros2_test1) by extension 'python_setup_py'
[0.828s] Level 1:colcon.colcon_core.package_identification:_identify(saved_versions/task1_prep_seq_20260813_060603) by extensions ['ignore', 'ignore_ament_install']
[0.828s] Level 1:colcon.colcon_core.package_identification:_identify(saved_versions/task1_prep_seq_20260813_060603) by extension 'ignore'
[0.828s] Level 1:colcon.colcon_core.package_identification:_identify(saved_versions/task1_prep_seq_20260813_060603) by extension 'ignore_ament_install'
[0.828s] Level 1:colcon.colcon_core.package_identification:_identify(saved_versions/task1_prep_seq_20260813_060603) by extensions ['colcon_pkg']
[0.828s] Level 1:colcon.colcon_core.package_identification:_identify(saved_versions/task1_prep_seq_20260813_060603) by extension 'colcon_pkg'
[0.828s] Level 1:colcon.colcon_core.package_identification:_identify(saved_versions/task1_prep_seq_20260813_060603) by extensions ['colcon_meta']
[0.828s] Level 1:colcon.colcon_core.package_identification:_identify(saved_versions/task1_prep_seq_20260813_060603) by extension 'colcon_meta'
[0.828s] Level 1:colcon.colcon_core.package_identification:_identify(saved_versions/task1_prep_seq_20260813_060603) by extensions ['ros']
[0.829s] Level 1:colcon.colcon_core.package_identification:_identify(saved_versions/task1_prep_seq_20260813_060603) by extension 'ros'
[0.829s] Level 1:colcon.colcon_core.package_identification:_identify(saved_versions/task1_prep_seq_20260813_060603) by extensions ['cmake', 'python']
[0.829s] Level 1:colcon.colcon_core.package_identification:_identify(saved_versions/task1_prep_seq_20260813_060603) by extension 'cmake'
[0.829s] Level 1:colcon.colcon_core.package_identification:_identify(saved_versions/task1_prep_seq_20260813_060603) by extension 'python'
[0.829s] Level 1:colcon.colcon_core.package_identification:_identify(saved_versions/task1_prep_seq_20260813_060603) by extensions ['python_setup_py']
[0.829s] Level 1:colcon.colcon_core.package_identification:_identify(saved_versions/task1_prep_seq_20260813_060603) by extension 'python_setup_py'
[0.829s] Level 1:colcon.colcon_core.package_identification:_identify(saved_versions/task1_prep_seq_20260813_060603/ros2_test1) by extensions ['ignore', 'ignore_ament_install']
[0.829s] Level 1:colcon.colcon_core.package_identification:_identify(saved_versions/task1_prep_seq_20260813_060603/ros2_test1) by extension 'ignore'
[0.829s] Level 1:colcon.colcon_core.package_identification:_identify(saved_versions/task1_prep_seq_20260813_060603/ros2_test1) by extension 'ignore_ament_install'
[0.830s] Level 1:colcon.colcon_core.package_identification:_identify(saved_versions/task1_prep_seq_20260813_060603/ros2_test1) by extensions ['colcon_pkg']
[0.830s] Level 1:colcon.colcon_core.package_identification:_identify(saved_versions/task1_prep_seq_20260813_060603/ros2_test1) by extension 'colcon_pkg'
[0.830s] Level 1:colcon.colcon_core.package_identification:_identify(saved_versions/task1_prep_seq_20260813_060603/ros2_test1) by extensions ['colcon_meta']
[0.830s] Level 1:colcon.colcon_core.package_identification:_identify(saved_versions/task1_prep_seq_20260813_060603/ros2_test1) by extension 'colcon_meta'
[0.830s] Level 1:colcon.colcon_core.package_identification:_identify(saved_versions/task1_prep_seq_20260813_060603/ros2_test1) by extensions ['ros']
[0.830s] Level 1:colcon.colcon_core.package_identification:_identify(saved_versions/task1_prep_seq_20260813_060603/ros2_test1) by extension 'ros'
[0.830s] Level 1:colcon.colcon_core.package_identification:_identify(saved_versions/task1_prep_seq_20260813_060603/ros2_test1) by extensions ['cmake', 'python']
[0.830s] Level 1:colcon.colcon_core.package_identification:_identify(saved_versions/task1_prep_seq_20260813_060603/ros2_test1) by extension 'cmake'
[0.830s] Level 1:colcon.colcon_core.package_identification:_identify(saved_versions/task1_prep_seq_20260813_060603/ros2_test1) by extension 'python'
[0.830s] Level 1:colcon.colcon_core.package_identification:_identify(saved_versions/task1_prep_seq_20260813_060603/ros2_test1) by extensions ['python_setup_py']
[0.830s] Level 1:colcon.colcon_core.package_identification:_identify(saved_versions/task1_prep_seq_20260813_060603/ros2_test1) by extension 'python_setup_py'
[0.831s] Level 1:colcon.colcon_core.package_identification:_identify(saved_versions/task1_prep_seq_20260813_060603/ros2_test1/ros2_test1) by extensions ['ignore', 'ignore_ament_install']
[0.831s] Level 1:colcon.colcon_core.package_identification:_identify(saved_versions/task1_prep_seq_20260813_060603/ros2_test1/ros2_test1) by extension 'ignore'
[0.831s] Level 1:colcon.colcon_core.package_identification:_identify(saved_versions/task1_prep_seq_20260813_060603/ros2_test1/ros2_test1) by extension 'ignore_ament_install'
[0.831s] Level 1:colcon.colcon_core.package_identification:_identify(saved_versions/task1_prep_seq_20260813_060603/ros2_test1/ros2_test1) by extensions ['colcon_pkg']
[0.831s] Level 1:colcon.colcon_core.package_identification:_identify(saved_versions/task1_prep_seq_20260813_060603/ros2_test1/ros2_test1) by extension 'colcon_pkg'
[0.832s] Level 1:colcon.colcon_core.package_identification:_identify(saved_versions/task1_prep_seq_20260813_060603/ros2_test1/ros2_test1) by extensions ['colcon_meta']
[0.832s] Level 1:colcon.colcon_core.package_identification:_identify(saved_versions/task1_prep_seq_20260813_060603/ros2_test1/ros2_test1) by extension 'colcon_meta'
[0.832s] Level 1:colcon.colcon_core.package_identification:_identify(saved_versions/task1_prep_seq_20260813_060603/ros2_test1/ros2_test1) by extensions ['ros']
[0.832s] Level 1:colcon.colcon_core.package_identification:_identify(saved_versions/task1_prep_seq_20260813_060603/ros2_test1/ros2_test1) by extension 'ros'
[0.832s] Level 1:colcon.colcon_core.package_identification:_identify(saved_versions/task1_prep_seq_20260813_060603/ros2_test1/ros2_test1) by extensions ['cmake', 'python']
[0.832s] Level 1:colcon.colcon_core.package_identification:_identify(saved_versions/task1_prep_seq_20260813_060603/ros2_test1/ros2_test1) by extension 'cmake'
[0.832s] Level 1:colcon.colcon_core.package_identification:_identify(saved_versions/task1_prep_seq_20260813_060603/ros2_test1/ros2_test1) by extension 'python'
[0.832s] Level 1:colcon.colcon_core.package_identification:_identify(saved_versions/task1_prep_seq_20260813_060603/ros2_test1/ros2_test1) by extensions ['python_setup_py']
[0.832s] Level 1:colcon.colcon_core.package_identification:_identify(saved_versions/task1_prep_seq_20260813_060603/ros2_test1/ros2_test1) by extension 'python_setup_py'
[0.833s] Level 1:colcon.colcon_core.package_identification:_identify(src) by extensions ['ignore', 'ignore_ament_install']
[0.833s] Level 1:colcon.colcon_core.package_identification:_identify(src) by extension 'ignore'
[0.833s] Level 1:colcon.colcon_core.package_identification:_identify(src) by extension 'ignore_ament_install'
[0.833s] Level 1:colcon.colcon_core.package_identification:_identify(src) by extensions ['colcon_pkg']
[0.833s] Level 1:colcon.colcon_core.package_identification:_identify(src) by extension 'colcon_pkg'
[0.833s] Level 1:colcon.colcon_core.package_identification:_identify(src) by extensions ['colcon_meta']
[0.833s] Level 1:colcon.colcon_core.package_identification:_identify(src) by extension 'colcon_meta'
[0.833s] Level 1:colcon.colcon_core.package_identification:_identify(src) by extensions ['ros']
[0.833s] Level 1:colcon.colcon_core.package_identification:_identify(src) by extension 'ros'
[0.833s] Level 1:colcon.colcon_core.package_identification:_identify(src) by extensions ['cmake', 'python']
[0.833s] Level 1:colcon.colcon_core.package_identification:_identify(src) by extension 'cmake'
[0.833s] Level 1:colcon.colcon_core.package_identification:_identify(src) by extension 'python'
[0.833s] Level 1:colcon.colcon_core.package_identification:_identify(src) by extensions ['python_setup_py']
[0.833s] Level 1:colcon.colcon_core.package_identification:_identify(src) by extension 'python_setup_py'
[0.834s] Level 1:colcon.colcon_core.package_identification:_identify(src/stm32_bridge) by extensions ['ignore', 'ignore_ament_install']
[0.834s] Level 1:colcon.colcon_core.package_identification:_identify(src/stm32_bridge) by extension 'ignore'
[0.834s] Level 1:colcon.colcon_core.package_identification:_identify(src/stm32_bridge) by extension 'ignore_ament_install'
[0.834s] Level 1:colcon.colcon_core.package_identification:_identify(src/stm32_bridge) by extensions ['colcon_pkg']
[0.834s] Level 1:colcon.colcon_core.package_identification:_identify(src/stm32_bridge) by extension 'colcon_pkg'
[0.834s] Level 1:colcon.colcon_core.package_identification:_identify(src/stm32_bridge) by extensions ['colcon_meta']
[0.834s] Level 1:colcon.colcon_core.package_identification:_identify(src/stm32_bridge) by extension 'colcon_meta'
[0.835s] Level 1:colcon.colcon_core.package_identification:_identify(src/stm32_bridge) by extensions ['ros']
[0.835s] Level 1:colcon.colcon_core.package_identification:_identify(src/stm32_bridge) by extension 'ros'
[0.840s] DEBUG:colcon.colcon_core.package_identification:Package 'src/stm32_bridge' with type 'ros.ament_python' and name 'stm32_bridge'
[0.840s] Level 1:colcon.colcon_core.package_discovery:discover_packages(recursive) using defaults
[0.840s] Level 1:colcon.colcon_core.package_discovery:discover_packages(ignore) discover
[0.840s] Level 1:colcon.colcon_core.package_discovery:discover_packages(ignore) using defaults
[0.840s] Level 1:colcon.colcon_core.package_discovery:discover_packages(path) discover
[0.840s] Level 1:colcon.colcon_core.package_discovery:discover_packages(path) using defaults
[0.890s] INFO:colcon.colcon_metadata.metadata.colcon_pkg:Updating descriptor of package 'ros2_test1' from colcon.pkg: {'name': 'ros2_test1', 'type': 'ros.ament_python'}
[0.919s] DEBUG:colcon.colcon_core.package_identification:Failed to parse potential ROS package manifest in'ros2_test1': Error(s) in package 'ros2_test1/package.xml':
Invalid email "cat@lubancat" for person "cat"
[0.924s] INFO:colcon.colcon_core.package_selection:Skipping not selected package 'stm32_bridge' in 'src/stm32_bridge'
[0.926s] Level 1:colcon.colcon_core.package_discovery:discover_packages(prefix_path) check parameters
[0.926s] Level 1:colcon.colcon_core.package_discovery:discover_packages(prefix_path) discover
[0.935s] DEBUG:colcon.colcon_installed_package_information.package_discovery:Found 273 installed packages in /opt/ros/humble
[0.937s] Level 1:colcon.colcon_core.package_discovery:discover_packages(prefix_path) using defaults
[1.005s] Level 5:colcon.colcon_core.verb:set package 'ros2_test1' build argument 'cmake_args' from command line to 'None'
[1.005s] Level 5:colcon.colcon_core.verb:set package 'ros2_test1' build argument 'cmake_target' from command line to 'None'
[1.005s] Level 5:colcon.colcon_core.verb:set package 'ros2_test1' build argument 'cmake_target_skip_unavailable' from command line to 'False'
[1.006s] Level 5:colcon.colcon_core.verb:set package 'ros2_test1' build argument 'cmake_clean_cache' from command line to 'False'
[1.006s] Level 5:colcon.colcon_core.verb:set package 'ros2_test1' build argument 'cmake_clean_first' from command line to 'False'
[1.006s] Level 5:colcon.colcon_core.verb:set package 'ros2_test1' build argument 'cmake_force_configure' from command line to 'False'
[1.006s] Level 5:colcon.colcon_core.verb:set package 'ros2_test1' build argument 'ament_cmake_args' from command line to 'None'
[1.006s] Level 5:colcon.colcon_core.verb:set package 'ros2_test1' build argument 'catkin_cmake_args' from command line to 'None'
[1.006s] Level 5:colcon.colcon_core.verb:set package 'ros2_test1' build argument 'catkin_skip_building_tests' from command line to 'False'
[1.006s] DEBUG:colcon.colcon_core.verb:Building package 'ros2_test1' with the following arguments: {'ament_cmake_args': None, 'build_base': '/home/cat/ros2_ws/build/ros2_test1', 'catkin_cmake_args': None, 'catkin_skip_building_tests': False, 'cmake_args': None, 'cmake_clean_cache': False, 'cmake_clean_first': False, 'cmake_force_configure': False, 'cmake_target': None, 'cmake_target_skip_unavailable': False, 'install_base': '/home/cat/ros2_ws/install/ros2_test1', 'merge_install': False, 'path': '/home/cat/ros2_ws/ros2_test1', 'symlink_install': True, 'test_result_base': None}
[1.006s] INFO:colcon.colcon_core.executor:Executing jobs using 'parallel' executor
[1.008s] DEBUG:colcon.colcon_parallel_executor.executor.parallel:run_until_complete
[1.009s] INFO:colcon.colcon_ros.task.ament_python.build:Building ROS package in '/home/cat/ros2_ws/ros2_test1' with build type 'ament_python'
[1.009s] Level 1:colcon.colcon_core.shell:create_environment_hook('ros2_test1', 'ament_prefix_path')
[1.018s] INFO:colcon.colcon_core.plugin_system:Skipping extension 'colcon_core.shell.bat': Not used on non-Windows systems
[1.019s] INFO:colcon.colcon_core.shell:Creating environment hook '/home/cat/ros2_ws/install/ros2_test1/share/ros2_test1/hook/ament_prefix_path.ps1'
[1.021s] INFO:colcon.colcon_core.shell:Creating environment descriptor '/home/cat/ros2_ws/install/ros2_test1/share/ros2_test1/hook/ament_prefix_path.dsv'
[1.022s] INFO:colcon.colcon_core.shell:Creating environment hook '/home/cat/ros2_ws/install/ros2_test1/share/ros2_test1/hook/ament_prefix_path.sh'
[1.024s] INFO:colcon.colcon_core.shell:Skip shell extension 'powershell' for command environment: Not usable outside of PowerShell
[1.024s] DEBUG:colcon.colcon_core.shell:Skip shell extension 'dsv' for command environment
[1.482s] INFO:colcon.colcon_core.task.python.build:Building Python package in '/home/cat/ros2_ws/ros2_test1'
[1.482s] INFO:colcon.colcon_core.shell:Skip shell extension 'powershell' for command environment: Not usable outside of PowerShell
[1.482s] DEBUG:colcon.colcon_core.shell:Skip shell extension 'dsv' for command environment
[2.119s] DEBUG:colcon.colcon_core.task.python.build:Available setuptools commands: check, build_clib, setopt, bdist_wheel, install_scripts, bdist_dumb, bdist, upload, build_scripts, develop, register, easy_install, install_data, install_headers, test, rotate, build_py, bdist_rpm, alias, clean, symlink_data, saveopts, upload_docs, egg_info, install_egg_info, install_lib, sdist, build_ext, bdist_egg, dist_info, build, install
[2.588s] DEBUG:colcon.colcon_core.task.python.build:Available setuptools 'develop' options: --site-dirs, --version, --help, --always-unzip, --no-user-cfg, --allow-hosts, --install-layout, --zip-ok, --no-find-links, --force-installation-into-system-dir, --find-links, --exclude-scripts, --quiet, --uninstall, --prefix, --editable, --index-url, --record, --multi-version, --upgrade, --verbose, --dry-run, --no-deps, --user, --egg-path, --install-dir, --script-dir, --always-copy, --build-directory, --local-snapshots-ok, --optimize
[2.595s] DEBUG:colcon.colcon_core.event_handler.log_command:Invoking command in '/home/cat/ros2_ws/build/ros2_test1': PYTHONPATH=/home/cat/ros2_ws/build/ros2_test1/prefix_override:/usr/lib/python3/dist-packages/colcon_core/task/python/colcon_distutils_commands:/home/cat/ros2_ws/install/ros2_test1/lib/python3.10/site-packages:${PYTHONPATH} /usr/bin/python3 -W ignore:setup.py install is deprecated -W ignore:easy_install command is deprecated setup.py develop --editable --build-directory /home/cat/ros2_ws/build/ros2_test1/build --no-deps symlink_data
[3.364s] Level 1:colcon.colcon_core.shell:create_environment_hook('ros2_test1', 'pythonpath_develop')
[3.366s] INFO:colcon.colcon_core.shell:Creating environment hook '/home/cat/ros2_ws/build/ros2_test1/share/ros2_test1/hook/pythonpath_develop.ps1'
[3.366s] DEBUG:colcon.colcon_core.event_handler.log_command:Invoked command in '/home/cat/ros2_ws/build/ros2_test1' returned '0': PYTHONPATH=/home/cat/ros2_ws/build/ros2_test1/prefix_override:/usr/lib/python3/dist-packages/colcon_core/task/python/colcon_distutils_commands:/home/cat/ros2_ws/install/ros2_test1/lib/python3.10/site-packages:${PYTHONPATH} /usr/bin/python3 -W ignore:setup.py install is deprecated -W ignore:easy_install command is deprecated setup.py develop --editable --build-directory /home/cat/ros2_ws/build/ros2_test1/build --no-deps symlink_data
[3.367s] INFO:colcon.colcon_core.shell:Creating environment descriptor '/home/cat/ros2_ws/build/ros2_test1/share/ros2_test1/hook/pythonpath_develop.dsv'
[3.368s] INFO:colcon.colcon_core.shell:Creating environment hook '/home/cat/ros2_ws/build/ros2_test1/share/ros2_test1/hook/pythonpath_develop.sh'
[3.388s] Level 1:colcon.colcon_core.environment:checking '/home/cat/ros2_ws/install/ros2_test1' for CMake module files
[3.391s] Level 1:colcon.colcon_core.environment:checking '/home/cat/ros2_ws/install/ros2_test1' for CMake config files
[3.395s] Level 1:colcon.colcon_core.environment:checking '/home/cat/ros2_ws/install/ros2_test1/lib'
[3.396s] Level 1:colcon.colcon_core.environment:checking '/home/cat/ros2_ws/install/ros2_test1/bin'
[3.396s] Level 1:colcon.colcon_core.environment:checking '/home/cat/ros2_ws/install/ros2_test1/lib/pkgconfig/ros2_test1.pc'
[3.398s] Level 1:colcon.colcon_core.environment:checking '/home/cat/ros2_ws/install/ros2_test1/lib/python3.10/site-packages'
[3.398s] Level 1:colcon.colcon_core.shell:create_environment_hook('ros2_test1', 'pythonpath')
[3.399s] INFO:colcon.colcon_core.shell:Creating environment hook '/home/cat/ros2_ws/install/ros2_test1/share/ros2_test1/hook/pythonpath.ps1'
[3.402s] INFO:colcon.colcon_core.shell:Creating environment descriptor '/home/cat/ros2_ws/install/ros2_test1/share/ros2_test1/hook/pythonpath.dsv'
[3.404s] INFO:colcon.colcon_core.shell:Creating environment hook '/home/cat/ros2_ws/install/ros2_test1/share/ros2_test1/hook/pythonpath.sh'
[3.408s] Level 1:colcon.colcon_core.environment:checking '/home/cat/ros2_ws/install/ros2_test1/bin'
[3.409s] Level 1:colcon.colcon_core.environment:create_environment_scripts_only(ros2_test1)
[3.411s] INFO:colcon.colcon_core.shell:Creating package script '/home/cat/ros2_ws/install/ros2_test1/share/ros2_test1/package.ps1'
[3.421s] INFO:colcon.colcon_core.shell:Creating package descriptor '/home/cat/ros2_ws/install/ros2_test1/share/ros2_test1/package.dsv'
[3.426s] INFO:colcon.colcon_core.shell:Creating package script '/home/cat/ros2_ws/install/ros2_test1/share/ros2_test1/package.sh'
[3.432s] INFO:colcon.colcon_core.shell:Creating package script '/home/cat/ros2_ws/install/ros2_test1/share/ros2_test1/package.bash'
[3.438s] INFO:colcon.colcon_core.shell:Creating package script '/home/cat/ros2_ws/install/ros2_test1/share/ros2_test1/package.zsh'
[3.443s] Level 1:colcon.colcon_core.environment:create_file_with_runtime_dependencies(/home/cat/ros2_ws/install/ros2_test1/share/colcon-core/packages/ros2_test1)
[3.445s] DEBUG:colcon.colcon_parallel_executor.executor.parallel:closing loop
[3.445s] DEBUG:colcon.colcon_parallel_executor.executor.parallel:loop closed
[3.446s] DEBUG:colcon.colcon_parallel_executor.executor.parallel:run_until_complete finished with '0'
[3.446s] DEBUG:colcon.colcon_core.event_reactor:joining thread
[3.446s] DEBUG:colcon.colcon_core.event_reactor:joined thread
[3.448s] INFO:colcon.colcon_core.shell:Creating prefix script '/home/cat/ros2_ws/install/local_setup.ps1'
[3.454s] INFO:colcon.colcon_core.shell:Creating prefix util module '/home/cat/ros2_ws/install/_local_setup_util_ps1.py'
[3.463s] INFO:colcon.colcon_core.shell:Creating prefix chain script '/home/cat/ros2_ws/install/setup.ps1'
[3.466s] INFO:colcon.colcon_core.shell:Creating prefix script '/home/cat/ros2_ws/install/local_setup.sh'
[3.467s] INFO:colcon.colcon_core.shell:Creating prefix util module '/home/cat/ros2_ws/install/_local_setup_util_sh.py'
[3.469s] INFO:colcon.colcon_core.shell:Creating prefix chain script '/home/cat/ros2_ws/install/setup.sh'
[3.471s] INFO:colcon.colcon_core.shell:Creating prefix script '/home/cat/ros2_ws/install/local_setup.bash'
[3.472s] INFO:colcon.colcon_core.shell:Creating prefix chain script '/home/cat/ros2_ws/install/setup.bash'
[3.475s] INFO:colcon.colcon_core.shell:Creating prefix script '/home/cat/ros2_ws/install/local_setup.zsh'
[3.481s] INFO:colcon.colcon_core.shell:Creating prefix chain script '/home/cat/ros2_ws/install/setup.zsh'
