[1.709s] DEBUG:colcon:Command line arguments: ['/usr/bin/colcon', 'build', '--symlink-install', '--packages-select', 'abcd_detector', 'ros2_test1']
[1.710s] DEBUG:colcon:Parsed command line arguments: Namespace(log_base=None, log_level=None, verb_name='build', build_base='build', install_base='install', merge_install=False, symlink_install=True, test_result_base=None, continue_on_error=False, executor='parallel', parallel_workers=32, event_handlers=None, ignore_user_meta=False, metas=['./colcon.meta'], base_paths=['.'], packages_ignore=None, packages_ignore_regex=None, paths=None, packages_up_to=None, packages_up_to_regex=None, packages_above=None, packages_above_and_dependencies=None, packages_above_depth=None, packages_select_by_dep=None, packages_skip_by_dep=None, packages_skip_up_to=None, packages_select_build_failed=False, packages_skip_build_finished=False, packages_select_test_failures=False, packages_skip_test_passed=False, packages_select=['abcd_detector', 'ros2_test1'], packages_skip=None, packages_select_regex=None, packages_skip_regex=None, packages_start=None, packages_end=None, allow_overriding=[], cmake_args=None, cmake_target=None, cmake_target_skip_unavailable=False, cmake_clean_cache=False, cmake_clean_first=False, cmake_force_configure=False, ament_cmake_args=None, catkin_cmake_args=None, catkin_skip_building_tests=False, verb_parser=<colcon_defaults.argument_parser.defaults.DefaultArgumentsDecorator object at 0x745429363ef0>, verb_extension=<colcon_core.verb.build.BuildVerb object at 0x7454294abfe0>, main=<bound method BuildVerb.main of <colcon_core.verb.build.BuildVerb object at 0x7454294abfe0>>)
[1.876s] Level 1:colcon.colcon_core.package_discovery:discover_packages(colcon_meta) check parameters
[1.876s] Level 1:colcon.colcon_core.package_discovery:discover_packages(recursive) check parameters
[1.876s] Level 1:colcon.colcon_core.package_discovery:discover_packages(ignore) check parameters
[1.877s] Level 1:colcon.colcon_core.package_discovery:discover_packages(path) check parameters
[1.877s] Level 1:colcon.colcon_core.package_discovery:discover_packages(colcon_meta) discover
[1.877s] Level 1:colcon.colcon_core.package_discovery:discover_packages(recursive) discover
[1.877s] INFO:colcon.colcon_core.package_discovery:Crawling recursively for packages in '/home/aijokaren/Desktop/rk3588s'
[1.877s] Level 1:colcon.colcon_core.package_identification:_identify(.) by extensions ['ignore', 'ignore_ament_install']
[1.877s] Level 1:colcon.colcon_core.package_identification:_identify(.) by extension 'ignore'
[1.877s] Level 1:colcon.colcon_core.package_identification:_identify(.) by extension 'ignore_ament_install'
[1.878s] Level 1:colcon.colcon_core.package_identification:_identify(.) by extensions ['colcon_pkg']
[1.878s] Level 1:colcon.colcon_core.package_identification:_identify(.) by extension 'colcon_pkg'
[1.878s] Level 1:colcon.colcon_core.package_identification:_identify(.) by extensions ['colcon_meta']
[1.878s] Level 1:colcon.colcon_core.package_identification:_identify(.) by extension 'colcon_meta'
[1.878s] Level 1:colcon.colcon_core.package_identification:_identify(.) by extensions ['ros']
[1.878s] Level 1:colcon.colcon_core.package_identification:_identify(.) by extension 'ros'
[1.947s] Level 1:colcon.colcon_core.package_identification:_identify(.) by extensions ['cmake', 'python']
[1.947s] Level 1:colcon.colcon_core.package_identification:_identify(.) by extension 'cmake'
[1.947s] Level 1:colcon.colcon_core.package_identification:_identify(.) by extension 'python'
[1.947s] Level 1:colcon.colcon_core.package_identification:_identify(.) by extensions ['python_setup_py']
[1.947s] Level 1:colcon.colcon_core.package_identification:_identify(.) by extension 'python_setup_py'
[1.947s] Level 1:colcon.colcon_core.package_identification:_identify(ABCD_detector) by extensions ['ignore', 'ignore_ament_install']
[1.947s] Level 1:colcon.colcon_core.package_identification:_identify(ABCD_detector) by extension 'ignore'
[1.948s] Level 1:colcon.colcon_core.package_identification:_identify(ABCD_detector) by extension 'ignore_ament_install'
[1.948s] Level 1:colcon.colcon_core.package_identification:_identify(ABCD_detector) by extensions ['colcon_pkg']
[1.948s] Level 1:colcon.colcon_core.package_identification:_identify(ABCD_detector) by extension 'colcon_pkg'
[1.948s] Level 1:colcon.colcon_core.package_identification:_identify(ABCD_detector) by extensions ['colcon_meta']
[1.948s] Level 1:colcon.colcon_core.package_identification:_identify(ABCD_detector) by extension 'colcon_meta'
[1.948s] Level 1:colcon.colcon_core.package_identification:_identify(ABCD_detector) by extensions ['ros']
[1.948s] Level 1:colcon.colcon_core.package_identification:_identify(ABCD_detector) by extension 'ros'
[1.960s] DEBUG:colcon.colcon_core.package_identification:Failed to parse potential ROS package manifest in'ABCD_detector': Error(s) in package 'ABCD_detector/package.xml':
Invalid email "cat@lubancat" for person "cat"
[1.960s] Level 1:colcon.colcon_core.package_identification:_identify(ABCD_detector) by extensions ['cmake', 'python']
[1.960s] Level 1:colcon.colcon_core.package_identification:_identify(ABCD_detector) by extension 'cmake'
[1.960s] Level 1:colcon.colcon_core.package_identification:_identify(ABCD_detector) by extension 'python'
[1.961s] DEBUG:colcon.colcon_core.package_identification:Python package in 'ABCD_detector' passes arguments to the setup() function which requires a different identification extension than 'python'
[1.961s] Level 1:colcon.colcon_core.package_identification:_identify(ABCD_detector) by extensions ['python_setup_py']
[1.961s] Level 1:colcon.colcon_core.package_identification:_identify(ABCD_detector) by extension 'python_setup_py'
[2.382s] DEBUG:colcon.colcon_core.package_identification:Package 'ABCD_detector' with type 'python' and name 'abcd_detector'
[2.382s] Level 1:colcon.colcon_core.package_identification:_identify(backups) by extensions ['ignore', 'ignore_ament_install']
[2.382s] Level 1:colcon.colcon_core.package_identification:_identify(backups) by extension 'ignore'
[2.383s] Level 1:colcon.colcon_core.package_identification:_identify(backups) ignored
[2.383s] Level 1:colcon.colcon_core.package_identification:_identify(build) by extensions ['ignore', 'ignore_ament_install']
[2.383s] Level 1:colcon.colcon_core.package_identification:_identify(build) by extension 'ignore'
[2.383s] Level 1:colcon.colcon_core.package_identification:_identify(build) ignored
[2.383s] Level 1:colcon.colcon_core.package_identification:_identify(install) by extensions ['ignore', 'ignore_ament_install']
[2.383s] Level 1:colcon.colcon_core.package_identification:_identify(install) by extension 'ignore'
[2.383s] Level 1:colcon.colcon_core.package_identification:_identify(install) ignored
[2.384s] Level 1:colcon.colcon_core.package_identification:_identify(log) by extensions ['ignore', 'ignore_ament_install']
[2.384s] Level 1:colcon.colcon_core.package_identification:_identify(log) by extension 'ignore'
[2.384s] Level 1:colcon.colcon_core.package_identification:_identify(log) ignored
[2.385s] Level 1:colcon.colcon_core.package_identification:_identify(restore_backup_20260731_200702) by extensions ['ignore', 'ignore_ament_install']
[2.385s] Level 1:colcon.colcon_core.package_identification:_identify(restore_backup_20260731_200702) by extension 'ignore'
[2.385s] Level 1:colcon.colcon_core.package_identification:_identify(restore_backup_20260731_200702) by extension 'ignore_ament_install'
[2.385s] Level 1:colcon.colcon_core.package_identification:_identify(restore_backup_20260731_200702) by extensions ['colcon_pkg']
[2.385s] Level 1:colcon.colcon_core.package_identification:_identify(restore_backup_20260731_200702) by extension 'colcon_pkg'
[2.385s] Level 1:colcon.colcon_core.package_identification:_identify(restore_backup_20260731_200702) by extensions ['colcon_meta']
[2.385s] Level 1:colcon.colcon_core.package_identification:_identify(restore_backup_20260731_200702) by extension 'colcon_meta'
[2.385s] Level 1:colcon.colcon_core.package_identification:_identify(restore_backup_20260731_200702) by extensions ['ros']
[2.385s] Level 1:colcon.colcon_core.package_identification:_identify(restore_backup_20260731_200702) by extension 'ros'
[2.385s] Level 1:colcon.colcon_core.package_identification:_identify(restore_backup_20260731_200702) by extensions ['cmake', 'python']
[2.386s] Level 1:colcon.colcon_core.package_identification:_identify(restore_backup_20260731_200702) by extension 'cmake'
[2.386s] Level 1:colcon.colcon_core.package_identification:_identify(restore_backup_20260731_200702) by extension 'python'
[2.386s] Level 1:colcon.colcon_core.package_identification:_identify(restore_backup_20260731_200702) by extensions ['python_setup_py']
[2.386s] Level 1:colcon.colcon_core.package_identification:_identify(restore_backup_20260731_200702) by extension 'python_setup_py'
[2.386s] Level 1:colcon.colcon_core.package_identification:_identify(restore_backup_20260731_continue) by extensions ['ignore', 'ignore_ament_install']
[2.386s] Level 1:colcon.colcon_core.package_identification:_identify(restore_backup_20260731_continue) by extension 'ignore'
[2.386s] Level 1:colcon.colcon_core.package_identification:_identify(restore_backup_20260731_continue) by extension 'ignore_ament_install'
[2.386s] Level 1:colcon.colcon_core.package_identification:_identify(restore_backup_20260731_continue) by extensions ['colcon_pkg']
[2.386s] Level 1:colcon.colcon_core.package_identification:_identify(restore_backup_20260731_continue) by extension 'colcon_pkg'
[2.386s] Level 1:colcon.colcon_core.package_identification:_identify(restore_backup_20260731_continue) by extensions ['colcon_meta']
[2.386s] Level 1:colcon.colcon_core.package_identification:_identify(restore_backup_20260731_continue) by extension 'colcon_meta'
[2.387s] Level 1:colcon.colcon_core.package_identification:_identify(restore_backup_20260731_continue) by extensions ['ros']
[2.387s] Level 1:colcon.colcon_core.package_identification:_identify(restore_backup_20260731_continue) by extension 'ros'
[2.387s] Level 1:colcon.colcon_core.package_identification:_identify(restore_backup_20260731_continue) by extensions ['cmake', 'python']
[2.387s] Level 1:colcon.colcon_core.package_identification:_identify(restore_backup_20260731_continue) by extension 'cmake'
[2.387s] Level 1:colcon.colcon_core.package_identification:_identify(restore_backup_20260731_continue) by extension 'python'
[2.387s] Level 1:colcon.colcon_core.package_identification:_identify(restore_backup_20260731_continue) by extensions ['python_setup_py']
[2.387s] Level 1:colcon.colcon_core.package_identification:_identify(restore_backup_20260731_continue) by extension 'python_setup_py'
[2.387s] Level 1:colcon.colcon_core.package_identification:_identify(ros2_test1) by extensions ['ignore', 'ignore_ament_install']
[2.387s] Level 1:colcon.colcon_core.package_identification:_identify(ros2_test1) by extension 'ignore'
[2.387s] Level 1:colcon.colcon_core.package_identification:_identify(ros2_test1) by extension 'ignore_ament_install'
[2.387s] Level 1:colcon.colcon_core.package_identification:_identify(ros2_test1) by extensions ['colcon_pkg']
[2.387s] Level 1:colcon.colcon_core.package_identification:_identify(ros2_test1) by extension 'colcon_pkg'
[2.388s] INFO:colcon.colcon_metadata.metadata.colcon_pkg:Setting type 'ros.ament_python' of package 'ros2_test1' from colcon.pkg
[2.388s] INFO:colcon.colcon_metadata.metadata.colcon_pkg:Setting name 'ros2_test1' of package 'ros2_test1' from colcon.pkg
[2.389s] DEBUG:colcon.colcon_core.package_identification:Package 'ros2_test1' with type 'ros.ament_python' and name 'ros2_test1'
[2.389s] Level 1:colcon.colcon_core.package_identification:_identify(saved_versions) by extensions ['ignore', 'ignore_ament_install']
[2.389s] Level 1:colcon.colcon_core.package_identification:_identify(saved_versions) by extension 'ignore'
[2.389s] Level 1:colcon.colcon_core.package_identification:_identify(saved_versions) by extension 'ignore_ament_install'
[2.389s] Level 1:colcon.colcon_core.package_identification:_identify(saved_versions) by extensions ['colcon_pkg']
[2.389s] Level 1:colcon.colcon_core.package_identification:_identify(saved_versions) by extension 'colcon_pkg'
[2.389s] Level 1:colcon.colcon_core.package_identification:_identify(saved_versions) by extensions ['colcon_meta']
[2.389s] Level 1:colcon.colcon_core.package_identification:_identify(saved_versions) by extension 'colcon_meta'
[2.389s] Level 1:colcon.colcon_core.package_identification:_identify(saved_versions) by extensions ['ros']
[2.389s] Level 1:colcon.colcon_core.package_identification:_identify(saved_versions) by extension 'ros'
[2.390s] Level 1:colcon.colcon_core.package_identification:_identify(saved_versions) by extensions ['cmake', 'python']
[2.390s] Level 1:colcon.colcon_core.package_identification:_identify(saved_versions) by extension 'cmake'
[2.390s] Level 1:colcon.colcon_core.package_identification:_identify(saved_versions) by extension 'python'
[2.390s] Level 1:colcon.colcon_core.package_identification:_identify(saved_versions) by extensions ['python_setup_py']
[2.390s] Level 1:colcon.colcon_core.package_identification:_identify(saved_versions) by extension 'python_setup_py'
[2.390s] Level 1:colcon.colcon_core.package_identification:_identify(saved_versions/arm_tune_file_bridge_20260814_001505) by extensions ['ignore', 'ignore_ament_install']
[2.390s] Level 1:colcon.colcon_core.package_identification:_identify(saved_versions/arm_tune_file_bridge_20260814_001505) by extension 'ignore'
[2.390s] Level 1:colcon.colcon_core.package_identification:_identify(saved_versions/arm_tune_file_bridge_20260814_001505) by extension 'ignore_ament_install'
[2.390s] Level 1:colcon.colcon_core.package_identification:_identify(saved_versions/arm_tune_file_bridge_20260814_001505) by extensions ['colcon_pkg']
[2.390s] Level 1:colcon.colcon_core.package_identification:_identify(saved_versions/arm_tune_file_bridge_20260814_001505) by extension 'colcon_pkg'
[2.390s] Level 1:colcon.colcon_core.package_identification:_identify(saved_versions/arm_tune_file_bridge_20260814_001505) by extensions ['colcon_meta']
[2.391s] Level 1:colcon.colcon_core.package_identification:_identify(saved_versions/arm_tune_file_bridge_20260814_001505) by extension 'colcon_meta'
[2.391s] Level 1:colcon.colcon_core.package_identification:_identify(saved_versions/arm_tune_file_bridge_20260814_001505) by extensions ['ros']
[2.391s] Level 1:colcon.colcon_core.package_identification:_identify(saved_versions/arm_tune_file_bridge_20260814_001505) by extension 'ros'
[2.391s] Level 1:colcon.colcon_core.package_identification:_identify(saved_versions/arm_tune_file_bridge_20260814_001505) by extensions ['cmake', 'python']
[2.391s] Level 1:colcon.colcon_core.package_identification:_identify(saved_versions/arm_tune_file_bridge_20260814_001505) by extension 'cmake'
[2.391s] Level 1:colcon.colcon_core.package_identification:_identify(saved_versions/arm_tune_file_bridge_20260814_001505) by extension 'python'
[2.391s] Level 1:colcon.colcon_core.package_identification:_identify(saved_versions/arm_tune_file_bridge_20260814_001505) by extensions ['python_setup_py']
[2.391s] Level 1:colcon.colcon_core.package_identification:_identify(saved_versions/arm_tune_file_bridge_20260814_001505) by extension 'python_setup_py'
[2.391s] Level 1:colcon.colcon_core.package_identification:_identify(saved_versions/arm_tune_file_bridge_20260814_001505/ros2_test1) by extensions ['ignore', 'ignore_ament_install']
[2.392s] Level 1:colcon.colcon_core.package_identification:_identify(saved_versions/arm_tune_file_bridge_20260814_001505/ros2_test1) by extension 'ignore'
[2.392s] Level 1:colcon.colcon_core.package_identification:_identify(saved_versions/arm_tune_file_bridge_20260814_001505/ros2_test1) by extension 'ignore_ament_install'
[2.392s] Level 1:colcon.colcon_core.package_identification:_identify(saved_versions/arm_tune_file_bridge_20260814_001505/ros2_test1) by extensions ['colcon_pkg']
[2.392s] Level 1:colcon.colcon_core.package_identification:_identify(saved_versions/arm_tune_file_bridge_20260814_001505/ros2_test1) by extension 'colcon_pkg'
[2.392s] Level 1:colcon.colcon_core.package_identification:_identify(saved_versions/arm_tune_file_bridge_20260814_001505/ros2_test1) by extensions ['colcon_meta']
[2.392s] Level 1:colcon.colcon_core.package_identification:_identify(saved_versions/arm_tune_file_bridge_20260814_001505/ros2_test1) by extension 'colcon_meta'
[2.392s] Level 1:colcon.colcon_core.package_identification:_identify(saved_versions/arm_tune_file_bridge_20260814_001505/ros2_test1) by extensions ['ros']
[2.392s] Level 1:colcon.colcon_core.package_identification:_identify(saved_versions/arm_tune_file_bridge_20260814_001505/ros2_test1) by extension 'ros'
[2.393s] Level 1:colcon.colcon_core.package_identification:_identify(saved_versions/arm_tune_file_bridge_20260814_001505/ros2_test1) by extensions ['cmake', 'python']
[2.393s] Level 1:colcon.colcon_core.package_identification:_identify(saved_versions/arm_tune_file_bridge_20260814_001505/ros2_test1) by extension 'cmake'
[2.393s] Level 1:colcon.colcon_core.package_identification:_identify(saved_versions/arm_tune_file_bridge_20260814_001505/ros2_test1) by extension 'python'
[2.393s] Level 1:colcon.colcon_core.package_identification:_identify(saved_versions/arm_tune_file_bridge_20260814_001505/ros2_test1) by extensions ['python_setup_py']
[2.393s] Level 1:colcon.colcon_core.package_identification:_identify(saved_versions/arm_tune_file_bridge_20260814_001505/ros2_test1) by extension 'python_setup_py'
[2.393s] Level 1:colcon.colcon_core.package_identification:_identify(saved_versions/arm_tune_file_bridge_20260814_001505/ros2_test1/ros2_test1) by extensions ['ignore', 'ignore_ament_install']
[2.393s] Level 1:colcon.colcon_core.package_identification:_identify(saved_versions/arm_tune_file_bridge_20260814_001505/ros2_test1/ros2_test1) by extension 'ignore'
[2.393s] Level 1:colcon.colcon_core.package_identification:_identify(saved_versions/arm_tune_file_bridge_20260814_001505/ros2_test1/ros2_test1) by extension 'ignore_ament_install'
[2.394s] Level 1:colcon.colcon_core.package_identification:_identify(saved_versions/arm_tune_file_bridge_20260814_001505/ros2_test1/ros2_test1) by extensions ['colcon_pkg']
[2.394s] Level 1:colcon.colcon_core.package_identification:_identify(saved_versions/arm_tune_file_bridge_20260814_001505/ros2_test1/ros2_test1) by extension 'colcon_pkg'
[2.394s] Level 1:colcon.colcon_core.package_identification:_identify(saved_versions/arm_tune_file_bridge_20260814_001505/ros2_test1/ros2_test1) by extensions ['colcon_meta']
[2.394s] Level 1:colcon.colcon_core.package_identification:_identify(saved_versions/arm_tune_file_bridge_20260814_001505/ros2_test1/ros2_test1) by extension 'colcon_meta'
[2.394s] Level 1:colcon.colcon_core.package_identification:_identify(saved_versions/arm_tune_file_bridge_20260814_001505/ros2_test1/ros2_test1) by extensions ['ros']
[2.394s] Level 1:colcon.colcon_core.package_identification:_identify(saved_versions/arm_tune_file_bridge_20260814_001505/ros2_test1/ros2_test1) by extension 'ros'
[2.394s] Level 1:colcon.colcon_core.package_identification:_identify(saved_versions/arm_tune_file_bridge_20260814_001505/ros2_test1/ros2_test1) by extensions ['cmake', 'python']
[2.394s] Level 1:colcon.colcon_core.package_identification:_identify(saved_versions/arm_tune_file_bridge_20260814_001505/ros2_test1/ros2_test1) by extension 'cmake'
[2.394s] Level 1:colcon.colcon_core.package_identification:_identify(saved_versions/arm_tune_file_bridge_20260814_001505/ros2_test1/ros2_test1) by extension 'python'
[2.394s] Level 1:colcon.colcon_core.package_identification:_identify(saved_versions/arm_tune_file_bridge_20260814_001505/ros2_test1/ros2_test1) by extensions ['python_setup_py']
[2.394s] Level 1:colcon.colcon_core.package_identification:_identify(saved_versions/arm_tune_file_bridge_20260814_001505/ros2_test1/ros2_test1) by extension 'python_setup_py'
[2.395s] Level 1:colcon.colcon_core.package_identification:_identify(saved_versions/arm_tune_ready_gate_fix_20260814_002158) by extensions ['ignore', 'ignore_ament_install']
[2.395s] Level 1:colcon.colcon_core.package_identification:_identify(saved_versions/arm_tune_ready_gate_fix_20260814_002158) by extension 'ignore'
[2.395s] Level 1:colcon.colcon_core.package_identification:_identify(saved_versions/arm_tune_ready_gate_fix_20260814_002158) by extension 'ignore_ament_install'
[2.395s] Level 1:colcon.colcon_core.package_identification:_identify(saved_versions/arm_tune_ready_gate_fix_20260814_002158) by extensions ['colcon_pkg']
[2.395s] Level 1:colcon.colcon_core.package_identification:_identify(saved_versions/arm_tune_ready_gate_fix_20260814_002158) by extension 'colcon_pkg'
[2.395s] Level 1:colcon.colcon_core.package_identification:_identify(saved_versions/arm_tune_ready_gate_fix_20260814_002158) by extensions ['colcon_meta']
[2.395s] Level 1:colcon.colcon_core.package_identification:_identify(saved_versions/arm_tune_ready_gate_fix_20260814_002158) by extension 'colcon_meta'
[2.395s] Level 1:colcon.colcon_core.package_identification:_identify(saved_versions/arm_tune_ready_gate_fix_20260814_002158) by extensions ['ros']
[2.395s] Level 1:colcon.colcon_core.package_identification:_identify(saved_versions/arm_tune_ready_gate_fix_20260814_002158) by extension 'ros'
[2.396s] Level 1:colcon.colcon_core.package_identification:_identify(saved_versions/arm_tune_ready_gate_fix_20260814_002158) by extensions ['cmake', 'python']
[2.396s] Level 1:colcon.colcon_core.package_identification:_identify(saved_versions/arm_tune_ready_gate_fix_20260814_002158) by extension 'cmake'
[2.396s] Level 1:colcon.colcon_core.package_identification:_identify(saved_versions/arm_tune_ready_gate_fix_20260814_002158) by extension 'python'
[2.396s] Level 1:colcon.colcon_core.package_identification:_identify(saved_versions/arm_tune_ready_gate_fix_20260814_002158) by extensions ['python_setup_py']
[2.396s] Level 1:colcon.colcon_core.package_identification:_identify(saved_versions/arm_tune_ready_gate_fix_20260814_002158) by extension 'python_setup_py'
[2.396s] Level 1:colcon.colcon_core.package_identification:_identify(saved_versions/arm_tune_ready_gate_fix_20260814_002158/ros2_test1) by extensions ['ignore', 'ignore_ament_install']
[2.396s] Level 1:colcon.colcon_core.package_identification:_identify(saved_versions/arm_tune_ready_gate_fix_20260814_002158/ros2_test1) by extension 'ignore'
[2.396s] Level 1:colcon.colcon_core.package_identification:_identify(saved_versions/arm_tune_ready_gate_fix_20260814_002158/ros2_test1) by extension 'ignore_ament_install'
[2.396s] Level 1:colcon.colcon_core.package_identification:_identify(saved_versions/arm_tune_ready_gate_fix_20260814_002158/ros2_test1) by extensions ['colcon_pkg']
[2.397s] Level 1:colcon.colcon_core.package_identification:_identify(saved_versions/arm_tune_ready_gate_fix_20260814_002158/ros2_test1) by extension 'colcon_pkg'
[2.397s] Level 1:colcon.colcon_core.package_identification:_identify(saved_versions/arm_tune_ready_gate_fix_20260814_002158/ros2_test1) by extensions ['colcon_meta']
[2.397s] Level 1:colcon.colcon_core.package_identification:_identify(saved_versions/arm_tune_ready_gate_fix_20260814_002158/ros2_test1) by extension 'colcon_meta'
[2.397s] Level 1:colcon.colcon_core.package_identification:_identify(saved_versions/arm_tune_ready_gate_fix_20260814_002158/ros2_test1) by extensions ['ros']
[2.397s] Level 1:colcon.colcon_core.package_identification:_identify(saved_versions/arm_tune_ready_gate_fix_20260814_002158/ros2_test1) by extension 'ros'
[2.397s] Level 1:colcon.colcon_core.package_identification:_identify(saved_versions/arm_tune_ready_gate_fix_20260814_002158/ros2_test1) by extensions ['cmake', 'python']
[2.397s] Level 1:colcon.colcon_core.package_identification:_identify(saved_versions/arm_tune_ready_gate_fix_20260814_002158/ros2_test1) by extension 'cmake'
[2.397s] Level 1:colcon.colcon_core.package_identification:_identify(saved_versions/arm_tune_ready_gate_fix_20260814_002158/ros2_test1) by extension 'python'
[2.397s] Level 1:colcon.colcon_core.package_identification:_identify(saved_versions/arm_tune_ready_gate_fix_20260814_002158/ros2_test1) by extensions ['python_setup_py']
[2.397s] Level 1:colcon.colcon_core.package_identification:_identify(saved_versions/arm_tune_ready_gate_fix_20260814_002158/ros2_test1) by extension 'python_setup_py'
[2.397s] Level 1:colcon.colcon_core.package_identification:_identify(saved_versions/arm_tune_ready_gate_fix_20260814_002158/ros2_test1/ros2_test1) by extensions ['ignore', 'ignore_ament_install']
[2.398s] Level 1:colcon.colcon_core.package_identification:_identify(saved_versions/arm_tune_ready_gate_fix_20260814_002158/ros2_test1/ros2_test1) by extension 'ignore'
[2.398s] Level 1:colcon.colcon_core.package_identification:_identify(saved_versions/arm_tune_ready_gate_fix_20260814_002158/ros2_test1/ros2_test1) by extension 'ignore_ament_install'
[2.398s] Level 1:colcon.colcon_core.package_identification:_identify(saved_versions/arm_tune_ready_gate_fix_20260814_002158/ros2_test1/ros2_test1) by extensions ['colcon_pkg']
[2.398s] Level 1:colcon.colcon_core.package_identification:_identify(saved_versions/arm_tune_ready_gate_fix_20260814_002158/ros2_test1/ros2_test1) by extension 'colcon_pkg'
[2.398s] Level 1:colcon.colcon_core.package_identification:_identify(saved_versions/arm_tune_ready_gate_fix_20260814_002158/ros2_test1/ros2_test1) by extensions ['colcon_meta']
[2.398s] Level 1:colcon.colcon_core.package_identification:_identify(saved_versions/arm_tune_ready_gate_fix_20260814_002158/ros2_test1/ros2_test1) by extension 'colcon_meta'
[2.398s] Level 1:colcon.colcon_core.package_identification:_identify(saved_versions/arm_tune_ready_gate_fix_20260814_002158/ros2_test1/ros2_test1) by extensions ['ros']
[2.398s] Level 1:colcon.colcon_core.package_identification:_identify(saved_versions/arm_tune_ready_gate_fix_20260814_002158/ros2_test1/ros2_test1) by extension 'ros'
[2.398s] Level 1:colcon.colcon_core.package_identification:_identify(saved_versions/arm_tune_ready_gate_fix_20260814_002158/ros2_test1/ros2_test1) by extensions ['cmake', 'python']
[2.398s] Level 1:colcon.colcon_core.package_identification:_identify(saved_versions/arm_tune_ready_gate_fix_20260814_002158/ros2_test1/ros2_test1) by extension 'cmake'
[2.398s] Level 1:colcon.colcon_core.package_identification:_identify(saved_versions/arm_tune_ready_gate_fix_20260814_002158/ros2_test1/ros2_test1) by extension 'python'
[2.399s] Level 1:colcon.colcon_core.package_identification:_identify(saved_versions/arm_tune_ready_gate_fix_20260814_002158/ros2_test1/ros2_test1) by extensions ['python_setup_py']
[2.399s] Level 1:colcon.colcon_core.package_identification:_identify(saved_versions/arm_tune_ready_gate_fix_20260814_002158/ros2_test1/ros2_test1) by extension 'python_setup_py'
[2.399s] Level 1:colcon.colcon_core.package_identification:_identify(saved_versions/camera_latency_20260812_205620) by extensions ['ignore', 'ignore_ament_install']
[2.399s] Level 1:colcon.colcon_core.package_identification:_identify(saved_versions/camera_latency_20260812_205620) by extension 'ignore'
[2.399s] Level 1:colcon.colcon_core.package_identification:_identify(saved_versions/camera_latency_20260812_205620) by extension 'ignore_ament_install'
[2.399s] Level 1:colcon.colcon_core.package_identification:_identify(saved_versions/camera_latency_20260812_205620) by extensions ['colcon_pkg']
[2.399s] Level 1:colcon.colcon_core.package_identification:_identify(saved_versions/camera_latency_20260812_205620) by extension 'colcon_pkg'
[2.399s] Level 1:colcon.colcon_core.package_identification:_identify(saved_versions/camera_latency_20260812_205620) by extensions ['colcon_meta']
[2.399s] Level 1:colcon.colcon_core.package_identification:_identify(saved_versions/camera_latency_20260812_205620) by extension 'colcon_meta'
[2.399s] Level 1:colcon.colcon_core.package_identification:_identify(saved_versions/camera_latency_20260812_205620) by extensions ['ros']
[2.399s] Level 1:colcon.colcon_core.package_identification:_identify(saved_versions/camera_latency_20260812_205620) by extension 'ros'
[2.400s] Level 1:colcon.colcon_core.package_identification:_identify(saved_versions/camera_latency_20260812_205620) by extensions ['cmake', 'python']
[2.400s] Level 1:colcon.colcon_core.package_identification:_identify(saved_versions/camera_latency_20260812_205620) by extension 'cmake'
[2.400s] Level 1:colcon.colcon_core.package_identification:_identify(saved_versions/camera_latency_20260812_205620) by extension 'python'
[2.400s] Level 1:colcon.colcon_core.package_identification:_identify(saved_versions/camera_latency_20260812_205620) by extensions ['python_setup_py']
[2.400s] Level 1:colcon.colcon_core.package_identification:_identify(saved_versions/camera_latency_20260812_205620) by extension 'python_setup_py'
[2.400s] Level 1:colcon.colcon_core.package_identification:_identify(saved_versions/camera_latest_frame_20260813_071258) by extensions ['ignore', 'ignore_ament_install']
[2.400s] Level 1:colcon.colcon_core.package_identification:_identify(saved_versions/camera_latest_frame_20260813_071258) by extension 'ignore'
[2.400s] Level 1:colcon.colcon_core.package_identification:_identify(saved_versions/camera_latest_frame_20260813_071258) by extension 'ignore_ament_install'
[2.400s] Level 1:colcon.colcon_core.package_identification:_identify(saved_versions/camera_latest_frame_20260813_071258) by extensions ['colcon_pkg']
[2.401s] Level 1:colcon.colcon_core.package_identification:_identify(saved_versions/camera_latest_frame_20260813_071258) by extension 'colcon_pkg'
[2.401s] Level 1:colcon.colcon_core.package_identification:_identify(saved_versions/camera_latest_frame_20260813_071258) by extensions ['colcon_meta']
[2.401s] Level 1:colcon.colcon_core.package_identification:_identify(saved_versions/camera_latest_frame_20260813_071258) by extension 'colcon_meta'
[2.401s] Level 1:colcon.colcon_core.package_identification:_identify(saved_versions/camera_latest_frame_20260813_071258) by extensions ['ros']
[2.401s] Level 1:colcon.colcon_core.package_identification:_identify(saved_versions/camera_latest_frame_20260813_071258) by extension 'ros'
[2.401s] Level 1:colcon.colcon_core.package_identification:_identify(saved_versions/camera_latest_frame_20260813_071258) by extensions ['cmake', 'python']
[2.401s] Level 1:colcon.colcon_core.package_identification:_identify(saved_versions/camera_latest_frame_20260813_071258) by extension 'cmake'
[2.401s] Level 1:colcon.colcon_core.package_identification:_identify(saved_versions/camera_latest_frame_20260813_071258) by extension 'python'
[2.401s] Level 1:colcon.colcon_core.package_identification:_identify(saved_versions/camera_latest_frame_20260813_071258) by extensions ['python_setup_py']
[2.401s] Level 1:colcon.colcon_core.package_identification:_identify(saved_versions/camera_latest_frame_20260813_071258) by extension 'python_setup_py'
[2.401s] Level 1:colcon.colcon_core.package_identification:_identify(saved_versions/camera_latest_frame_20260813_071258/ros2_test1) by extensions ['ignore', 'ignore_ament_install']
[2.401s] Level 1:colcon.colcon_core.package_identification:_identify(saved_versions/camera_latest_frame_20260813_071258/ros2_test1) by extension 'ignore'
[2.402s] Level 1:colcon.colcon_core.package_identification:_identify(saved_versions/camera_latest_frame_20260813_071258/ros2_test1) by extension 'ignore_ament_install'
[2.402s] Level 1:colcon.colcon_core.package_identification:_identify(saved_versions/camera_latest_frame_20260813_071258/ros2_test1) by extensions ['colcon_pkg']
[2.402s] Level 1:colcon.colcon_core.package_identification:_identify(saved_versions/camera_latest_frame_20260813_071258/ros2_test1) by extension 'colcon_pkg'
[2.402s] Level 1:colcon.colcon_core.package_identification:_identify(saved_versions/camera_latest_frame_20260813_071258/ros2_test1) by extensions ['colcon_meta']
[2.402s] Level 1:colcon.colcon_core.package_identification:_identify(saved_versions/camera_latest_frame_20260813_071258/ros2_test1) by extension 'colcon_meta'
[2.402s] Level 1:colcon.colcon_core.package_identification:_identify(saved_versions/camera_latest_frame_20260813_071258/ros2_test1) by extensions ['ros']
[2.402s] Level 1:colcon.colcon_core.package_identification:_identify(saved_versions/camera_latest_frame_20260813_071258/ros2_test1) by extension 'ros'
[2.402s] Level 1:colcon.colcon_core.package_identification:_identify(saved_versions/camera_latest_frame_20260813_071258/ros2_test1) by extensions ['cmake', 'python']
[2.402s] Level 1:colcon.colcon_core.package_identification:_identify(saved_versions/camera_latest_frame_20260813_071258/ros2_test1) by extension 'cmake'
[2.402s] Level 1:colcon.colcon_core.package_identification:_identify(saved_versions/camera_latest_frame_20260813_071258/ros2_test1) by extension 'python'
[2.402s] Level 1:colcon.colcon_core.package_identification:_identify(saved_versions/camera_latest_frame_20260813_071258/ros2_test1) by extensions ['python_setup_py']
[2.403s] Level 1:colcon.colcon_core.package_identification:_identify(saved_versions/camera_latest_frame_20260813_071258/ros2_test1) by extension 'python_setup_py'
[2.403s] Level 1:colcon.colcon_core.package_identification:_identify(saved_versions/camera_latest_frame_fix_20260813_071545) by extensions ['ignore', 'ignore_ament_install']
[2.403s] Level 1:colcon.colcon_core.package_identification:_identify(saved_versions/camera_latest_frame_fix_20260813_071545) by extension 'ignore'
[2.403s] Level 1:colcon.colcon_core.package_identification:_identify(saved_versions/camera_latest_frame_fix_20260813_071545) by extension 'ignore_ament_install'
[2.403s] Level 1:colcon.colcon_core.package_identification:_identify(saved_versions/camera_latest_frame_fix_20260813_071545) by extensions ['colcon_pkg']
[2.403s] Level 1:colcon.colcon_core.package_identification:_identify(saved_versions/camera_latest_frame_fix_20260813_071545) by extension 'colcon_pkg'
[2.403s] Level 1:colcon.colcon_core.package_identification:_identify(saved_versions/camera_latest_frame_fix_20260813_071545) by extensions ['colcon_meta']
[2.403s] Level 1:colcon.colcon_core.package_identification:_identify(saved_versions/camera_latest_frame_fix_20260813_071545) by extension 'colcon_meta'
[2.403s] Level 1:colcon.colcon_core.package_identification:_identify(saved_versions/camera_latest_frame_fix_20260813_071545) by extensions ['ros']
[2.403s] Level 1:colcon.colcon_core.package_identification:_identify(saved_versions/camera_latest_frame_fix_20260813_071545) by extension 'ros'
[2.403s] Level 1:colcon.colcon_core.package_identification:_identify(saved_versions/camera_latest_frame_fix_20260813_071545) by extensions ['cmake', 'python']
[2.403s] Level 1:colcon.colcon_core.package_identification:_identify(saved_versions/camera_latest_frame_fix_20260813_071545) by extension 'cmake'
[2.404s] Level 1:colcon.colcon_core.package_identification:_identify(saved_versions/camera_latest_frame_fix_20260813_071545) by extension 'python'
[2.404s] Level 1:colcon.colcon_core.package_identification:_identify(saved_versions/camera_latest_frame_fix_20260813_071545) by extensions ['python_setup_py']
[2.404s] Level 1:colcon.colcon_core.package_identification:_identify(saved_versions/camera_latest_frame_fix_20260813_071545) by extension 'python_setup_py'
[2.404s] Level 1:colcon.colcon_core.package_identification:_identify(saved_versions/codex_audit_backup_20260806_105415) by extensions ['ignore', 'ignore_ament_install']
[2.404s] Level 1:colcon.colcon_core.package_identification:_identify(saved_versions/codex_audit_backup_20260806_105415) by extension 'ignore'
[2.404s] Level 1:colcon.colcon_core.package_identification:_identify(saved_versions/codex_audit_backup_20260806_105415) by extension 'ignore_ament_install'
[2.404s] Level 1:colcon.colcon_core.package_identification:_identify(saved_versions/codex_audit_backup_20260806_105415) by extensions ['colcon_pkg']
[2.404s] Level 1:colcon.colcon_core.package_identification:_identify(saved_versions/codex_audit_backup_20260806_105415) by extension 'colcon_pkg'
[2.404s] Level 1:colcon.colcon_core.package_identification:_identify(saved_versions/codex_audit_backup_20260806_105415) by extensions ['colcon_meta']
[2.404s] Level 1:colcon.colcon_core.package_identification:_identify(saved_versions/codex_audit_backup_20260806_105415) by extension 'colcon_meta'
[2.405s] Level 1:colcon.colcon_core.package_identification:_identify(saved_versions/codex_audit_backup_20260806_105415) by extensions ['ros']
[2.405s] Level 1:colcon.colcon_core.package_identification:_identify(saved_versions/codex_audit_backup_20260806_105415) by extension 'ros'
[2.405s] Level 1:colcon.colcon_core.package_identification:_identify(saved_versions/codex_audit_backup_20260806_105415) by extensions ['cmake', 'python']
[2.405s] Level 1:colcon.colcon_core.package_identification:_identify(saved_versions/codex_audit_backup_20260806_105415) by extension 'cmake'
[2.405s] Level 1:colcon.colcon_core.package_identification:_identify(saved_versions/codex_audit_backup_20260806_105415) by extension 'python'
[2.405s] Level 1:colcon.colcon_core.package_identification:_identify(saved_versions/codex_audit_backup_20260806_105415) by extensions ['python_setup_py']
[2.405s] Level 1:colcon.colcon_core.package_identification:_identify(saved_versions/codex_audit_backup_20260806_105415) by extension 'python_setup_py'
[2.405s] Level 1:colcon.colcon_core.package_identification:_identify(saved_versions/codex_audit_backup_20260806_105415/ros2_test1) by extensions ['ignore', 'ignore_ament_install']
[2.405s] Level 1:colcon.colcon_core.package_identification:_identify(saved_versions/codex_audit_backup_20260806_105415/ros2_test1) by extension 'ignore'
[2.405s] Level 1:colcon.colcon_core.package_identification:_identify(saved_versions/codex_audit_backup_20260806_105415/ros2_test1) by extension 'ignore_ament_install'
[2.405s] Level 1:colcon.colcon_core.package_identification:_identify(saved_versions/codex_audit_backup_20260806_105415/ros2_test1) by extensions ['colcon_pkg']
[2.406s] Level 1:colcon.colcon_core.package_identification:_identify(saved_versions/codex_audit_backup_20260806_105415/ros2_test1) by extension 'colcon_pkg'
[2.406s] Level 1:colcon.colcon_core.package_identification:_identify(saved_versions/codex_audit_backup_20260806_105415/ros2_test1) by extensions ['colcon_meta']
[2.406s] Level 1:colcon.colcon_core.package_identification:_identify(saved_versions/codex_audit_backup_20260806_105415/ros2_test1) by extension 'colcon_meta'
[2.406s] Level 1:colcon.colcon_core.package_identification:_identify(saved_versions/codex_audit_backup_20260806_105415/ros2_test1) by extensions ['ros']
[2.406s] Level 1:colcon.colcon_core.package_identification:_identify(saved_versions/codex_audit_backup_20260806_105415/ros2_test1) by extension 'ros'
[2.406s] Level 1:colcon.colcon_core.package_identification:_identify(saved_versions/codex_audit_backup_20260806_105415/ros2_test1) by extensions ['cmake', 'python']
[2.406s] Level 1:colcon.colcon_core.package_identification:_identify(saved_versions/codex_audit_backup_20260806_105415/ros2_test1) by extension 'cmake'
[2.406s] Level 1:colcon.colcon_core.package_identification:_identify(saved_versions/codex_audit_backup_20260806_105415/ros2_test1) by extension 'python'
[2.406s] Level 1:colcon.colcon_core.package_identification:_identify(saved_versions/codex_audit_backup_20260806_105415/ros2_test1) by extensions ['python_setup_py']
[2.406s] Level 1:colcon.colcon_core.package_identification:_identify(saved_versions/codex_audit_backup_20260806_105415/ros2_test1) by extension 'python_setup_py'
[2.406s] Level 1:colcon.colcon_core.package_identification:_identify(saved_versions/codex_audit_backup_20260806_105415/ros2_test1/ros2_test1) by extensions ['ignore', 'ignore_ament_install']
[2.406s] Level 1:colcon.colcon_core.package_identification:_identify(saved_versions/codex_audit_backup_20260806_105415/ros2_test1/ros2_test1) by extension 'ignore'
[2.407s] Level 1:colcon.colcon_core.package_identification:_identify(saved_versions/codex_audit_backup_20260806_105415/ros2_test1/ros2_test1) by extension 'ignore_ament_install'
[2.407s] Level 1:colcon.colcon_core.package_identification:_identify(saved_versions/codex_audit_backup_20260806_105415/ros2_test1/ros2_test1) by extensions ['colcon_pkg']
[2.407s] Level 1:colcon.colcon_core.package_identification:_identify(saved_versions/codex_audit_backup_20260806_105415/ros2_test1/ros2_test1) by extension 'colcon_pkg'
[2.407s] Level 1:colcon.colcon_core.package_identification:_identify(saved_versions/codex_audit_backup_20260806_105415/ros2_test1/ros2_test1) by extensions ['colcon_meta']
[2.407s] Level 1:colcon.colcon_core.package_identification:_identify(saved_versions/codex_audit_backup_20260806_105415/ros2_test1/ros2_test1) by extension 'colcon_meta'
[2.407s] Level 1:colcon.colcon_core.package_identification:_identify(saved_versions/codex_audit_backup_20260806_105415/ros2_test1/ros2_test1) by extensions ['ros']
[2.407s] Level 1:colcon.colcon_core.package_identification:_identify(saved_versions/codex_audit_backup_20260806_105415/ros2_test1/ros2_test1) by extension 'ros'
[2.407s] Level 1:colcon.colcon_core.package_identification:_identify(saved_versions/codex_audit_backup_20260806_105415/ros2_test1/ros2_test1) by extensions ['cmake', 'python']
[2.407s] Level 1:colcon.colcon_core.package_identification:_identify(saved_versions/codex_audit_backup_20260806_105415/ros2_test1/ros2_test1) by extension 'cmake'
[2.407s] Level 1:colcon.colcon_core.package_identification:_identify(saved_versions/codex_audit_backup_20260806_105415/ros2_test1/ros2_test1) by extension 'python'
[2.407s] Level 1:colcon.colcon_core.package_identification:_identify(saved_versions/codex_audit_backup_20260806_105415/ros2_test1/ros2_test1) by extensions ['python_setup_py']
[2.407s] Level 1:colcon.colcon_core.package_identification:_identify(saved_versions/codex_audit_backup_20260806_105415/ros2_test1/ros2_test1) by extension 'python_setup_py'
[2.408s] Level 1:colcon.colcon_core.package_identification:_identify(saved_versions/codex_final_backup_20260806_105857) by extensions ['ignore', 'ignore_ament_install']
[2.408s] Level 1:colcon.colcon_core.package_identification:_identify(saved_versions/codex_final_backup_20260806_105857) by extension 'ignore'
[2.408s] Level 1:colcon.colcon_core.package_identification:_identify(saved_versions/codex_final_backup_20260806_105857) by extension 'ignore_ament_install'
[2.408s] Level 1:colcon.colcon_core.package_identification:_identify(saved_versions/codex_final_backup_20260806_105857) by extensions ['colcon_pkg']
[2.408s] Level 1:colcon.colcon_core.package_identification:_identify(saved_versions/codex_final_backup_20260806_105857) by extension 'colcon_pkg'
[2.408s] Level 1:colcon.colcon_core.package_identification:_identify(saved_versions/codex_final_backup_20260806_105857) by extensions ['colcon_meta']
[2.408s] Level 1:colcon.colcon_core.package_identification:_identify(saved_versions/codex_final_backup_20260806_105857) by extension 'colcon_meta'
[2.408s] Level 1:colcon.colcon_core.package_identification:_identify(saved_versions/codex_final_backup_20260806_105857) by extensions ['ros']
[2.408s] Level 1:colcon.colcon_core.package_identification:_identify(saved_versions/codex_final_backup_20260806_105857) by extension 'ros'
[2.409s] Level 1:colcon.colcon_core.package_identification:_identify(saved_versions/codex_final_backup_20260806_105857) by extensions ['cmake', 'python']
[2.409s] Level 1:colcon.colcon_core.package_identification:_identify(saved_versions/codex_final_backup_20260806_105857) by extension 'cmake'
[2.409s] Level 1:colcon.colcon_core.package_identification:_identify(saved_versions/codex_final_backup_20260806_105857) by extension 'python'
[2.409s] Level 1:colcon.colcon_core.package_identification:_identify(saved_versions/codex_final_backup_20260806_105857) by extensions ['python_setup_py']
[2.409s] Level 1:colcon.colcon_core.package_identification:_identify(saved_versions/codex_final_backup_20260806_105857) by extension 'python_setup_py'
[2.409s] Level 1:colcon.colcon_core.package_identification:_identify(saved_versions/disc_catch_station1_20260803_081421) by extensions ['ignore', 'ignore_ament_install']
[2.409s] Level 1:colcon.colcon_core.package_identification:_identify(saved_versions/disc_catch_station1_20260803_081421) by extension 'ignore'
[2.409s] Level 1:colcon.colcon_core.package_identification:_identify(saved_versions/disc_catch_station1_20260803_081421) by extension 'ignore_ament_install'
[2.409s] Level 1:colcon.colcon_core.package_identification:_identify(saved_versions/disc_catch_station1_20260803_081421) by extensions ['colcon_pkg']
[2.409s] Level 1:colcon.colcon_core.package_identification:_identify(saved_versions/disc_catch_station1_20260803_081421) by extension 'colcon_pkg'
[2.409s] Level 1:colcon.colcon_core.package_identification:_identify(saved_versions/disc_catch_station1_20260803_081421) by extensions ['colcon_meta']
[2.409s] Level 1:colcon.colcon_core.package_identification:_identify(saved_versions/disc_catch_station1_20260803_081421) by extension 'colcon_meta'
[2.410s] Level 1:colcon.colcon_core.package_identification:_identify(saved_versions/disc_catch_station1_20260803_081421) by extensions ['ros']
[2.410s] Level 1:colcon.colcon_core.package_identification:_identify(saved_versions/disc_catch_station1_20260803_081421) by extension 'ros'
[2.410s] Level 1:colcon.colcon_core.package_identification:_identify(saved_versions/disc_catch_station1_20260803_081421) by extensions ['cmake', 'python']
[2.410s] Level 1:colcon.colcon_core.package_identification:_identify(saved_versions/disc_catch_station1_20260803_081421) by extension 'cmake'
[2.410s] Level 1:colcon.colcon_core.package_identification:_identify(saved_versions/disc_catch_station1_20260803_081421) by extension 'python'
[2.410s] Level 1:colcon.colcon_core.package_identification:_identify(saved_versions/disc_catch_station1_20260803_081421) by extensions ['python_setup_py']
[2.410s] Level 1:colcon.colcon_core.package_identification:_identify(saved_versions/disc_catch_station1_20260803_081421) by extension 'python_setup_py'
[2.410s] Level 1:colcon.colcon_core.package_identification:_identify(saved_versions/disc_pulse_loop_fix_20260812_195439) by extensions ['ignore', 'ignore_ament_install']
[2.410s] Level 1:colcon.colcon_core.package_identification:_identify(saved_versions/disc_pulse_loop_fix_20260812_195439) by extension 'ignore'
[2.410s] Level 1:colcon.colcon_core.package_identification:_identify(saved_versions/disc_pulse_loop_fix_20260812_195439) by extension 'ignore_ament_install'
[2.411s] Level 1:colcon.colcon_core.package_identification:_identify(saved_versions/disc_pulse_loop_fix_20260812_195439) by extensions ['colcon_pkg']
[2.411s] Level 1:colcon.colcon_core.package_identification:_identify(saved_versions/disc_pulse_loop_fix_20260812_195439) by extension 'colcon_pkg'
[2.411s] Level 1:colcon.colcon_core.package_identification:_identify(saved_versions/disc_pulse_loop_fix_20260812_195439) by extensions ['colcon_meta']
[2.411s] Level 1:colcon.colcon_core.package_identification:_identify(saved_versions/disc_pulse_loop_fix_20260812_195439) by extension 'colcon_meta'
[2.411s] Level 1:colcon.colcon_core.package_identification:_identify(saved_versions/disc_pulse_loop_fix_20260812_195439) by extensions ['ros']
[2.411s] Level 1:colcon.colcon_core.package_identification:_identify(saved_versions/disc_pulse_loop_fix_20260812_195439) by extension 'ros'
[2.411s] Level 1:colcon.colcon_core.package_identification:_identify(saved_versions/disc_pulse_loop_fix_20260812_195439) by extensions ['cmake', 'python']
[2.411s] Level 1:colcon.colcon_core.package_identification:_identify(saved_versions/disc_pulse_loop_fix_20260812_195439) by extension 'cmake'
[2.411s] Level 1:colcon.colcon_core.package_identification:_identify(saved_versions/disc_pulse_loop_fix_20260812_195439) by extension 'python'
[2.411s] Level 1:colcon.colcon_core.package_identification:_identify(saved_versions/disc_pulse_loop_fix_20260812_195439) by extensions ['python_setup_py']
[2.411s] Level 1:colcon.colcon_core.package_identification:_identify(saved_versions/disc_pulse_loop_fix_20260812_195439) by extension 'python_setup_py'
[2.411s] Level 1:colcon.colcon_core.package_identification:_identify(saved_versions/disc_repeat_pulse_20260812_183616) by extensions ['ignore', 'ignore_ament_install']
[2.411s] Level 1:colcon.colcon_core.package_identification:_identify(saved_versions/disc_repeat_pulse_20260812_183616) by extension 'ignore'
[2.412s] Level 1:colcon.colcon_core.package_identification:_identify(saved_versions/disc_repeat_pulse_20260812_183616) by extension 'ignore_ament_install'
[2.412s] Level 1:colcon.colcon_core.package_identification:_identify(saved_versions/disc_repeat_pulse_20260812_183616) by extensions ['colcon_pkg']
[2.412s] Level 1:colcon.colcon_core.package_identification:_identify(saved_versions/disc_repeat_pulse_20260812_183616) by extension 'colcon_pkg'
[2.412s] Level 1:colcon.colcon_core.package_identification:_identify(saved_versions/disc_repeat_pulse_20260812_183616) by extensions ['colcon_meta']
[2.412s] Level 1:colcon.colcon_core.package_identification:_identify(saved_versions/disc_repeat_pulse_20260812_183616) by extension 'colcon_meta'
[2.412s] Level 1:colcon.colcon_core.package_identification:_identify(saved_versions/disc_repeat_pulse_20260812_183616) by extensions ['ros']
[2.412s] Level 1:colcon.colcon_core.package_identification:_identify(saved_versions/disc_repeat_pulse_20260812_183616) by extension 'ros'
[2.412s] Level 1:colcon.colcon_core.package_identification:_identify(saved_versions/disc_repeat_pulse_20260812_183616) by extensions ['cmake', 'python']
[2.412s] Level 1:colcon.colcon_core.package_identification:_identify(saved_versions/disc_repeat_pulse_20260812_183616) by extension 'cmake'
[2.413s] Level 1:colcon.colcon_core.package_identification:_identify(saved_versions/disc_repeat_pulse_20260812_183616) by extension 'python'
[2.413s] Level 1:colcon.colcon_core.package_identification:_identify(saved_versions/disc_repeat_pulse_20260812_183616) by extensions ['python_setup_py']
[2.413s] Level 1:colcon.colcon_core.package_identification:_identify(saved_versions/disc_repeat_pulse_20260812_183616) by extension 'python_setup_py'
[2.413s] Level 1:colcon.colcon_core.package_identification:_identify(saved_versions/disc_splitter_settle_1s_20260812_225912) by extensions ['ignore', 'ignore_ament_install']
[2.413s] Level 1:colcon.colcon_core.package_identification:_identify(saved_versions/disc_splitter_settle_1s_20260812_225912) by extension 'ignore'
[2.413s] Level 1:colcon.colcon_core.package_identification:_identify(saved_versions/disc_splitter_settle_1s_20260812_225912) by extension 'ignore_ament_install'
[2.413s] Level 1:colcon.colcon_core.package_identification:_identify(saved_versions/disc_splitter_settle_1s_20260812_225912) by extensions ['colcon_pkg']
[2.413s] Level 1:colcon.colcon_core.package_identification:_identify(saved_versions/disc_splitter_settle_1s_20260812_225912) by extension 'colcon_pkg'
[2.413s] Level 1:colcon.colcon_core.package_identification:_identify(saved_versions/disc_splitter_settle_1s_20260812_225912) by extensions ['colcon_meta']
[2.413s] Level 1:colcon.colcon_core.package_identification:_identify(saved_versions/disc_splitter_settle_1s_20260812_225912) by extension 'colcon_meta'
[2.413s] Level 1:colcon.colcon_core.package_identification:_identify(saved_versions/disc_splitter_settle_1s_20260812_225912) by extensions ['ros']
[2.413s] Level 1:colcon.colcon_core.package_identification:_identify(saved_versions/disc_splitter_settle_1s_20260812_225912) by extension 'ros'
[2.414s] Level 1:colcon.colcon_core.package_identification:_identify(saved_versions/disc_splitter_settle_1s_20260812_225912) by extensions ['cmake', 'python']
[2.414s] Level 1:colcon.colcon_core.package_identification:_identify(saved_versions/disc_splitter_settle_1s_20260812_225912) by extension 'cmake'
[2.414s] Level 1:colcon.colcon_core.package_identification:_identify(saved_versions/disc_splitter_settle_1s_20260812_225912) by extension 'python'
[2.414s] Level 1:colcon.colcon_core.package_identification:_identify(saved_versions/disc_splitter_settle_1s_20260812_225912) by extensions ['python_setup_py']
[2.414s] Level 1:colcon.colcon_core.package_identification:_identify(saved_versions/disc_splitter_settle_1s_20260812_225912) by extension 'python_setup_py'
[2.414s] Level 1:colcon.colcon_core.package_identification:_identify(saved_versions/disc_sync_id4_id7_400ms_20260812_230906) by extensions ['ignore', 'ignore_ament_install']
[2.414s] Level 1:colcon.colcon_core.package_identification:_identify(saved_versions/disc_sync_id4_id7_400ms_20260812_230906) by extension 'ignore'
[2.414s] Level 1:colcon.colcon_core.package_identification:_identify(saved_versions/disc_sync_id4_id7_400ms_20260812_230906) by extension 'ignore_ament_install'
[2.414s] Level 1:colcon.colcon_core.package_identification:_identify(saved_versions/disc_sync_id4_id7_400ms_20260812_230906) by extensions ['colcon_pkg']
[2.414s] Level 1:colcon.colcon_core.package_identification:_identify(saved_versions/disc_sync_id4_id7_400ms_20260812_230906) by extension 'colcon_pkg'
[2.415s] Level 1:colcon.colcon_core.package_identification:_identify(saved_versions/disc_sync_id4_id7_400ms_20260812_230906) by extensions ['colcon_meta']
[2.415s] Level 1:colcon.colcon_core.package_identification:_identify(saved_versions/disc_sync_id4_id7_400ms_20260812_230906) by extension 'colcon_meta'
[2.415s] Level 1:colcon.colcon_core.package_identification:_identify(saved_versions/disc_sync_id4_id7_400ms_20260812_230906) by extensions ['ros']
[2.415s] Level 1:colcon.colcon_core.package_identification:_identify(saved_versions/disc_sync_id4_id7_400ms_20260812_230906) by extension 'ros'
[2.415s] Level 1:colcon.colcon_core.package_identification:_identify(saved_versions/disc_sync_id4_id7_400ms_20260812_230906) by extensions ['cmake', 'python']
[2.415s] Level 1:colcon.colcon_core.package_identification:_identify(saved_versions/disc_sync_id4_id7_400ms_20260812_230906) by extension 'cmake'
[2.415s] Level 1:colcon.colcon_core.package_identification:_identify(saved_versions/disc_sync_id4_id7_400ms_20260812_230906) by extension 'python'
[2.415s] Level 1:colcon.colcon_core.package_identification:_identify(saved_versions/disc_sync_id4_id7_400ms_20260812_230906) by extensions ['python_setup_py']
[2.415s] Level 1:colcon.colcon_core.package_identification:_identify(saved_versions/disc_sync_id4_id7_400ms_20260812_230906) by extension 'python_setup_py'
[2.415s] Level 1:colcon.colcon_core.package_identification:_identify(saved_versions/fix_rk_chassis_profile_20260813_053053) by extensions ['ignore', 'ignore_ament_install']
[2.415s] Level 1:colcon.colcon_core.package_identification:_identify(saved_versions/fix_rk_chassis_profile_20260813_053053) by extension 'ignore'
[2.416s] Level 1:colcon.colcon_core.package_identification:_identify(saved_versions/fix_rk_chassis_profile_20260813_053053) by extension 'ignore_ament_install'
[2.416s] Level 1:colcon.colcon_core.package_identification:_identify(saved_versions/fix_rk_chassis_profile_20260813_053053) by extensions ['colcon_pkg']
[2.416s] Level 1:colcon.colcon_core.package_identification:_identify(saved_versions/fix_rk_chassis_profile_20260813_053053) by extension 'colcon_pkg'
[2.416s] Level 1:colcon.colcon_core.package_identification:_identify(saved_versions/fix_rk_chassis_profile_20260813_053053) by extensions ['colcon_meta']
[2.416s] Level 1:colcon.colcon_core.package_identification:_identify(saved_versions/fix_rk_chassis_profile_20260813_053053) by extension 'colcon_meta'
[2.416s] Level 1:colcon.colcon_core.package_identification:_identify(saved_versions/fix_rk_chassis_profile_20260813_053053) by extensions ['ros']
[2.416s] Level 1:colcon.colcon_core.package_identification:_identify(saved_versions/fix_rk_chassis_profile_20260813_053053) by extension 'ros'
[2.416s] Level 1:colcon.colcon_core.package_identification:_identify(saved_versions/fix_rk_chassis_profile_20260813_053053) by extensions ['cmake', 'python']
[2.416s] Level 1:colcon.colcon_core.package_identification:_identify(saved_versions/fix_rk_chassis_profile_20260813_053053) by extension 'cmake'
[2.416s] Level 1:colcon.colcon_core.package_identification:_identify(saved_versions/fix_rk_chassis_profile_20260813_053053) by extension 'python'
[2.416s] Level 1:colcon.colcon_core.package_identification:_identify(saved_versions/fix_rk_chassis_profile_20260813_053053) by extensions ['python_setup_py']
[2.416s] Level 1:colcon.colcon_core.package_identification:_identify(saved_versions/fix_rk_chassis_profile_20260813_053053) by extension 'python_setup_py'
[2.417s] Level 1:colcon.colcon_core.package_identification:_identify(saved_versions/fix_rk_chassis_profile_20260813_053053/ros2_test1) by extensions ['ignore', 'ignore_ament_install']
[2.417s] Level 1:colcon.colcon_core.package_identification:_identify(saved_versions/fix_rk_chassis_profile_20260813_053053/ros2_test1) by extension 'ignore'
[2.417s] Level 1:colcon.colcon_core.package_identification:_identify(saved_versions/fix_rk_chassis_profile_20260813_053053/ros2_test1) by extension 'ignore_ament_install'
[2.417s] Level 1:colcon.colcon_core.package_identification:_identify(saved_versions/fix_rk_chassis_profile_20260813_053053/ros2_test1) by extensions ['colcon_pkg']
[2.417s] Level 1:colcon.colcon_core.package_identification:_identify(saved_versions/fix_rk_chassis_profile_20260813_053053/ros2_test1) by extension 'colcon_pkg'
[2.417s] Level 1:colcon.colcon_core.package_identification:_identify(saved_versions/fix_rk_chassis_profile_20260813_053053/ros2_test1) by extensions ['colcon_meta']
[2.417s] Level 1:colcon.colcon_core.package_identification:_identify(saved_versions/fix_rk_chassis_profile_20260813_053053/ros2_test1) by extension 'colcon_meta'
[2.417s] Level 1:colcon.colcon_core.package_identification:_identify(saved_versions/fix_rk_chassis_profile_20260813_053053/ros2_test1) by extensions ['ros']
[2.417s] Level 1:colcon.colcon_core.package_identification:_identify(saved_versions/fix_rk_chassis_profile_20260813_053053/ros2_test1) by extension 'ros'
[2.417s] Level 1:colcon.colcon_core.package_identification:_identify(saved_versions/fix_rk_chassis_profile_20260813_053053/ros2_test1) by extensions ['cmake', 'python']
[2.417s] Level 1:colcon.colcon_core.package_identification:_identify(saved_versions/fix_rk_chassis_profile_20260813_053053/ros2_test1) by extension 'cmake'
[2.417s] Level 1:colcon.colcon_core.package_identification:_identify(saved_versions/fix_rk_chassis_profile_20260813_053053/ros2_test1) by extension 'python'
[2.418s] Level 1:colcon.colcon_core.package_identification:_identify(saved_versions/fix_rk_chassis_profile_20260813_053053/ros2_test1) by extensions ['python_setup_py']
[2.418s] Level 1:colcon.colcon_core.package_identification:_identify(saved_versions/fix_rk_chassis_profile_20260813_053053/ros2_test1) by extension 'python_setup_py'
[2.418s] Level 1:colcon.colcon_core.package_identification:_identify(saved_versions/fix_rk_chassis_profile_20260813_053053/ros2_test1/ros2_test1) by extensions ['ignore', 'ignore_ament_install']
[2.418s] Level 1:colcon.colcon_core.package_identification:_identify(saved_versions/fix_rk_chassis_profile_20260813_053053/ros2_test1/ros2_test1) by extension 'ignore'
[2.418s] Level 1:colcon.colcon_core.package_identification:_identify(saved_versions/fix_rk_chassis_profile_20260813_053053/ros2_test1/ros2_test1) by extension 'ignore_ament_install'
[2.418s] Level 1:colcon.colcon_core.package_identification:_identify(saved_versions/fix_rk_chassis_profile_20260813_053053/ros2_test1/ros2_test1) by extensions ['colcon_pkg']
[2.418s] Level 1:colcon.colcon_core.package_identification:_identify(saved_versions/fix_rk_chassis_profile_20260813_053053/ros2_test1/ros2_test1) by extension 'colcon_pkg'
[2.418s] Level 1:colcon.colcon_core.package_identification:_identify(saved_versions/fix_rk_chassis_profile_20260813_053053/ros2_test1/ros2_test1) by extensions ['colcon_meta']
[2.418s] Level 1:colcon.colcon_core.package_identification:_identify(saved_versions/fix_rk_chassis_profile_20260813_053053/ros2_test1/ros2_test1) by extension 'colcon_meta'
[2.418s] Level 1:colcon.colcon_core.package_identification:_identify(saved_versions/fix_rk_chassis_profile_20260813_053053/ros2_test1/ros2_test1) by extensions ['ros']
[2.418s] Level 1:colcon.colcon_core.package_identification:_identify(saved_versions/fix_rk_chassis_profile_20260813_053053/ros2_test1/ros2_test1) by extension 'ros'
[2.419s] Level 1:colcon.colcon_core.package_identification:_identify(saved_versions/fix_rk_chassis_profile_20260813_053053/ros2_test1/ros2_test1) by extensions ['cmake', 'python']
[2.419s] Level 1:colcon.colcon_core.package_identification:_identify(saved_versions/fix_rk_chassis_profile_20260813_053053/ros2_test1/ros2_test1) by extension 'cmake'
[2.419s] Level 1:colcon.colcon_core.package_identification:_identify(saved_versions/fix_rk_chassis_profile_20260813_053053/ros2_test1/ros2_test1) by extension 'python'
[2.419s] Level 1:colcon.colcon_core.package_identification:_identify(saved_versions/fix_rk_chassis_profile_20260813_053053/ros2_test1/ros2_test1) by extensions ['python_setup_py']
[2.419s] Level 1:colcon.colcon_core.package_identification:_identify(saved_versions/fix_rk_chassis_profile_20260813_053053/ros2_test1/ros2_test1) by extension 'python_setup_py'
[2.419s] Level 1:colcon.colcon_core.package_identification:_identify(saved_versions/formal_sync_20260802_170858) by extensions ['ignore', 'ignore_ament_install']
[2.419s] Level 1:colcon.colcon_core.package_identification:_identify(saved_versions/formal_sync_20260802_170858) by extension 'ignore'
[2.419s] Level 1:colcon.colcon_core.package_identification:_identify(saved_versions/formal_sync_20260802_170858) by extension 'ignore_ament_install'
[2.419s] Level 1:colcon.colcon_core.package_identification:_identify(saved_versions/formal_sync_20260802_170858) by extensions ['colcon_pkg']
[2.419s] Level 1:colcon.colcon_core.package_identification:_identify(saved_versions/formal_sync_20260802_170858) by extension 'colcon_pkg'
[2.419s] Level 1:colcon.colcon_core.package_identification:_identify(saved_versions/formal_sync_20260802_170858) by extensions ['colcon_meta']
[2.420s] Level 1:colcon.colcon_core.package_identification:_identify(saved_versions/formal_sync_20260802_170858) by extension 'colcon_meta'
[2.420s] Level 1:colcon.colcon_core.package_identification:_identify(saved_versions/formal_sync_20260802_170858) by extensions ['ros']
[2.420s] Level 1:colcon.colcon_core.package_identification:_identify(saved_versions/formal_sync_20260802_170858) by extension 'ros'
[2.420s] Level 1:colcon.colcon_core.package_identification:_identify(saved_versions/formal_sync_20260802_170858) by extensions ['cmake', 'python']
[2.420s] Level 1:colcon.colcon_core.package_identification:_identify(saved_versions/formal_sync_20260802_170858) by extension 'cmake'
[2.420s] Level 1:colcon.colcon_core.package_identification:_identify(saved_versions/formal_sync_20260802_170858) by extension 'python'
[2.420s] Level 1:colcon.colcon_core.package_identification:_identify(saved_versions/formal_sync_20260802_170858) by extensions ['python_setup_py']
[2.420s] Level 1:colcon.colcon_core.package_identification:_identify(saved_versions/formal_sync_20260802_170858) by extension 'python_setup_py'
[2.420s] Level 1:colcon.colcon_core.package_identification:_identify(saved_versions/home_baseline_20260803_075203) by extensions ['ignore', 'ignore_ament_install']
[2.420s] Level 1:colcon.colcon_core.package_identification:_identify(saved_versions/home_baseline_20260803_075203) by extension 'ignore'
[2.421s] Level 1:colcon.colcon_core.package_identification:_identify(saved_versions/home_baseline_20260803_075203) by extension 'ignore_ament_install'
[2.421s] Level 1:colcon.colcon_core.package_identification:_identify(saved_versions/home_baseline_20260803_075203) by extensions ['colcon_pkg']
[2.421s] Level 1:colcon.colcon_core.package_identification:_identify(saved_versions/home_baseline_20260803_075203) by extension 'colcon_pkg'
[2.421s] Level 1:colcon.colcon_core.package_identification:_identify(saved_versions/home_baseline_20260803_075203) by extensions ['colcon_meta']
[2.421s] Level 1:colcon.colcon_core.package_identification:_identify(saved_versions/home_baseline_20260803_075203) by extension 'colcon_meta'
[2.421s] Level 1:colcon.colcon_core.package_identification:_identify(saved_versions/home_baseline_20260803_075203) by extensions ['ros']
[2.421s] Level 1:colcon.colcon_core.package_identification:_identify(saved_versions/home_baseline_20260803_075203) by extension 'ros'
[2.421s] Level 1:colcon.colcon_core.package_identification:_identify(saved_versions/home_baseline_20260803_075203) by extensions ['cmake', 'python']
[2.421s] Level 1:colcon.colcon_core.package_identification:_identify(saved_versions/home_baseline_20260803_075203) by extension 'cmake'
[2.421s] Level 1:colcon.colcon_core.package_identification:_identify(saved_versions/home_baseline_20260803_075203) by extension 'python'
[2.422s] Level 1:colcon.colcon_core.package_identification:_identify(saved_versions/home_baseline_20260803_075203) by extensions ['python_setup_py']
[2.422s] Level 1:colcon.colcon_core.package_identification:_identify(saved_versions/home_baseline_20260803_075203) by extension 'python_setup_py'
[2.422s] Level 1:colcon.colcon_core.package_identification:_identify(saved_versions/id4_splitter_speed_match_id7_20260813_234407) by extensions ['ignore', 'ignore_ament_install']
[2.422s] Level 1:colcon.colcon_core.package_identification:_identify(saved_versions/id4_splitter_speed_match_id7_20260813_234407) by extension 'ignore'
[2.422s] Level 1:colcon.colcon_core.package_identification:_identify(saved_versions/id4_splitter_speed_match_id7_20260813_234407) by extension 'ignore_ament_install'
[2.422s] Level 1:colcon.colcon_core.package_identification:_identify(saved_versions/id4_splitter_speed_match_id7_20260813_234407) by extensions ['colcon_pkg']
[2.422s] Level 1:colcon.colcon_core.package_identification:_identify(saved_versions/id4_splitter_speed_match_id7_20260813_234407) by extension 'colcon_pkg'
[2.422s] Level 1:colcon.colcon_core.package_identification:_identify(saved_versions/id4_splitter_speed_match_id7_20260813_234407) by extensions ['colcon_meta']
[2.422s] Level 1:colcon.colcon_core.package_identification:_identify(saved_versions/id4_splitter_speed_match_id7_20260813_234407) by extension 'colcon_meta'
[2.422s] Level 1:colcon.colcon_core.package_identification:_identify(saved_versions/id4_splitter_speed_match_id7_20260813_234407) by extensions ['ros']
[2.422s] Level 1:colcon.colcon_core.package_identification:_identify(saved_versions/id4_splitter_speed_match_id7_20260813_234407) by extension 'ros'
[2.423s] Level 1:colcon.colcon_core.package_identification:_identify(saved_versions/id4_splitter_speed_match_id7_20260813_234407) by extensions ['cmake', 'python']
[2.423s] Level 1:colcon.colcon_core.package_identification:_identify(saved_versions/id4_splitter_speed_match_id7_20260813_234407) by extension 'cmake'
[2.423s] Level 1:colcon.colcon_core.package_identification:_identify(saved_versions/id4_splitter_speed_match_id7_20260813_234407) by extension 'python'
[2.423s] Level 1:colcon.colcon_core.package_identification:_identify(saved_versions/id4_splitter_speed_match_id7_20260813_234407) by extensions ['python_setup_py']
[2.423s] Level 1:colcon.colcon_core.package_identification:_identify(saved_versions/id4_splitter_speed_match_id7_20260813_234407) by extension 'python_setup_py'
[2.423s] Level 1:colcon.colcon_core.package_identification:_identify(saved_versions/id4_splitter_speed_match_id7_20260813_234407/ros2_test1) by extensions ['ignore', 'ignore_ament_install']
[2.423s] Level 1:colcon.colcon_core.package_identification:_identify(saved_versions/id4_splitter_speed_match_id7_20260813_234407/ros2_test1) by extension 'ignore'
[2.423s] Level 1:colcon.colcon_core.package_identification:_identify(saved_versions/id4_splitter_speed_match_id7_20260813_234407/ros2_test1) by extension 'ignore_ament_install'
[2.423s] Level 1:colcon.colcon_core.package_identification:_identify(saved_versions/id4_splitter_speed_match_id7_20260813_234407/ros2_test1) by extensions ['colcon_pkg']
[2.424s] Level 1:colcon.colcon_core.package_identification:_identify(saved_versions/id4_splitter_speed_match_id7_20260813_234407/ros2_test1) by extension 'colcon_pkg'
[2.424s] Level 1:colcon.colcon_core.package_identification:_identify(saved_versions/id4_splitter_speed_match_id7_20260813_234407/ros2_test1) by extensions ['colcon_meta']
[2.424s] Level 1:colcon.colcon_core.package_identification:_identify(saved_versions/id4_splitter_speed_match_id7_20260813_234407/ros2_test1) by extension 'colcon_meta'
[2.424s] Level 1:colcon.colcon_core.package_identification:_identify(saved_versions/id4_splitter_speed_match_id7_20260813_234407/ros2_test1) by extensions ['ros']
[2.424s] Level 1:colcon.colcon_core.package_identification:_identify(saved_versions/id4_splitter_speed_match_id7_20260813_234407/ros2_test1) by extension 'ros'
[2.424s] Level 1:colcon.colcon_core.package_identification:_identify(saved_versions/id4_splitter_speed_match_id7_20260813_234407/ros2_test1) by extensions ['cmake', 'python']
[2.424s] Level 1:colcon.colcon_core.package_identification:_identify(saved_versions/id4_splitter_speed_match_id7_20260813_234407/ros2_test1) by extension 'cmake'
[2.424s] Level 1:colcon.colcon_core.package_identification:_identify(saved_versions/id4_splitter_speed_match_id7_20260813_234407/ros2_test1) by extension 'python'
[2.424s] Level 1:colcon.colcon_core.package_identification:_identify(saved_versions/id4_splitter_speed_match_id7_20260813_234407/ros2_test1) by extensions ['python_setup_py']
[2.424s] Level 1:colcon.colcon_core.package_identification:_identify(saved_versions/id4_splitter_speed_match_id7_20260813_234407/ros2_test1) by extension 'python_setup_py'
[2.425s] Level 1:colcon.colcon_core.package_identification:_identify(saved_versions/id4_splitter_speed_match_id7_20260813_234407/ros2_test1/ros2_test1) by extensions ['ignore', 'ignore_ament_install']
[2.425s] Level 1:colcon.colcon_core.package_identification:_identify(saved_versions/id4_splitter_speed_match_id7_20260813_234407/ros2_test1/ros2_test1) by extension 'ignore'
[2.425s] Level 1:colcon.colcon_core.package_identification:_identify(saved_versions/id4_splitter_speed_match_id7_20260813_234407/ros2_test1/ros2_test1) by extension 'ignore_ament_install'
[2.425s] Level 1:colcon.colcon_core.package_identification:_identify(saved_versions/id4_splitter_speed_match_id7_20260813_234407/ros2_test1/ros2_test1) by extensions ['colcon_pkg']
[2.425s] Level 1:colcon.colcon_core.package_identification:_identify(saved_versions/id4_splitter_speed_match_id7_20260813_234407/ros2_test1/ros2_test1) by extension 'colcon_pkg'
[2.425s] Level 1:colcon.colcon_core.package_identification:_identify(saved_versions/id4_splitter_speed_match_id7_20260813_234407/ros2_test1/ros2_test1) by extensions ['colcon_meta']
[2.425s] Level 1:colcon.colcon_core.package_identification:_identify(saved_versions/id4_splitter_speed_match_id7_20260813_234407/ros2_test1/ros2_test1) by extension 'colcon_meta'
[2.425s] Level 1:colcon.colcon_core.package_identification:_identify(saved_versions/id4_splitter_speed_match_id7_20260813_234407/ros2_test1/ros2_test1) by extensions ['ros']
[2.425s] Level 1:colcon.colcon_core.package_identification:_identify(saved_versions/id4_splitter_speed_match_id7_20260813_234407/ros2_test1/ros2_test1) by extension 'ros'
[2.425s] Level 1:colcon.colcon_core.package_identification:_identify(saved_versions/id4_splitter_speed_match_id7_20260813_234407/ros2_test1/ros2_test1) by extensions ['cmake', 'python']
[2.426s] Level 1:colcon.colcon_core.package_identification:_identify(saved_versions/id4_splitter_speed_match_id7_20260813_234407/ros2_test1/ros2_test1) by extension 'cmake'
[2.426s] Level 1:colcon.colcon_core.package_identification:_identify(saved_versions/id4_splitter_speed_match_id7_20260813_234407/ros2_test1/ros2_test1) by extension 'python'
[2.426s] Level 1:colcon.colcon_core.package_identification:_identify(saved_versions/id4_splitter_speed_match_id7_20260813_234407/ros2_test1/ros2_test1) by extensions ['python_setup_py']
[2.426s] Level 1:colcon.colcon_core.package_identification:_identify(saved_versions/id4_splitter_speed_match_id7_20260813_234407/ros2_test1/ros2_test1) by extension 'python_setup_py'
[2.426s] Level 1:colcon.colcon_core.package_identification:_identify(saved_versions/id4_splitter_speed_start_script_20260813_234518) by extensions ['ignore', 'ignore_ament_install']
[2.426s] Level 1:colcon.colcon_core.package_identification:_identify(saved_versions/id4_splitter_speed_start_script_20260813_234518) by extension 'ignore'
[2.426s] Level 1:colcon.colcon_core.package_identification:_identify(saved_versions/id4_splitter_speed_start_script_20260813_234518) by extension 'ignore_ament_install'
[2.426s] Level 1:colcon.colcon_core.package_identification:_identify(saved_versions/id4_splitter_speed_start_script_20260813_234518) by extensions ['colcon_pkg']
[2.426s] Level 1:colcon.colcon_core.package_identification:_identify(saved_versions/id4_splitter_speed_start_script_20260813_234518) by extension 'colcon_pkg'
[2.426s] Level 1:colcon.colcon_core.package_identification:_identify(saved_versions/id4_splitter_speed_start_script_20260813_234518) by extensions ['colcon_meta']
[2.426s] Level 1:colcon.colcon_core.package_identification:_identify(saved_versions/id4_splitter_speed_start_script_20260813_234518) by extension 'colcon_meta'
[2.426s] Level 1:colcon.colcon_core.package_identification:_identify(saved_versions/id4_splitter_speed_start_script_20260813_234518) by extensions ['ros']
[2.427s] Level 1:colcon.colcon_core.package_identification:_identify(saved_versions/id4_splitter_speed_start_script_20260813_234518) by extension 'ros'
[2.427s] Level 1:colcon.colcon_core.package_identification:_identify(saved_versions/id4_splitter_speed_start_script_20260813_234518) by extensions ['cmake', 'python']
[2.427s] Level 1:colcon.colcon_core.package_identification:_identify(saved_versions/id4_splitter_speed_start_script_20260813_234518) by extension 'cmake'
[2.427s] Level 1:colcon.colcon_core.package_identification:_identify(saved_versions/id4_splitter_speed_start_script_20260813_234518) by extension 'python'
[2.427s] Level 1:colcon.colcon_core.package_identification:_identify(saved_versions/id4_splitter_speed_start_script_20260813_234518) by extensions ['python_setup_py']
[2.427s] Level 1:colcon.colcon_core.package_identification:_identify(saved_versions/id4_splitter_speed_start_script_20260813_234518) by extension 'python_setup_py'
[2.427s] Level 1:colcon.colcon_core.package_identification:_identify(saved_versions/id7_gripper_fast_20260812_225205) by extensions ['ignore', 'ignore_ament_install']
[2.427s] Level 1:colcon.colcon_core.package_identification:_identify(saved_versions/id7_gripper_fast_20260812_225205) by extension 'ignore'
[2.427s] Level 1:colcon.colcon_core.package_identification:_identify(saved_versions/id7_gripper_fast_20260812_225205) by extension 'ignore_ament_install'
[2.427s] Level 1:colcon.colcon_core.package_identification:_identify(saved_versions/id7_gripper_fast_20260812_225205) by extensions ['colcon_pkg']
[2.427s] Level 1:colcon.colcon_core.package_identification:_identify(saved_versions/id7_gripper_fast_20260812_225205) by extension 'colcon_pkg'
[2.428s] Level 1:colcon.colcon_core.package_identification:_identify(saved_versions/id7_gripper_fast_20260812_225205) by extensions ['colcon_meta']
[2.428s] Level 1:colcon.colcon_core.package_identification:_identify(saved_versions/id7_gripper_fast_20260812_225205) by extension 'colcon_meta'
[2.428s] Level 1:colcon.colcon_core.package_identification:_identify(saved_versions/id7_gripper_fast_20260812_225205) by extensions ['ros']
[2.428s] Level 1:colcon.colcon_core.package_identification:_identify(saved_versions/id7_gripper_fast_20260812_225205) by extension 'ros'
[2.428s] Level 1:colcon.colcon_core.package_identification:_identify(saved_versions/id7_gripper_fast_20260812_225205) by extensions ['cmake', 'python']
[2.428s] Level 1:colcon.colcon_core.package_identification:_identify(saved_versions/id7_gripper_fast_20260812_225205) by extension 'cmake'
[2.428s] Level 1:colcon.colcon_core.package_identification:_identify(saved_versions/id7_gripper_fast_20260812_225205) by extension 'python'
[2.428s] Level 1:colcon.colcon_core.package_identification:_identify(saved_versions/id7_gripper_fast_20260812_225205) by extensions ['python_setup_py']
[2.428s] Level 1:colcon.colcon_core.package_identification:_identify(saved_versions/id7_gripper_fast_20260812_225205) by extension 'python_setup_py'
[2.428s] Level 1:colcon.colcon_core.package_identification:_identify(saved_versions/id7_gripper_speed_20260812_182929) by extensions ['ignore', 'ignore_ament_install']
[2.429s] Level 1:colcon.colcon_core.package_identification:_identify(saved_versions/id7_gripper_speed_20260812_182929) by extension 'ignore'
[2.429s] Level 1:colcon.colcon_core.package_identification:_identify(saved_versions/id7_gripper_speed_20260812_182929) by extension 'ignore_ament_install'
[2.429s] Level 1:colcon.colcon_core.package_identification:_identify(saved_versions/id7_gripper_speed_20260812_182929) by extensions ['colcon_pkg']
[2.429s] Level 1:colcon.colcon_core.package_identification:_identify(saved_versions/id7_gripper_speed_20260812_182929) by extension 'colcon_pkg'
[2.429s] Level 1:colcon.colcon_core.package_identification:_identify(saved_versions/id7_gripper_speed_20260812_182929) by extensions ['colcon_meta']
[2.429s] Level 1:colcon.colcon_core.package_identification:_identify(saved_versions/id7_gripper_speed_20260812_182929) by extension 'colcon_meta'
[2.429s] Level 1:colcon.colcon_core.package_identification:_identify(saved_versions/id7_gripper_speed_20260812_182929) by extensions ['ros']
[2.429s] Level 1:colcon.colcon_core.package_identification:_identify(saved_versions/id7_gripper_speed_20260812_182929) by extension 'ros'
[2.429s] Level 1:colcon.colcon_core.package_identification:_identify(saved_versions/id7_gripper_speed_20260812_182929) by extensions ['cmake', 'python']
[2.429s] Level 1:colcon.colcon_core.package_identification:_identify(saved_versions/id7_gripper_speed_20260812_182929) by extension 'cmake'
[2.429s] Level 1:colcon.colcon_core.package_identification:_identify(saved_versions/id7_gripper_speed_20260812_182929) by extension 'python'
[2.429s] Level 1:colcon.colcon_core.package_identification:_identify(saved_versions/id7_gripper_speed_20260812_182929) by extensions ['python_setup_py']
[2.429s] Level 1:colcon.colcon_core.package_identification:_identify(saved_versions/id7_gripper_speed_20260812_182929) by extension 'python_setup_py'
[2.430s] Level 1:colcon.colcon_core.package_identification:_identify(saved_versions/rk_direct_saved_20260725_vision_grasp) by extensions ['ignore', 'ignore_ament_install']
[2.430s] Level 1:colcon.colcon_core.package_identification:_identify(saved_versions/rk_direct_saved_20260725_vision_grasp) by extension 'ignore'
[2.430s] Level 1:colcon.colcon_core.package_identification:_identify(saved_versions/rk_direct_saved_20260725_vision_grasp) by extension 'ignore_ament_install'
[2.430s] Level 1:colcon.colcon_core.package_identification:_identify(saved_versions/rk_direct_saved_20260725_vision_grasp) by extensions ['colcon_pkg']
[2.430s] Level 1:colcon.colcon_core.package_identification:_identify(saved_versions/rk_direct_saved_20260725_vision_grasp) by extension 'colcon_pkg'
[2.430s] Level 1:colcon.colcon_core.package_identification:_identify(saved_versions/rk_direct_saved_20260725_vision_grasp) by extensions ['colcon_meta']
[2.430s] Level 1:colcon.colcon_core.package_identification:_identify(saved_versions/rk_direct_saved_20260725_vision_grasp) by extension 'colcon_meta'
[2.430s] Level 1:colcon.colcon_core.package_identification:_identify(saved_versions/rk_direct_saved_20260725_vision_grasp) by extensions ['ros']
[2.430s] Level 1:colcon.colcon_core.package_identification:_identify(saved_versions/rk_direct_saved_20260725_vision_grasp) by extension 'ros'
[2.430s] Level 1:colcon.colcon_core.package_identification:_identify(saved_versions/rk_direct_saved_20260725_vision_grasp) by extensions ['cmake', 'python']
[2.430s] Level 1:colcon.colcon_core.package_identification:_identify(saved_versions/rk_direct_saved_20260725_vision_grasp) by extension 'cmake'
[2.430s] Level 1:colcon.colcon_core.package_identification:_identify(saved_versions/rk_direct_saved_20260725_vision_grasp) by extension 'python'
[2.430s] Level 1:colcon.colcon_core.package_identification:_identify(saved_versions/rk_direct_saved_20260725_vision_grasp) by extensions ['python_setup_py']
[2.431s] Level 1:colcon.colcon_core.package_identification:_identify(saved_versions/rk_direct_saved_20260725_vision_grasp) by extension 'python_setup_py'
[2.431s] Level 1:colcon.colcon_core.package_identification:_identify(saved_versions/rk_h7_review_incremental_20260809_001640) by extensions ['ignore', 'ignore_ament_install']
[2.431s] Level 1:colcon.colcon_core.package_identification:_identify(saved_versions/rk_h7_review_incremental_20260809_001640) by extension 'ignore'
[2.431s] Level 1:colcon.colcon_core.package_identification:_identify(saved_versions/rk_h7_review_incremental_20260809_001640) by extension 'ignore_ament_install'
[2.431s] Level 1:colcon.colcon_core.package_identification:_identify(saved_versions/rk_h7_review_incremental_20260809_001640) by extensions ['colcon_pkg']
[2.431s] Level 1:colcon.colcon_core.package_identification:_identify(saved_versions/rk_h7_review_incremental_20260809_001640) by extension 'colcon_pkg'
[2.431s] Level 1:colcon.colcon_core.package_identification:_identify(saved_versions/rk_h7_review_incremental_20260809_001640) by extensions ['colcon_meta']
[2.431s] Level 1:colcon.colcon_core.package_identification:_identify(saved_versions/rk_h7_review_incremental_20260809_001640) by extension 'colcon_meta'
[2.431s] Level 1:colcon.colcon_core.package_identification:_identify(saved_versions/rk_h7_review_incremental_20260809_001640) by extensions ['ros']
[2.431s] Level 1:colcon.colcon_core.package_identification:_identify(saved_versions/rk_h7_review_incremental_20260809_001640) by extension 'ros'
[2.431s] Level 1:colcon.colcon_core.package_identification:_identify(saved_versions/rk_h7_review_incremental_20260809_001640) by extensions ['cmake', 'python']
[2.431s] Level 1:colcon.colcon_core.package_identification:_identify(saved_versions/rk_h7_review_incremental_20260809_001640) by extension 'cmake'
[2.431s] Level 1:colcon.colcon_core.package_identification:_identify(saved_versions/rk_h7_review_incremental_20260809_001640) by extension 'python'
[2.432s] Level 1:colcon.colcon_core.package_identification:_identify(saved_versions/rk_h7_review_incremental_20260809_001640) by extensions ['python_setup_py']
[2.432s] Level 1:colcon.colcon_core.package_identification:_identify(saved_versions/rk_h7_review_incremental_20260809_001640) by extension 'python_setup_py'
[2.432s] Level 1:colcon.colcon_core.package_identification:_identify(saved_versions/rk_h7_review_incremental_20260809_001640/ros2_test1) by extensions ['ignore', 'ignore_ament_install']
[2.432s] Level 1:colcon.colcon_core.package_identification:_identify(saved_versions/rk_h7_review_incremental_20260809_001640/ros2_test1) by extension 'ignore'
[2.432s] Level 1:colcon.colcon_core.package_identification:_identify(saved_versions/rk_h7_review_incremental_20260809_001640/ros2_test1) by extension 'ignore_ament_install'
[2.432s] Level 1:colcon.colcon_core.package_identification:_identify(saved_versions/rk_h7_review_incremental_20260809_001640/ros2_test1) by extensions ['colcon_pkg']
[2.432s] Level 1:colcon.colcon_core.package_identification:_identify(saved_versions/rk_h7_review_incremental_20260809_001640/ros2_test1) by extension 'colcon_pkg'
[2.432s] Level 1:colcon.colcon_core.package_identification:_identify(saved_versions/rk_h7_review_incremental_20260809_001640/ros2_test1) by extensions ['colcon_meta']
[2.432s] Level 1:colcon.colcon_core.package_identification:_identify(saved_versions/rk_h7_review_incremental_20260809_001640/ros2_test1) by extension 'colcon_meta'
[2.432s] Level 1:colcon.colcon_core.package_identification:_identify(saved_versions/rk_h7_review_incremental_20260809_001640/ros2_test1) by extensions ['ros']
[2.432s] Level 1:colcon.colcon_core.package_identification:_identify(saved_versions/rk_h7_review_incremental_20260809_001640/ros2_test1) by extension 'ros'
[2.433s] Level 1:colcon.colcon_core.package_identification:_identify(saved_versions/rk_h7_review_incremental_20260809_001640/ros2_test1) by extensions ['cmake', 'python']
[2.433s] Level 1:colcon.colcon_core.package_identification:_identify(saved_versions/rk_h7_review_incremental_20260809_001640/ros2_test1) by extension 'cmake'
[2.433s] Level 1:colcon.colcon_core.package_identification:_identify(saved_versions/rk_h7_review_incremental_20260809_001640/ros2_test1) by extension 'python'
[2.433s] Level 1:colcon.colcon_core.package_identification:_identify(saved_versions/rk_h7_review_incremental_20260809_001640/ros2_test1) by extensions ['python_setup_py']
[2.433s] Level 1:colcon.colcon_core.package_identification:_identify(saved_versions/rk_h7_review_incremental_20260809_001640/ros2_test1) by extension 'python_setup_py'
[2.433s] Level 1:colcon.colcon_core.package_identification:_identify(saved_versions/rk_h7_review_incremental_20260809_001640/ros2_test1/ros2_test1) by extensions ['ignore', 'ignore_ament_install']
[2.433s] Level 1:colcon.colcon_core.package_identification:_identify(saved_versions/rk_h7_review_incremental_20260809_001640/ros2_test1/ros2_test1) by extension 'ignore'
[2.433s] Level 1:colcon.colcon_core.package_identification:_identify(saved_versions/rk_h7_review_incremental_20260809_001640/ros2_test1/ros2_test1) by extension 'ignore_ament_install'
[2.433s] Level 1:colcon.colcon_core.package_identification:_identify(saved_versions/rk_h7_review_incremental_20260809_001640/ros2_test1/ros2_test1) by extensions ['colcon_pkg']
[2.433s] Level 1:colcon.colcon_core.package_identification:_identify(saved_versions/rk_h7_review_incremental_20260809_001640/ros2_test1/ros2_test1) by extension 'colcon_pkg'
[2.434s] Level 1:colcon.colcon_core.package_identification:_identify(saved_versions/rk_h7_review_incremental_20260809_001640/ros2_test1/ros2_test1) by extensions ['colcon_meta']
[2.434s] Level 1:colcon.colcon_core.package_identification:_identify(saved_versions/rk_h7_review_incremental_20260809_001640/ros2_test1/ros2_test1) by extension 'colcon_meta'
[2.434s] Level 1:colcon.colcon_core.package_identification:_identify(saved_versions/rk_h7_review_incremental_20260809_001640/ros2_test1/ros2_test1) by extensions ['ros']
[2.434s] Level 1:colcon.colcon_core.package_identification:_identify(saved_versions/rk_h7_review_incremental_20260809_001640/ros2_test1/ros2_test1) by extension 'ros'
[2.434s] Level 1:colcon.colcon_core.package_identification:_identify(saved_versions/rk_h7_review_incremental_20260809_001640/ros2_test1/ros2_test1) by extensions ['cmake', 'python']
[2.434s] Level 1:colcon.colcon_core.package_identification:_identify(saved_versions/rk_h7_review_incremental_20260809_001640/ros2_test1/ros2_test1) by extension 'cmake'
[2.434s] Level 1:colcon.colcon_core.package_identification:_identify(saved_versions/rk_h7_review_incremental_20260809_001640/ros2_test1/ros2_test1) by extension 'python'
[2.434s] Level 1:colcon.colcon_core.package_identification:_identify(saved_versions/rk_h7_review_incremental_20260809_001640/ros2_test1/ros2_test1) by extensions ['python_setup_py']
[2.434s] Level 1:colcon.colcon_core.package_identification:_identify(saved_versions/rk_h7_review_incremental_20260809_001640/ros2_test1/ros2_test1) by extension 'python_setup_py'
[2.435s] Level 1:colcon.colcon_core.package_identification:_identify(saved_versions/rk_h7_review_incremental_20260809_001640/ros2_test1/test) by extensions ['ignore', 'ignore_ament_install']
[2.435s] Level 1:colcon.colcon_core.package_identification:_identify(saved_versions/rk_h7_review_incremental_20260809_001640/ros2_test1/test) by extension 'ignore'
[2.435s] Level 1:colcon.colcon_core.package_identification:_identify(saved_versions/rk_h7_review_incremental_20260809_001640/ros2_test1/test) by extension 'ignore_ament_install'
[2.435s] Level 1:colcon.colcon_core.package_identification:_identify(saved_versions/rk_h7_review_incremental_20260809_001640/ros2_test1/test) by extensions ['colcon_pkg']
[2.435s] Level 1:colcon.colcon_core.package_identification:_identify(saved_versions/rk_h7_review_incremental_20260809_001640/ros2_test1/test) by extension 'colcon_pkg'
[2.435s] Level 1:colcon.colcon_core.package_identification:_identify(saved_versions/rk_h7_review_incremental_20260809_001640/ros2_test1/test) by extensions ['colcon_meta']
[2.435s] Level 1:colcon.colcon_core.package_identification:_identify(saved_versions/rk_h7_review_incremental_20260809_001640/ros2_test1/test) by extension 'colcon_meta'
[2.435s] Level 1:colcon.colcon_core.package_identification:_identify(saved_versions/rk_h7_review_incremental_20260809_001640/ros2_test1/test) by extensions ['ros']
[2.436s] Level 1:colcon.colcon_core.package_identification:_identify(saved_versions/rk_h7_review_incremental_20260809_001640/ros2_test1/test) by extension 'ros'
[2.436s] Level 1:colcon.colcon_core.package_identification:_identify(saved_versions/rk_h7_review_incremental_20260809_001640/ros2_test1/test) by extensions ['cmake', 'python']
[2.436s] Level 1:colcon.colcon_core.package_identification:_identify(saved_versions/rk_h7_review_incremental_20260809_001640/ros2_test1/test) by extension 'cmake'
[2.436s] Level 1:colcon.colcon_core.package_identification:_identify(saved_versions/rk_h7_review_incremental_20260809_001640/ros2_test1/test) by extension 'python'
[2.436s] Level 1:colcon.colcon_core.package_identification:_identify(saved_versions/rk_h7_review_incremental_20260809_001640/ros2_test1/test) by extensions ['python_setup_py']
[2.436s] Level 1:colcon.colcon_core.package_identification:_identify(saved_versions/rk_h7_review_incremental_20260809_001640/ros2_test1/test) by extension 'python_setup_py'
[2.436s] Level 1:colcon.colcon_core.package_identification:_identify(saved_versions/rk_h7_review_rc_removed) by extensions ['ignore', 'ignore_ament_install']
[2.437s] Level 1:colcon.colcon_core.package_identification:_identify(saved_versions/rk_h7_review_rc_removed) by extension 'ignore'
[2.437s] Level 1:colcon.colcon_core.package_identification:_identify(saved_versions/rk_h7_review_rc_removed) by extension 'ignore_ament_install'
[2.437s] Level 1:colcon.colcon_core.package_identification:_identify(saved_versions/rk_h7_review_rc_removed) by extensions ['colcon_pkg']
[2.437s] Level 1:colcon.colcon_core.package_identification:_identify(saved_versions/rk_h7_review_rc_removed) by extension 'colcon_pkg'
[2.437s] Level 1:colcon.colcon_core.package_identification:_identify(saved_versions/rk_h7_review_rc_removed) by extensions ['colcon_meta']
[2.437s] Level 1:colcon.colcon_core.package_identification:_identify(saved_versions/rk_h7_review_rc_removed) by extension 'colcon_meta'
[2.437s] Level 1:colcon.colcon_core.package_identification:_identify(saved_versions/rk_h7_review_rc_removed) by extensions ['ros']
[2.437s] Level 1:colcon.colcon_core.package_identification:_identify(saved_versions/rk_h7_review_rc_removed) by extension 'ros'
[2.437s] Level 1:colcon.colcon_core.package_identification:_identify(saved_versions/rk_h7_review_rc_removed) by extensions ['cmake', 'python']
[2.438s] Level 1:colcon.colcon_core.package_identification:_identify(saved_versions/rk_h7_review_rc_removed) by extension 'cmake'
[2.438s] Level 1:colcon.colcon_core.package_identification:_identify(saved_versions/rk_h7_review_rc_removed) by extension 'python'
[2.438s] Level 1:colcon.colcon_core.package_identification:_identify(saved_versions/rk_h7_review_rc_removed) by extensions ['python_setup_py']
[2.438s] Level 1:colcon.colcon_core.package_identification:_identify(saved_versions/rk_h7_review_rc_removed) by extension 'python_setup_py'
[2.438s] Level 1:colcon.colcon_core.package_identification:_identify(saved_versions/rk_h7_review_ready_guard_20260809_002216) by extensions ['ignore', 'ignore_ament_install']
[2.438s] Level 1:colcon.colcon_core.package_identification:_identify(saved_versions/rk_h7_review_ready_guard_20260809_002216) by extension 'ignore'
[2.438s] Level 1:colcon.colcon_core.package_identification:_identify(saved_versions/rk_h7_review_ready_guard_20260809_002216) by extension 'ignore_ament_install'
[2.438s] Level 1:colcon.colcon_core.package_identification:_identify(saved_versions/rk_h7_review_ready_guard_20260809_002216) by extensions ['colcon_pkg']
[2.439s] Level 1:colcon.colcon_core.package_identification:_identify(saved_versions/rk_h7_review_ready_guard_20260809_002216) by extension 'colcon_pkg'
[2.439s] Level 1:colcon.colcon_core.package_identification:_identify(saved_versions/rk_h7_review_ready_guard_20260809_002216) by extensions ['colcon_meta']
[2.439s] Level 1:colcon.colcon_core.package_identification:_identify(saved_versions/rk_h7_review_ready_guard_20260809_002216) by extension 'colcon_meta'
[2.439s] Level 1:colcon.colcon_core.package_identification:_identify(saved_versions/rk_h7_review_ready_guard_20260809_002216) by extensions ['ros']
[2.439s] Level 1:colcon.colcon_core.package_identification:_identify(saved_versions/rk_h7_review_ready_guard_20260809_002216) by extension 'ros'
[2.439s] Level 1:colcon.colcon_core.package_identification:_identify(saved_versions/rk_h7_review_ready_guard_20260809_002216) by extensions ['cmake', 'python']
[2.439s] Level 1:colcon.colcon_core.package_identification:_identify(saved_versions/rk_h7_review_ready_guard_20260809_002216) by extension 'cmake'
[2.439s] Level 1:colcon.colcon_core.package_identification:_identify(saved_versions/rk_h7_review_ready_guard_20260809_002216) by extension 'python'
[2.439s] Level 1:colcon.colcon_core.package_identification:_identify(saved_versions/rk_h7_review_ready_guard_20260809_002216) by extensions ['python_setup_py']
[2.439s] Level 1:colcon.colcon_core.package_identification:_identify(saved_versions/rk_h7_review_ready_guard_20260809_002216) by extension 'python_setup_py'
[2.439s] Level 1:colcon.colcon_core.package_identification:_identify(saved_versions/rk_h7_review_ready_guard_20260809_002216/ros2_test1) by extensions ['ignore', 'ignore_ament_install']
[2.440s] Level 1:colcon.colcon_core.package_identification:_identify(saved_versions/rk_h7_review_ready_guard_20260809_002216/ros2_test1) by extension 'ignore'
[2.440s] Level 1:colcon.colcon_core.package_identification:_identify(saved_versions/rk_h7_review_ready_guard_20260809_002216/ros2_test1) by extension 'ignore_ament_install'
[2.440s] Level 1:colcon.colcon_core.package_identification:_identify(saved_versions/rk_h7_review_ready_guard_20260809_002216/ros2_test1) by extensions ['colcon_pkg']
[2.440s] Level 1:colcon.colcon_core.package_identification:_identify(saved_versions/rk_h7_review_ready_guard_20260809_002216/ros2_test1) by extension 'colcon_pkg'
[2.440s] Level 1:colcon.colcon_core.package_identification:_identify(saved_versions/rk_h7_review_ready_guard_20260809_002216/ros2_test1) by extensions ['colcon_meta']
[2.440s] Level 1:colcon.colcon_core.package_identification:_identify(saved_versions/rk_h7_review_ready_guard_20260809_002216/ros2_test1) by extension 'colcon_meta'
[2.440s] Level 1:colcon.colcon_core.package_identification:_identify(saved_versions/rk_h7_review_ready_guard_20260809_002216/ros2_test1) by extensions ['ros']
[2.440s] Level 1:colcon.colcon_core.package_identification:_identify(saved_versions/rk_h7_review_ready_guard_20260809_002216/ros2_test1) by extension 'ros'
[2.440s] Level 1:colcon.colcon_core.package_identification:_identify(saved_versions/rk_h7_review_ready_guard_20260809_002216/ros2_test1) by extensions ['cmake', 'python']
[2.440s] Level 1:colcon.colcon_core.package_identification:_identify(saved_versions/rk_h7_review_ready_guard_20260809_002216/ros2_test1) by extension 'cmake'
[2.441s] Level 1:colcon.colcon_core.package_identification:_identify(saved_versions/rk_h7_review_ready_guard_20260809_002216/ros2_test1) by extension 'python'
[2.441s] Level 1:colcon.colcon_core.package_identification:_identify(saved_versions/rk_h7_review_ready_guard_20260809_002216/ros2_test1) by extensions ['python_setup_py']
[2.441s] Level 1:colcon.colcon_core.package_identification:_identify(saved_versions/rk_h7_review_ready_guard_20260809_002216/ros2_test1) by extension 'python_setup_py'
[2.441s] Level 1:colcon.colcon_core.package_identification:_identify(saved_versions/rk_h7_review_ready_guard_20260809_002216/ros2_test1/ros2_test1) by extensions ['ignore', 'ignore_ament_install']
[2.441s] Level 1:colcon.colcon_core.package_identification:_identify(saved_versions/rk_h7_review_ready_guard_20260809_002216/ros2_test1/ros2_test1) by extension 'ignore'
[2.441s] Level 1:colcon.colcon_core.package_identification:_identify(saved_versions/rk_h7_review_ready_guard_20260809_002216/ros2_test1/ros2_test1) by extension 'ignore_ament_install'
[2.441s] Level 1:colcon.colcon_core.package_identification:_identify(saved_versions/rk_h7_review_ready_guard_20260809_002216/ros2_test1/ros2_test1) by extensions ['colcon_pkg']
[2.441s] Level 1:colcon.colcon_core.package_identification:_identify(saved_versions/rk_h7_review_ready_guard_20260809_002216/ros2_test1/ros2_test1) by extension 'colcon_pkg'
[2.441s] Level 1:colcon.colcon_core.package_identification:_identify(saved_versions/rk_h7_review_ready_guard_20260809_002216/ros2_test1/ros2_test1) by extensions ['colcon_meta']
[2.441s] Level 1:colcon.colcon_core.package_identification:_identify(saved_versions/rk_h7_review_ready_guard_20260809_002216/ros2_test1/ros2_test1) by extension 'colcon_meta'
[2.441s] Level 1:colcon.colcon_core.package_identification:_identify(saved_versions/rk_h7_review_ready_guard_20260809_002216/ros2_test1/ros2_test1) by extensions ['ros']
[2.442s] Level 1:colcon.colcon_core.package_identification:_identify(saved_versions/rk_h7_review_ready_guard_20260809_002216/ros2_test1/ros2_test1) by extension 'ros'
[2.442s] Level 1:colcon.colcon_core.package_identification:_identify(saved_versions/rk_h7_review_ready_guard_20260809_002216/ros2_test1/ros2_test1) by extensions ['cmake', 'python']
[2.442s] Level 1:colcon.colcon_core.package_identification:_identify(saved_versions/rk_h7_review_ready_guard_20260809_002216/ros2_test1/ros2_test1) by extension 'cmake'
[2.442s] Level 1:colcon.colcon_core.package_identification:_identify(saved_versions/rk_h7_review_ready_guard_20260809_002216/ros2_test1/ros2_test1) by extension 'python'
[2.442s] Level 1:colcon.colcon_core.package_identification:_identify(saved_versions/rk_h7_review_ready_guard_20260809_002216/ros2_test1/ros2_test1) by extensions ['python_setup_py']
[2.442s] Level 1:colcon.colcon_core.package_identification:_identify(saved_versions/rk_h7_review_ready_guard_20260809_002216/ros2_test1/ros2_test1) by extension 'python_setup_py'
[2.442s] Level 1:colcon.colcon_core.package_identification:_identify(saved_versions/rk_h7_review_ready_guard_20260809_002216/ros2_test1/test) by extensions ['ignore', 'ignore_ament_install']
[2.442s] Level 1:colcon.colcon_core.package_identification:_identify(saved_versions/rk_h7_review_ready_guard_20260809_002216/ros2_test1/test) by extension 'ignore'
[2.442s] Level 1:colcon.colcon_core.package_identification:_identify(saved_versions/rk_h7_review_ready_guard_20260809_002216/ros2_test1/test) by extension 'ignore_ament_install'
[2.442s] Level 1:colcon.colcon_core.package_identification:_identify(saved_versions/rk_h7_review_ready_guard_20260809_002216/ros2_test1/test) by extensions ['colcon_pkg']
[2.442s] Level 1:colcon.colcon_core.package_identification:_identify(saved_versions/rk_h7_review_ready_guard_20260809_002216/ros2_test1/test) by extension 'colcon_pkg'
[2.443s] Level 1:colcon.colcon_core.package_identification:_identify(saved_versions/rk_h7_review_ready_guard_20260809_002216/ros2_test1/test) by extensions ['colcon_meta']
[2.443s] Level 1:colcon.colcon_core.package_identification:_identify(saved_versions/rk_h7_review_ready_guard_20260809_002216/ros2_test1/test) by extension 'colcon_meta'
[2.443s] Level 1:colcon.colcon_core.package_identification:_identify(saved_versions/rk_h7_review_ready_guard_20260809_002216/ros2_test1/test) by extensions ['ros']
[2.443s] Level 1:colcon.colcon_core.package_identification:_identify(saved_versions/rk_h7_review_ready_guard_20260809_002216/ros2_test1/test) by extension 'ros'
[2.443s] Level 1:colcon.colcon_core.package_identification:_identify(saved_versions/rk_h7_review_ready_guard_20260809_002216/ros2_test1/test) by extensions ['cmake', 'python']
[2.443s] Level 1:colcon.colcon_core.package_identification:_identify(saved_versions/rk_h7_review_ready_guard_20260809_002216/ros2_test1/test) by extension 'cmake'
[2.443s] Level 1:colcon.colcon_core.package_identification:_identify(saved_versions/rk_h7_review_ready_guard_20260809_002216/ros2_test1/test) by extension 'python'
[2.443s] Level 1:colcon.colcon_core.package_identification:_identify(saved_versions/rk_h7_review_ready_guard_20260809_002216/ros2_test1/test) by extensions ['python_setup_py']
[2.443s] Level 1:colcon.colcon_core.package_identification:_identify(saved_versions/rk_h7_review_ready_guard_20260809_002216/ros2_test1/test) by extension 'python_setup_py'
[2.443s] Level 1:colcon.colcon_core.package_identification:_identify(saved_versions/task1_disc_catch_20260812_193435) by extensions ['ignore', 'ignore_ament_install']
[2.443s] Level 1:colcon.colcon_core.package_identification:_identify(saved_versions/task1_disc_catch_20260812_193435) by extension 'ignore'
[2.444s] Level 1:colcon.colcon_core.package_identification:_identify(saved_versions/task1_disc_catch_20260812_193435) by extension 'ignore_ament_install'
[2.444s] Level 1:colcon.colcon_core.package_identification:_identify(saved_versions/task1_disc_catch_20260812_193435) by extensions ['colcon_pkg']
[2.444s] Level 1:colcon.colcon_core.package_identification:_identify(saved_versions/task1_disc_catch_20260812_193435) by extension 'colcon_pkg'
[2.444s] Level 1:colcon.colcon_core.package_identification:_identify(saved_versions/task1_disc_catch_20260812_193435) by extensions ['colcon_meta']
[2.444s] Level 1:colcon.colcon_core.package_identification:_identify(saved_versions/task1_disc_catch_20260812_193435) by extension 'colcon_meta'
[2.444s] Level 1:colcon.colcon_core.package_identification:_identify(saved_versions/task1_disc_catch_20260812_193435) by extensions ['ros']
[2.444s] Level 1:colcon.colcon_core.package_identification:_identify(saved_versions/task1_disc_catch_20260812_193435) by extension 'ros'
[2.444s] Level 1:colcon.colcon_core.package_identification:_identify(saved_versions/task1_disc_catch_20260812_193435) by extensions ['cmake', 'python']
[2.444s] Level 1:colcon.colcon_core.package_identification:_identify(saved_versions/task1_disc_catch_20260812_193435) by extension 'cmake'
[2.444s] Level 1:colcon.colcon_core.package_identification:_identify(saved_versions/task1_disc_catch_20260812_193435) by extension 'python'
[2.444s] Level 1:colcon.colcon_core.package_identification:_identify(saved_versions/task1_disc_catch_20260812_193435) by extensions ['python_setup_py']
[2.444s] Level 1:colcon.colcon_core.package_identification:_identify(saved_versions/task1_disc_catch_20260812_193435) by extension 'python_setup_py'
[2.445s] Level 1:colcon.colcon_core.package_identification:_identify(saved_versions/task1_disc_color_gate_20260814_000316) by extensions ['ignore', 'ignore_ament_install']
[2.445s] Level 1:colcon.colcon_core.package_identification:_identify(saved_versions/task1_disc_color_gate_20260814_000316) by extension 'ignore'
[2.445s] Level 1:colcon.colcon_core.package_identification:_identify(saved_versions/task1_disc_color_gate_20260814_000316) by extension 'ignore_ament_install'
[2.445s] Level 1:colcon.colcon_core.package_identification:_identify(saved_versions/task1_disc_color_gate_20260814_000316) by extensions ['colcon_pkg']
[2.445s] Level 1:colcon.colcon_core.package_identification:_identify(saved_versions/task1_disc_color_gate_20260814_000316) by extension 'colcon_pkg'
[2.445s] Level 1:colcon.colcon_core.package_identification:_identify(saved_versions/task1_disc_color_gate_20260814_000316) by extensions ['colcon_meta']
[2.445s] Level 1:colcon.colcon_core.package_identification:_identify(saved_versions/task1_disc_color_gate_20260814_000316) by extension 'colcon_meta'
[2.445s] Level 1:colcon.colcon_core.package_identification:_identify(saved_versions/task1_disc_color_gate_20260814_000316) by extensions ['ros']
[2.445s] Level 1:colcon.colcon_core.package_identification:_identify(saved_versions/task1_disc_color_gate_20260814_000316) by extension 'ros'
[2.446s] Level 1:colcon.colcon_core.package_identification:_identify(saved_versions/task1_disc_color_gate_20260814_000316) by extensions ['cmake', 'python']
[2.446s] Level 1:colcon.colcon_core.package_identification:_identify(saved_versions/task1_disc_color_gate_20260814_000316) by extension 'cmake'
[2.446s] Level 1:colcon.colcon_core.package_identification:_identify(saved_versions/task1_disc_color_gate_20260814_000316) by extension 'python'
[2.446s] Level 1:colcon.colcon_core.package_identification:_identify(saved_versions/task1_disc_color_gate_20260814_000316) by extensions ['python_setup_py']
[2.446s] Level 1:colcon.colcon_core.package_identification:_identify(saved_versions/task1_disc_color_gate_20260814_000316) by extension 'python_setup_py'
[2.446s] Level 1:colcon.colcon_core.package_identification:_identify(saved_versions/task1_disc_color_gate_20260814_000316/ros2_test1) by extensions ['ignore', 'ignore_ament_install']
[2.446s] Level 1:colcon.colcon_core.package_identification:_identify(saved_versions/task1_disc_color_gate_20260814_000316/ros2_test1) by extension 'ignore'
[2.446s] Level 1:colcon.colcon_core.package_identification:_identify(saved_versions/task1_disc_color_gate_20260814_000316/ros2_test1) by extension 'ignore_ament_install'
[2.446s] Level 1:colcon.colcon_core.package_identification:_identify(saved_versions/task1_disc_color_gate_20260814_000316/ros2_test1) by extensions ['colcon_pkg']
[2.447s] Level 1:colcon.colcon_core.package_identification:_identify(saved_versions/task1_disc_color_gate_20260814_000316/ros2_test1) by extension 'colcon_pkg'
[2.447s] Level 1:colcon.colcon_core.package_identification:_identify(saved_versions/task1_disc_color_gate_20260814_000316/ros2_test1) by extensions ['colcon_meta']
[2.447s] Level 1:colcon.colcon_core.package_identification:_identify(saved_versions/task1_disc_color_gate_20260814_000316/ros2_test1) by extension 'colcon_meta'
[2.447s] Level 1:colcon.colcon_core.package_identification:_identify(saved_versions/task1_disc_color_gate_20260814_000316/ros2_test1) by extensions ['ros']
[2.447s] Level 1:colcon.colcon_core.package_identification:_identify(saved_versions/task1_disc_color_gate_20260814_000316/ros2_test1) by extension 'ros'
[2.447s] Level 1:colcon.colcon_core.package_identification:_identify(saved_versions/task1_disc_color_gate_20260814_000316/ros2_test1) by extensions ['cmake', 'python']
[2.447s] Level 1:colcon.colcon_core.package_identification:_identify(saved_versions/task1_disc_color_gate_20260814_000316/ros2_test1) by extension 'cmake'
[2.447s] Level 1:colcon.colcon_core.package_identification:_identify(saved_versions/task1_disc_color_gate_20260814_000316/ros2_test1) by extension 'python'
[2.447s] Level 1:colcon.colcon_core.package_identification:_identify(saved_versions/task1_disc_color_gate_20260814_000316/ros2_test1) by extensions ['python_setup_py']
[2.447s] Level 1:colcon.colcon_core.package_identification:_identify(saved_versions/task1_disc_color_gate_20260814_000316/ros2_test1) by extension 'python_setup_py'
[2.448s] Level 1:colcon.colcon_core.package_identification:_identify(saved_versions/task1_disc_color_gate_20260814_000316/ros2_test1/ros2_test1) by extensions ['ignore', 'ignore_ament_install']
[2.448s] Level 1:colcon.colcon_core.package_identification:_identify(saved_versions/task1_disc_color_gate_20260814_000316/ros2_test1/ros2_test1) by extension 'ignore'
[2.448s] Level 1:colcon.colcon_core.package_identification:_identify(saved_versions/task1_disc_color_gate_20260814_000316/ros2_test1/ros2_test1) by extension 'ignore_ament_install'
[2.448s] Level 1:colcon.colcon_core.package_identification:_identify(saved_versions/task1_disc_color_gate_20260814_000316/ros2_test1/ros2_test1) by extensions ['colcon_pkg']
[2.448s] Level 1:colcon.colcon_core.package_identification:_identify(saved_versions/task1_disc_color_gate_20260814_000316/ros2_test1/ros2_test1) by extension 'colcon_pkg'
[2.448s] Level 1:colcon.colcon_core.package_identification:_identify(saved_versions/task1_disc_color_gate_20260814_000316/ros2_test1/ros2_test1) by extensions ['colcon_meta']
[2.448s] Level 1:colcon.colcon_core.package_identification:_identify(saved_versions/task1_disc_color_gate_20260814_000316/ros2_test1/ros2_test1) by extension 'colcon_meta'
[2.448s] Level 1:colcon.colcon_core.package_identification:_identify(saved_versions/task1_disc_color_gate_20260814_000316/ros2_test1/ros2_test1) by extensions ['ros']
[2.448s] Level 1:colcon.colcon_core.package_identification:_identify(saved_versions/task1_disc_color_gate_20260814_000316/ros2_test1/ros2_test1) by extension 'ros'
[2.449s] Level 1:colcon.colcon_core.package_identification:_identify(saved_versions/task1_disc_color_gate_20260814_000316/ros2_test1/ros2_test1) by extensions ['cmake', 'python']
[2.449s] Level 1:colcon.colcon_core.package_identification:_identify(saved_versions/task1_disc_color_gate_20260814_000316/ros2_test1/ros2_test1) by extension 'cmake'
[2.449s] Level 1:colcon.colcon_core.package_identification:_identify(saved_versions/task1_disc_color_gate_20260814_000316/ros2_test1/ros2_test1) by extension 'python'
[2.449s] Level 1:colcon.colcon_core.package_identification:_identify(saved_versions/task1_disc_color_gate_20260814_000316/ros2_test1/ros2_test1) by extensions ['python_setup_py']
[2.449s] Level 1:colcon.colcon_core.package_identification:_identify(saved_versions/task1_disc_color_gate_20260814_000316/ros2_test1/ros2_test1) by extension 'python_setup_py'
[2.449s] Level 1:colcon.colcon_core.package_identification:_identify(saved_versions/task1_disc_color_gate_20260814_000316/ros2_test1/test) by extensions ['ignore', 'ignore_ament_install']
[2.449s] Level 1:colcon.colcon_core.package_identification:_identify(saved_versions/task1_disc_color_gate_20260814_000316/ros2_test1/test) by extension 'ignore'
[2.449s] Level 1:colcon.colcon_core.package_identification:_identify(saved_versions/task1_disc_color_gate_20260814_000316/ros2_test1/test) by extension 'ignore_ament_install'
[2.449s] Level 1:colcon.colcon_core.package_identification:_identify(saved_versions/task1_disc_color_gate_20260814_000316/ros2_test1/test) by extensions ['colcon_pkg']
[2.449s] Level 1:colcon.colcon_core.package_identification:_identify(saved_versions/task1_disc_color_gate_20260814_000316/ros2_test1/test) by extension 'colcon_pkg'
[2.449s] Level 1:colcon.colcon_core.package_identification:_identify(saved_versions/task1_disc_color_gate_20260814_000316/ros2_test1/test) by extensions ['colcon_meta']
[2.450s] Level 1:colcon.colcon_core.package_identification:_identify(saved_versions/task1_disc_color_gate_20260814_000316/ros2_test1/test) by extension 'colcon_meta'
[2.450s] Level 1:colcon.colcon_core.package_identification:_identify(saved_versions/task1_disc_color_gate_20260814_000316/ros2_test1/test) by extensions ['ros']
[2.450s] Level 1:colcon.colcon_core.package_identification:_identify(saved_versions/task1_disc_color_gate_20260814_000316/ros2_test1/test) by extension 'ros'
[2.450s] Level 1:colcon.colcon_core.package_identification:_identify(saved_versions/task1_disc_color_gate_20260814_000316/ros2_test1/test) by extensions ['cmake', 'python']
[2.450s] Level 1:colcon.colcon_core.package_identification:_identify(saved_versions/task1_disc_color_gate_20260814_000316/ros2_test1/test) by extension 'cmake'
[2.450s] Level 1:colcon.colcon_core.package_identification:_identify(saved_versions/task1_disc_color_gate_20260814_000316/ros2_test1/test) by extension 'python'
[2.450s] Level 1:colcon.colcon_core.package_identification:_identify(saved_versions/task1_disc_color_gate_20260814_000316/ros2_test1/test) by extensions ['python_setup_py']
[2.450s] Level 1:colcon.colcon_core.package_identification:_identify(saved_versions/task1_disc_color_gate_20260814_000316/ros2_test1/test) by extension 'python_setup_py'
[2.450s] Level 1:colcon.colcon_core.package_identification:_identify(saved_versions/task1_disc_id6_570_20260814_010952) by extensions ['ignore', 'ignore_ament_install']
[2.450s] Level 1:colcon.colcon_core.package_identification:_identify(saved_versions/task1_disc_id6_570_20260814_010952) by extension 'ignore'
[2.451s] Level 1:colcon.colcon_core.package_identification:_identify(saved_versions/task1_disc_id6_570_20260814_010952) by extension 'ignore_ament_install'
[2.451s] Level 1:colcon.colcon_core.package_identification:_identify(saved_versions/task1_disc_id6_570_20260814_010952) by extensions ['colcon_pkg']
[2.451s] Level 1:colcon.colcon_core.package_identification:_identify(saved_versions/task1_disc_id6_570_20260814_010952) by extension 'colcon_pkg'
[2.451s] Level 1:colcon.colcon_core.package_identification:_identify(saved_versions/task1_disc_id6_570_20260814_010952) by extensions ['colcon_meta']
[2.451s] Level 1:colcon.colcon_core.package_identification:_identify(saved_versions/task1_disc_id6_570_20260814_010952) by extension 'colcon_meta'
[2.451s] Level 1:colcon.colcon_core.package_identification:_identify(saved_versions/task1_disc_id6_570_20260814_010952) by extensions ['ros']
[2.451s] Level 1:colcon.colcon_core.package_identification:_identify(saved_versions/task1_disc_id6_570_20260814_010952) by extension 'ros'
[2.451s] Level 1:colcon.colcon_core.package_identification:_identify(saved_versions/task1_disc_id6_570_20260814_010952) by extensions ['cmake', 'python']
[2.451s] Level 1:colcon.colcon_core.package_identification:_identify(saved_versions/task1_disc_id6_570_20260814_010952) by extension 'cmake'
[2.451s] Level 1:colcon.colcon_core.package_identification:_identify(saved_versions/task1_disc_id6_570_20260814_010952) by extension 'python'
[2.451s] Level 1:colcon.colcon_core.package_identification:_identify(saved_versions/task1_disc_id6_570_20260814_010952) by extensions ['python_setup_py']
[2.451s] Level 1:colcon.colcon_core.package_identification:_identify(saved_versions/task1_disc_id6_570_20260814_010952) by extension 'python_setup_py'
[2.452s] Level 1:colcon.colcon_core.package_identification:_identify(saved_versions/task1_disc_id6_580_20260814_005603) by extensions ['ignore', 'ignore_ament_install']
[2.452s] Level 1:colcon.colcon_core.package_identification:_identify(saved_versions/task1_disc_id6_580_20260814_005603) by extension 'ignore'
[2.452s] Level 1:colcon.colcon_core.package_identification:_identify(saved_versions/task1_disc_id6_580_20260814_005603) by extension 'ignore_ament_install'
[2.452s] Level 1:colcon.colcon_core.package_identification:_identify(saved_versions/task1_disc_id6_580_20260814_005603) by extensions ['colcon_pkg']
[2.452s] Level 1:colcon.colcon_core.package_identification:_identify(saved_versions/task1_disc_id6_580_20260814_005603) by extension 'colcon_pkg'
[2.452s] Level 1:colcon.colcon_core.package_identification:_identify(saved_versions/task1_disc_id6_580_20260814_005603) by extensions ['colcon_meta']
[2.452s] Level 1:colcon.colcon_core.package_identification:_identify(saved_versions/task1_disc_id6_580_20260814_005603) by extension 'colcon_meta'
[2.452s] Level 1:colcon.colcon_core.package_identification:_identify(saved_versions/task1_disc_id6_580_20260814_005603) by extensions ['ros']
[2.452s] Level 1:colcon.colcon_core.package_identification:_identify(saved_versions/task1_disc_id6_580_20260814_005603) by extension 'ros'
[2.453s] Level 1:colcon.colcon_core.package_identification:_identify(saved_versions/task1_disc_id6_580_20260814_005603) by extensions ['cmake', 'python']
[2.453s] Level 1:colcon.colcon_core.package_identification:_identify(saved_versions/task1_disc_id6_580_20260814_005603) by extension 'cmake'
[2.453s] Level 1:colcon.colcon_core.package_identification:_identify(saved_versions/task1_disc_id6_580_20260814_005603) by extension 'python'
[2.453s] Level 1:colcon.colcon_core.package_identification:_identify(saved_versions/task1_disc_id6_580_20260814_005603) by extensions ['python_setup_py']
[2.453s] Level 1:colcon.colcon_core.package_identification:_identify(saved_versions/task1_disc_id6_580_20260814_005603) by extension 'python_setup_py'
[2.453s] Level 1:colcon.colcon_core.package_identification:_identify(saved_versions/task1_fast_id7_sequence_20260813_073242) by extensions ['ignore', 'ignore_ament_install']
[2.453s] Level 1:colcon.colcon_core.package_identification:_identify(saved_versions/task1_fast_id7_sequence_20260813_073242) by extension 'ignore'
[2.453s] Level 1:colcon.colcon_core.package_identification:_identify(saved_versions/task1_fast_id7_sequence_20260813_073242) by extension 'ignore_ament_install'
[2.453s] Level 1:colcon.colcon_core.package_identification:_identify(saved_versions/task1_fast_id7_sequence_20260813_073242) by extensions ['colcon_pkg']
[2.453s] Level 1:colcon.colcon_core.package_identification:_identify(saved_versions/task1_fast_id7_sequence_20260813_073242) by extension 'colcon_pkg'
[2.454s] Level 1:colcon.colcon_core.package_identification:_identify(saved_versions/task1_fast_id7_sequence_20260813_073242) by extensions ['colcon_meta']
[2.454s] Level 1:colcon.colcon_core.package_identification:_identify(saved_versions/task1_fast_id7_sequence_20260813_073242) by extension 'colcon_meta'
[2.454s] Level 1:colcon.colcon_core.package_identification:_identify(saved_versions/task1_fast_id7_sequence_20260813_073242) by extensions ['ros']
[2.454s] Level 1:colcon.colcon_core.package_identification:_identify(saved_versions/task1_fast_id7_sequence_20260813_073242) by extension 'ros'
[2.454s] Level 1:colcon.colcon_core.package_identification:_identify(saved_versions/task1_fast_id7_sequence_20260813_073242) by extensions ['cmake', 'python']
[2.454s] Level 1:colcon.colcon_core.package_identification:_identify(saved_versions/task1_fast_id7_sequence_20260813_073242) by extension 'cmake'
[2.454s] Level 1:colcon.colcon_core.package_identification:_identify(saved_versions/task1_fast_id7_sequence_20260813_073242) by extension 'python'
[2.454s] Level 1:colcon.colcon_core.package_identification:_identify(saved_versions/task1_fast_id7_sequence_20260813_073242) by extensions ['python_setup_py']
[2.454s] Level 1:colcon.colcon_core.package_identification:_identify(saved_versions/task1_fast_id7_sequence_20260813_073242) by extension 'python_setup_py'
[2.454s] Level 1:colcon.colcon_core.package_identification:_identify(saved_versions/task1_fast_id7_sequence_fix_20260813_073339) by extensions ['ignore', 'ignore_ament_install']
[2.455s] Level 1:colcon.colcon_core.package_identification:_identify(saved_versions/task1_fast_id7_sequence_fix_20260813_073339) by extension 'ignore'
[2.455s] Level 1:colcon.colcon_core.package_identification:_identify(saved_versions/task1_fast_id7_sequence_fix_20260813_073339) by extension 'ignore_ament_install'
[2.455s] Level 1:colcon.colcon_core.package_identification:_identify(saved_versions/task1_fast_id7_sequence_fix_20260813_073339) by extensions ['colcon_pkg']
[2.455s] Level 1:colcon.colcon_core.package_identification:_identify(saved_versions/task1_fast_id7_sequence_fix_20260813_073339) by extension 'colcon_pkg'
[2.455s] Level 1:colcon.colcon_core.package_identification:_identify(saved_versions/task1_fast_id7_sequence_fix_20260813_073339) by extensions ['colcon_meta']
[2.455s] Level 1:colcon.colcon_core.package_identification:_identify(saved_versions/task1_fast_id7_sequence_fix_20260813_073339) by extension 'colcon_meta'
[2.455s] Level 1:colcon.colcon_core.package_identification:_identify(saved_versions/task1_fast_id7_sequence_fix_20260813_073339) by extensions ['ros']
[2.455s] Level 1:colcon.colcon_core.package_identification:_identify(saved_versions/task1_fast_id7_sequence_fix_20260813_073339) by extension 'ros'
[2.455s] Level 1:colcon.colcon_core.package_identification:_identify(saved_versions/task1_fast_id7_sequence_fix_20260813_073339) by extensions ['cmake', 'python']
[2.455s] Level 1:colcon.colcon_core.package_identification:_identify(saved_versions/task1_fast_id7_sequence_fix_20260813_073339) by extension 'cmake'
[2.455s] Level 1:colcon.colcon_core.package_identification:_identify(saved_versions/task1_fast_id7_sequence_fix_20260813_073339) by extension 'python'
[2.455s] Level 1:colcon.colcon_core.package_identification:_identify(saved_versions/task1_fast_id7_sequence_fix_20260813_073339) by extensions ['python_setup_py']
[2.455s] Level 1:colcon.colcon_core.package_identification:_identify(saved_versions/task1_fast_id7_sequence_fix_20260813_073339) by extension 'python_setup_py'
[2.455s] Level 1:colcon.colcon_core.package_identification:_identify(saved_versions/task1_fixed_id1_id2_20260813_055405) by extensions ['ignore', 'ignore_ament_install']
[2.456s] Level 1:colcon.colcon_core.package_identification:_identify(saved_versions/task1_fixed_id1_id2_20260813_055405) by extension 'ignore'
[2.456s] Level 1:colcon.colcon_core.package_identification:_identify(saved_versions/task1_fixed_id1_id2_20260813_055405) by extension 'ignore_ament_install'
[2.456s] Level 1:colcon.colcon_core.package_identification:_identify(saved_versions/task1_fixed_id1_id2_20260813_055405) by extensions ['colcon_pkg']
[2.456s] Level 1:colcon.colcon_core.package_identification:_identify(saved_versions/task1_fixed_id1_id2_20260813_055405) by extension 'colcon_pkg'
[2.456s] Level 1:colcon.colcon_core.package_identification:_identify(saved_versions/task1_fixed_id1_id2_20260813_055405) by extensions ['colcon_meta']
[2.456s] Level 1:colcon.colcon_core.package_identification:_identify(saved_versions/task1_fixed_id1_id2_20260813_055405) by extension 'colcon_meta'
[2.456s] Level 1:colcon.colcon_core.package_identification:_identify(saved_versions/task1_fixed_id1_id2_20260813_055405) by extensions ['ros']
[2.456s] Level 1:colcon.colcon_core.package_identification:_identify(saved_versions/task1_fixed_id1_id2_20260813_055405) by extension 'ros'
[2.456s] Level 1:colcon.colcon_core.package_identification:_identify(saved_versions/task1_fixed_id1_id2_20260813_055405) by extensions ['cmake', 'python']
[2.457s] Level 1:colcon.colcon_core.package_identification:_identify(saved_versions/task1_fixed_id1_id2_20260813_055405) by extension 'cmake'
[2.457s] Level 1:colcon.colcon_core.package_identification:_identify(saved_versions/task1_fixed_id1_id2_20260813_055405) by extension 'python'
[2.457s] Level 1:colcon.colcon_core.package_identification:_identify(saved_versions/task1_fixed_id1_id2_20260813_055405) by extensions ['python_setup_py']
[2.457s] Level 1:colcon.colcon_core.package_identification:_identify(saved_versions/task1_fixed_id1_id2_20260813_055405) by extension 'python_setup_py'
[2.457s] Level 1:colcon.colcon_core.package_identification:_identify(saved_versions/task1_fixed_id1_id2_20260813_055405/ros2_test1) by extensions ['ignore', 'ignore_ament_install']
[2.457s] Level 1:colcon.colcon_core.package_identification:_identify(saved_versions/task1_fixed_id1_id2_20260813_055405/ros2_test1) by extension 'ignore'
[2.457s] Level 1:colcon.colcon_core.package_identification:_identify(saved_versions/task1_fixed_id1_id2_20260813_055405/ros2_test1) by extension 'ignore_ament_install'
[2.457s] Level 1:colcon.colcon_core.package_identification:_identify(saved_versions/task1_fixed_id1_id2_20260813_055405/ros2_test1) by extensions ['colcon_pkg']
[2.457s] Level 1:colcon.colcon_core.package_identification:_identify(saved_versions/task1_fixed_id1_id2_20260813_055405/ros2_test1) by extension 'colcon_pkg'
[2.457s] Level 1:colcon.colcon_core.package_identification:_identify(saved_versions/task1_fixed_id1_id2_20260813_055405/ros2_test1) by extensions ['colcon_meta']
[2.457s] Level 1:colcon.colcon_core.package_identification:_identify(saved_versions/task1_fixed_id1_id2_20260813_055405/ros2_test1) by extension 'colcon_meta'
[2.457s] Level 1:colcon.colcon_core.package_identification:_identify(saved_versions/task1_fixed_id1_id2_20260813_055405/ros2_test1) by extensions ['ros']
[2.458s] Level 1:colcon.colcon_core.package_identification:_identify(saved_versions/task1_fixed_id1_id2_20260813_055405/ros2_test1) by extension 'ros'
[2.458s] Level 1:colcon.colcon_core.package_identification:_identify(saved_versions/task1_fixed_id1_id2_20260813_055405/ros2_test1) by extensions ['cmake', 'python']
[2.458s] Level 1:colcon.colcon_core.package_identification:_identify(saved_versions/task1_fixed_id1_id2_20260813_055405/ros2_test1) by extension 'cmake'
[2.458s] Level 1:colcon.colcon_core.package_identification:_identify(saved_versions/task1_fixed_id1_id2_20260813_055405/ros2_test1) by extension 'python'
[2.458s] Level 1:colcon.colcon_core.package_identification:_identify(saved_versions/task1_fixed_id1_id2_20260813_055405/ros2_test1) by extensions ['python_setup_py']
[2.458s] Level 1:colcon.colcon_core.package_identification:_identify(saved_versions/task1_fixed_id1_id2_20260813_055405/ros2_test1) by extension 'python_setup_py'
[2.458s] Level 1:colcon.colcon_core.package_identification:_identify(saved_versions/task1_fixed_id1_id2_20260813_055405/ros2_test1/ros2_test1) by extensions ['ignore', 'ignore_ament_install']
[2.458s] Level 1:colcon.colcon_core.package_identification:_identify(saved_versions/task1_fixed_id1_id2_20260813_055405/ros2_test1/ros2_test1) by extension 'ignore'
[2.458s] Level 1:colcon.colcon_core.package_identification:_identify(saved_versions/task1_fixed_id1_id2_20260813_055405/ros2_test1/ros2_test1) by extension 'ignore_ament_install'
[2.458s] Level 1:colcon.colcon_core.package_identification:_identify(saved_versions/task1_fixed_id1_id2_20260813_055405/ros2_test1/ros2_test1) by extensions ['colcon_pkg']
[2.459s] Level 1:colcon.colcon_core.package_identification:_identify(saved_versions/task1_fixed_id1_id2_20260813_055405/ros2_test1/ros2_test1) by extension 'colcon_pkg'
[2.459s] Level 1:colcon.colcon_core.package_identification:_identify(saved_versions/task1_fixed_id1_id2_20260813_055405/ros2_test1/ros2_test1) by extensions ['colcon_meta']
[2.459s] Level 1:colcon.colcon_core.package_identification:_identify(saved_versions/task1_fixed_id1_id2_20260813_055405/ros2_test1/ros2_test1) by extension 'colcon_meta'
[2.459s] Level 1:colcon.colcon_core.package_identification:_identify(saved_versions/task1_fixed_id1_id2_20260813_055405/ros2_test1/ros2_test1) by extensions ['ros']
[2.459s] Level 1:colcon.colcon_core.package_identification:_identify(saved_versions/task1_fixed_id1_id2_20260813_055405/ros2_test1/ros2_test1) by extension 'ros'
[2.459s] Level 1:colcon.colcon_core.package_identification:_identify(saved_versions/task1_fixed_id1_id2_20260813_055405/ros2_test1/ros2_test1) by extensions ['cmake', 'python']
[2.459s] Level 1:colcon.colcon_core.package_identification:_identify(saved_versions/task1_fixed_id1_id2_20260813_055405/ros2_test1/ros2_test1) by extension 'cmake'
[2.459s] Level 1:colcon.colcon_core.package_identification:_identify(saved_versions/task1_fixed_id1_id2_20260813_055405/ros2_test1/ros2_test1) by extension 'python'
[2.459s] Level 1:colcon.colcon_core.package_identification:_identify(saved_versions/task1_fixed_id1_id2_20260813_055405/ros2_test1/ros2_test1) by extensions ['python_setup_py']
[2.459s] Level 1:colcon.colcon_core.package_identification:_identify(saved_versions/task1_fixed_id1_id2_20260813_055405/ros2_test1/ros2_test1) by extension 'python_setup_py'
[2.460s] Level 1:colcon.colcon_core.package_identification:_identify(saved_versions/task1_id4_yellow1500_field800_20260814_002811) by extensions ['ignore', 'ignore_ament_install']
[2.460s] Level 1:colcon.colcon_core.package_identification:_identify(saved_versions/task1_id4_yellow1500_field800_20260814_002811) by extension 'ignore'
[2.460s] Level 1:colcon.colcon_core.package_identification:_identify(saved_versions/task1_id4_yellow1500_field800_20260814_002811) by extension 'ignore_ament_install'
[2.460s] Level 1:colcon.colcon_core.package_identification:_identify(saved_versions/task1_id4_yellow1500_field800_20260814_002811) by extensions ['colcon_pkg']
[2.460s] Level 1:colcon.colcon_core.package_identification:_identify(saved_versions/task1_id4_yellow1500_field800_20260814_002811) by extension 'colcon_pkg'
[2.460s] Level 1:colcon.colcon_core.package_identification:_identify(saved_versions/task1_id4_yellow1500_field800_20260814_002811) by extensions ['colcon_meta']
[2.460s] Level 1:colcon.colcon_core.package_identification:_identify(saved_versions/task1_id4_yellow1500_field800_20260814_002811) by extension 'colcon_meta'
[2.460s] Level 1:colcon.colcon_core.package_identification:_identify(saved_versions/task1_id4_yellow1500_field800_20260814_002811) by extensions ['ros']
[2.460s] Level 1:colcon.colcon_core.package_identification:_identify(saved_versions/task1_id4_yellow1500_field800_20260814_002811) by extension 'ros'
[2.461s] Level 1:colcon.colcon_core.package_identification:_identify(saved_versions/task1_id4_yellow1500_field800_20260814_002811) by extensions ['cmake', 'python']
[2.461s] Level 1:colcon.colcon_core.package_identification:_identify(saved_versions/task1_id4_yellow1500_field800_20260814_002811) by extension 'cmake'
[2.461s] Level 1:colcon.colcon_core.package_identification:_identify(saved_versions/task1_id4_yellow1500_field800_20260814_002811) by extension 'python'
[2.461s] Level 1:colcon.colcon_core.package_identification:_identify(saved_versions/task1_id4_yellow1500_field800_20260814_002811) by extensions ['python_setup_py']
[2.461s] Level 1:colcon.colcon_core.package_identification:_identify(saved_versions/task1_id4_yellow1500_field800_20260814_002811) by extension 'python_setup_py'
[2.461s] Level 1:colcon.colcon_core.package_identification:_identify(saved_versions/task1_id4_yellow1500_field800_20260814_002811/ros2_test1) by extensions ['ignore', 'ignore_ament_install']
[2.461s] Level 1:colcon.colcon_core.package_identification:_identify(saved_versions/task1_id4_yellow1500_field800_20260814_002811/ros2_test1) by extension 'ignore'
[2.461s] Level 1:colcon.colcon_core.package_identification:_identify(saved_versions/task1_id4_yellow1500_field800_20260814_002811/ros2_test1) by extension 'ignore_ament_install'
[2.461s] Level 1:colcon.colcon_core.package_identification:_identify(saved_versions/task1_id4_yellow1500_field800_20260814_002811/ros2_test1) by extensions ['colcon_pkg']
[2.462s] Level 1:colcon.colcon_core.package_identification:_identify(saved_versions/task1_id4_yellow1500_field800_20260814_002811/ros2_test1) by extension 'colcon_pkg'
[2.462s] Level 1:colcon.colcon_core.package_identification:_identify(saved_versions/task1_id4_yellow1500_field800_20260814_002811/ros2_test1) by extensions ['colcon_meta']
[2.462s] Level 1:colcon.colcon_core.package_identification:_identify(saved_versions/task1_id4_yellow1500_field800_20260814_002811/ros2_test1) by extension 'colcon_meta'
[2.462s] Level 1:colcon.colcon_core.package_identification:_identify(saved_versions/task1_id4_yellow1500_field800_20260814_002811/ros2_test1) by extensions ['ros']
[2.462s] Level 1:colcon.colcon_core.package_identification:_identify(saved_versions/task1_id4_yellow1500_field800_20260814_002811/ros2_test1) by extension 'ros'
[2.462s] Level 1:colcon.colcon_core.package_identification:_identify(saved_versions/task1_id4_yellow1500_field800_20260814_002811/ros2_test1) by extensions ['cmake', 'python']
[2.462s] Level 1:colcon.colcon_core.package_identification:_identify(saved_versions/task1_id4_yellow1500_field800_20260814_002811/ros2_test1) by extension 'cmake'
[2.462s] Level 1:colcon.colcon_core.package_identification:_identify(saved_versions/task1_id4_yellow1500_field800_20260814_002811/ros2_test1) by extension 'python'
[2.462s] Level 1:colcon.colcon_core.package_identification:_identify(saved_versions/task1_id4_yellow1500_field800_20260814_002811/ros2_test1) by extensions ['python_setup_py']
[2.462s] Level 1:colcon.colcon_core.package_identification:_identify(saved_versions/task1_id4_yellow1500_field800_20260814_002811/ros2_test1) by extension 'python_setup_py'
[2.462s] Level 1:colcon.colcon_core.package_identification:_identify(saved_versions/task1_id4_yellow1500_field800_20260814_002811/ros2_test1/ros2_test1) by extensions ['ignore', 'ignore_ament_install']
[2.463s] Level 1:colcon.colcon_core.package_identification:_identify(saved_versions/task1_id4_yellow1500_field800_20260814_002811/ros2_test1/ros2_test1) by extension 'ignore'
[2.463s] Level 1:colcon.colcon_core.package_identification:_identify(saved_versions/task1_id4_yellow1500_field800_20260814_002811/ros2_test1/ros2_test1) by extension 'ignore_ament_install'
[2.463s] Level 1:colcon.colcon_core.package_identification:_identify(saved_versions/task1_id4_yellow1500_field800_20260814_002811/ros2_test1/ros2_test1) by extensions ['colcon_pkg']
[2.463s] Level 1:colcon.colcon_core.package_identification:_identify(saved_versions/task1_id4_yellow1500_field800_20260814_002811/ros2_test1/ros2_test1) by extension 'colcon_pkg'
[2.463s] Level 1:colcon.colcon_core.package_identification:_identify(saved_versions/task1_id4_yellow1500_field800_20260814_002811/ros2_test1/ros2_test1) by extensions ['colcon_meta']
[2.463s] Level 1:colcon.colcon_core.package_identification:_identify(saved_versions/task1_id4_yellow1500_field800_20260814_002811/ros2_test1/ros2_test1) by extension 'colcon_meta'
[2.463s] Level 1:colcon.colcon_core.package_identification:_identify(saved_versions/task1_id4_yellow1500_field800_20260814_002811/ros2_test1/ros2_test1) by extensions ['ros']
[2.463s] Level 1:colcon.colcon_core.package_identification:_identify(saved_versions/task1_id4_yellow1500_field800_20260814_002811/ros2_test1/ros2_test1) by extension 'ros'
[2.463s] Level 1:colcon.colcon_core.package_identification:_identify(saved_versions/task1_id4_yellow1500_field800_20260814_002811/ros2_test1/ros2_test1) by extensions ['cmake', 'python']
[2.463s] Level 1:colcon.colcon_core.package_identification:_identify(saved_versions/task1_id4_yellow1500_field800_20260814_002811/ros2_test1/ros2_test1) by extension 'cmake'
[2.463s] Level 1:colcon.colcon_core.package_identification:_identify(saved_versions/task1_id4_yellow1500_field800_20260814_002811/ros2_test1/ros2_test1) by extension 'python'
[2.464s] Level 1:colcon.colcon_core.package_identification:_identify(saved_versions/task1_id4_yellow1500_field800_20260814_002811/ros2_test1/ros2_test1) by extensions ['python_setup_py']
[2.464s] Level 1:colcon.colcon_core.package_identification:_identify(saved_versions/task1_id4_yellow1500_field800_20260814_002811/ros2_test1/ros2_test1) by extension 'python_setup_py'
[2.464s] Level 1:colcon.colcon_core.package_identification:_identify(saved_versions/task1_immediate_id4_id7_20260814_013618) by extensions ['ignore', 'ignore_ament_install']
[2.464s] Level 1:colcon.colcon_core.package_identification:_identify(saved_versions/task1_immediate_id4_id7_20260814_013618) by extension 'ignore'
[2.464s] Level 1:colcon.colcon_core.package_identification:_identify(saved_versions/task1_immediate_id4_id7_20260814_013618) by extension 'ignore_ament_install'
[2.464s] Level 1:colcon.colcon_core.package_identification:_identify(saved_versions/task1_immediate_id4_id7_20260814_013618) by extensions ['colcon_pkg']
[2.464s] Level 1:colcon.colcon_core.package_identification:_identify(saved_versions/task1_immediate_id4_id7_20260814_013618) by extension 'colcon_pkg'
[2.464s] Level 1:colcon.colcon_core.package_identification:_identify(saved_versions/task1_immediate_id4_id7_20260814_013618) by extensions ['colcon_meta']
[2.464s] Level 1:colcon.colcon_core.package_identification:_identify(saved_versions/task1_immediate_id4_id7_20260814_013618) by extension 'colcon_meta'
[2.464s] Level 1:colcon.colcon_core.package_identification:_identify(saved_versions/task1_immediate_id4_id7_20260814_013618) by extensions ['ros']
[2.464s] Level 1:colcon.colcon_core.package_identification:_identify(saved_versions/task1_immediate_id4_id7_20260814_013618) by extension 'ros'
[2.465s] Level 1:colcon.colcon_core.package_identification:_identify(saved_versions/task1_immediate_id4_id7_20260814_013618) by extensions ['cmake', 'python']
[2.465s] Level 1:colcon.colcon_core.package_identification:_identify(saved_versions/task1_immediate_id4_id7_20260814_013618) by extension 'cmake'
[2.465s] Level 1:colcon.colcon_core.package_identification:_identify(saved_versions/task1_immediate_id4_id7_20260814_013618) by extension 'python'
[2.465s] Level 1:colcon.colcon_core.package_identification:_identify(saved_versions/task1_immediate_id4_id7_20260814_013618) by extensions ['python_setup_py']
[2.465s] Level 1:colcon.colcon_core.package_identification:_identify(saved_versions/task1_immediate_id4_id7_20260814_013618) by extension 'python_setup_py'
[2.465s] Level 1:colcon.colcon_core.package_identification:_identify(saved_versions/task1_prep_high_20260813_060307) by extensions ['ignore', 'ignore_ament_install']
[2.465s] Level 1:colcon.colcon_core.package_identification:_identify(saved_versions/task1_prep_high_20260813_060307) by extension 'ignore'
[2.465s] Level 1:colcon.colcon_core.package_identification:_identify(saved_versions/task1_prep_high_20260813_060307) by extension 'ignore_ament_install'
[2.466s] Level 1:colcon.colcon_core.package_identification:_identify(saved_versions/task1_prep_high_20260813_060307) by extensions ['colcon_pkg']
[2.466s] Level 1:colcon.colcon_core.package_identification:_identify(saved_versions/task1_prep_high_20260813_060307) by extension 'colcon_pkg'
[2.466s] Level 1:colcon.colcon_core.package_identification:_identify(saved_versions/task1_prep_high_20260813_060307) by extensions ['colcon_meta']
[2.466s] Level 1:colcon.colcon_core.package_identification:_identify(saved_versions/task1_prep_high_20260813_060307) by extension 'colcon_meta'
[2.466s] Level 1:colcon.colcon_core.package_identification:_identify(saved_versions/task1_prep_high_20260813_060307) by extensions ['ros']
[2.466s] Level 1:colcon.colcon_core.package_identification:_identify(saved_versions/task1_prep_high_20260813_060307) by extension 'ros'
[2.466s] Level 1:colcon.colcon_core.package_identification:_identify(saved_versions/task1_prep_high_20260813_060307) by extensions ['cmake', 'python']
[2.466s] Level 1:colcon.colcon_core.package_identification:_identify(saved_versions/task1_prep_high_20260813_060307) by extension 'cmake'
[2.466s] Level 1:colcon.colcon_core.package_identification:_identify(saved_versions/task1_prep_high_20260813_060307) by extension 'python'
[2.466s] Level 1:colcon.colcon_core.package_identification:_identify(saved_versions/task1_prep_high_20260813_060307) by extensions ['python_setup_py']
[2.466s] Level 1:colcon.colcon_core.package_identification:_identify(saved_versions/task1_prep_high_20260813_060307) by extension 'python_setup_py'
[2.466s] Level 1:colcon.colcon_core.package_identification:_identify(saved_versions/task1_prep_high_20260813_060307/ros2_test1) by extensions ['ignore', 'ignore_ament_install']
[2.466s] Level 1:colcon.colcon_core.package_identification:_identify(saved_versions/task1_prep_high_20260813_060307/ros2_test1) by extension 'ignore'
[2.467s] Level 1:colcon.colcon_core.package_identification:_identify(saved_versions/task1_prep_high_20260813_060307/ros2_test1) by extension 'ignore_ament_install'
[2.467s] Level 1:colcon.colcon_core.package_identification:_identify(saved_versions/task1_prep_high_20260813_060307/ros2_test1) by extensions ['colcon_pkg']
[2.467s] Level 1:colcon.colcon_core.package_identification:_identify(saved_versions/task1_prep_high_20260813_060307/ros2_test1) by extension 'colcon_pkg'
[2.467s] Level 1:colcon.colcon_core.package_identification:_identify(saved_versions/task1_prep_high_20260813_060307/ros2_test1) by extensions ['colcon_meta']
[2.467s] Level 1:colcon.colcon_core.package_identification:_identify(saved_versions/task1_prep_high_20260813_060307/ros2_test1) by extension 'colcon_meta'
[2.467s] Level 1:colcon.colcon_core.package_identification:_identify(saved_versions/task1_prep_high_20260813_060307/ros2_test1) by extensions ['ros']
[2.467s] Level 1:colcon.colcon_core.package_identification:_identify(saved_versions/task1_prep_high_20260813_060307/ros2_test1) by extension 'ros'
[2.467s] Level 1:colcon.colcon_core.package_identification:_identify(saved_versions/task1_prep_high_20260813_060307/ros2_test1) by extensions ['cmake', 'python']
[2.467s] Level 1:colcon.colcon_core.package_identification:_identify(saved_versions/task1_prep_high_20260813_060307/ros2_test1) by extension 'cmake'
[2.467s] Level 1:colcon.colcon_core.package_identification:_identify(saved_versions/task1_prep_high_20260813_060307/ros2_test1) by extension 'python'
[2.467s] Level 1:colcon.colcon_core.package_identification:_identify(saved_versions/task1_prep_high_20260813_060307/ros2_test1) by extensions ['python_setup_py']
[2.467s] Level 1:colcon.colcon_core.package_identification:_identify(saved_versions/task1_prep_high_20260813_060307/ros2_test1) by extension 'python_setup_py'
[2.468s] Level 1:colcon.colcon_core.package_identification:_identify(saved_versions/task1_prep_high_20260813_060307/ros2_test1/ros2_test1) by extensions ['ignore', 'ignore_ament_install']
[2.468s] Level 1:colcon.colcon_core.package_identification:_identify(saved_versions/task1_prep_high_20260813_060307/ros2_test1/ros2_test1) by extension 'ignore'
[2.468s] Level 1:colcon.colcon_core.package_identification:_identify(saved_versions/task1_prep_high_20260813_060307/ros2_test1/ros2_test1) by extension 'ignore_ament_install'
[2.468s] Level 1:colcon.colcon_core.package_identification:_identify(saved_versions/task1_prep_high_20260813_060307/ros2_test1/ros2_test1) by extensions ['colcon_pkg']
[2.468s] Level 1:colcon.colcon_core.package_identification:_identify(saved_versions/task1_prep_high_20260813_060307/ros2_test1/ros2_test1) by extension 'colcon_pkg'
[2.468s] Level 1:colcon.colcon_core.package_identification:_identify(saved_versions/task1_prep_high_20260813_060307/ros2_test1/ros2_test1) by extensions ['colcon_meta']
[2.468s] Level 1:colcon.colcon_core.package_identification:_identify(saved_versions/task1_prep_high_20260813_060307/ros2_test1/ros2_test1) by extension 'colcon_meta'
[2.468s] Level 1:colcon.colcon_core.package_identification:_identify(saved_versions/task1_prep_high_20260813_060307/ros2_test1/ros2_test1) by extensions ['ros']
[2.468s] Level 1:colcon.colcon_core.package_identification:_identify(saved_versions/task1_prep_high_20260813_060307/ros2_test1/ros2_test1) by extension 'ros'
[2.468s] Level 1:colcon.colcon_core.package_identification:_identify(saved_versions/task1_prep_high_20260813_060307/ros2_test1/ros2_test1) by extensions ['cmake', 'python']
[2.469s] Level 1:colcon.colcon_core.package_identification:_identify(saved_versions/task1_prep_high_20260813_060307/ros2_test1/ros2_test1) by extension 'cmake'
[2.469s] Level 1:colcon.colcon_core.package_identification:_identify(saved_versions/task1_prep_high_20260813_060307/ros2_test1/ros2_test1) by extension 'python'
[2.469s] Level 1:colcon.colcon_core.package_identification:_identify(saved_versions/task1_prep_high_20260813_060307/ros2_test1/ros2_test1) by extensions ['python_setup_py']
[2.469s] Level 1:colcon.colcon_core.package_identification:_identify(saved_versions/task1_prep_high_20260813_060307/ros2_test1/ros2_test1) by extension 'python_setup_py'
[2.469s] Level 1:colcon.colcon_core.package_identification:_identify(saved_versions/task1_prep_seq_20260813_060603) by extensions ['ignore', 'ignore_ament_install']
[2.469s] Level 1:colcon.colcon_core.package_identification:_identify(saved_versions/task1_prep_seq_20260813_060603) by extension 'ignore'
[2.469s] Level 1:colcon.colcon_core.package_identification:_identify(saved_versions/task1_prep_seq_20260813_060603) by extension 'ignore_ament_install'
[2.469s] Level 1:colcon.colcon_core.package_identification:_identify(saved_versions/task1_prep_seq_20260813_060603) by extensions ['colcon_pkg']
[2.469s] Level 1:colcon.colcon_core.package_identification:_identify(saved_versions/task1_prep_seq_20260813_060603) by extension 'colcon_pkg'
[2.469s] Level 1:colcon.colcon_core.package_identification:_identify(saved_versions/task1_prep_seq_20260813_060603) by extensions ['colcon_meta']
[2.470s] Level 1:colcon.colcon_core.package_identification:_identify(saved_versions/task1_prep_seq_20260813_060603) by extension 'colcon_meta'
[2.470s] Level 1:colcon.colcon_core.package_identification:_identify(saved_versions/task1_prep_seq_20260813_060603) by extensions ['ros']
[2.470s] Level 1:colcon.colcon_core.package_identification:_identify(saved_versions/task1_prep_seq_20260813_060603) by extension 'ros'
[2.470s] Level 1:colcon.colcon_core.package_identification:_identify(saved_versions/task1_prep_seq_20260813_060603) by extensions ['cmake', 'python']
[2.470s] Level 1:colcon.colcon_core.package_identification:_identify(saved_versions/task1_prep_seq_20260813_060603) by extension 'cmake'
[2.470s] Level 1:colcon.colcon_core.package_identification:_identify(saved_versions/task1_prep_seq_20260813_060603) by extension 'python'
[2.470s] Level 1:colcon.colcon_core.package_identification:_identify(saved_versions/task1_prep_seq_20260813_060603) by extensions ['python_setup_py']
[2.470s] Level 1:colcon.colcon_core.package_identification:_identify(saved_versions/task1_prep_seq_20260813_060603) by extension 'python_setup_py'
[2.470s] Level 1:colcon.colcon_core.package_identification:_identify(saved_versions/task1_prep_seq_20260813_060603/ros2_test1) by extensions ['ignore', 'ignore_ament_install']
[2.470s] Level 1:colcon.colcon_core.package_identification:_identify(saved_versions/task1_prep_seq_20260813_060603/ros2_test1) by extension 'ignore'
[2.470s] Level 1:colcon.colcon_core.package_identification:_identify(saved_versions/task1_prep_seq_20260813_060603/ros2_test1) by extension 'ignore_ament_install'
[2.471s] Level 1:colcon.colcon_core.package_identification:_identify(saved_versions/task1_prep_seq_20260813_060603/ros2_test1) by extensions ['colcon_pkg']
[2.471s] Level 1:colcon.colcon_core.package_identification:_identify(saved_versions/task1_prep_seq_20260813_060603/ros2_test1) by extension 'colcon_pkg'
[2.471s] Level 1:colcon.colcon_core.package_identification:_identify(saved_versions/task1_prep_seq_20260813_060603/ros2_test1) by extensions ['colcon_meta']
[2.471s] Level 1:colcon.colcon_core.package_identification:_identify(saved_versions/task1_prep_seq_20260813_060603/ros2_test1) by extension 'colcon_meta'
[2.471s] Level 1:colcon.colcon_core.package_identification:_identify(saved_versions/task1_prep_seq_20260813_060603/ros2_test1) by extensions ['ros']
[2.471s] Level 1:colcon.colcon_core.package_identification:_identify(saved_versions/task1_prep_seq_20260813_060603/ros2_test1) by extension 'ros'
[2.471s] Level 1:colcon.colcon_core.package_identification:_identify(saved_versions/task1_prep_seq_20260813_060603/ros2_test1) by extensions ['cmake', 'python']
[2.471s] Level 1:colcon.colcon_core.package_identification:_identify(saved_versions/task1_prep_seq_20260813_060603/ros2_test1) by extension 'cmake'
[2.471s] Level 1:colcon.colcon_core.package_identification:_identify(saved_versions/task1_prep_seq_20260813_060603/ros2_test1) by extension 'python'
[2.471s] Level 1:colcon.colcon_core.package_identification:_identify(saved_versions/task1_prep_seq_20260813_060603/ros2_test1) by extensions ['python_setup_py']
[2.471s] Level 1:colcon.colcon_core.package_identification:_identify(saved_versions/task1_prep_seq_20260813_060603/ros2_test1) by extension 'python_setup_py'
[2.471s] Level 1:colcon.colcon_core.package_identification:_identify(saved_versions/task1_prep_seq_20260813_060603/ros2_test1/ros2_test1) by extensions ['ignore', 'ignore_ament_install']
[2.472s] Level 1:colcon.colcon_core.package_identification:_identify(saved_versions/task1_prep_seq_20260813_060603/ros2_test1/ros2_test1) by extension 'ignore'
[2.472s] Level 1:colcon.colcon_core.package_identification:_identify(saved_versions/task1_prep_seq_20260813_060603/ros2_test1/ros2_test1) by extension 'ignore_ament_install'
[2.472s] Level 1:colcon.colcon_core.package_identification:_identify(saved_versions/task1_prep_seq_20260813_060603/ros2_test1/ros2_test1) by extensions ['colcon_pkg']
[2.472s] Level 1:colcon.colcon_core.package_identification:_identify(saved_versions/task1_prep_seq_20260813_060603/ros2_test1/ros2_test1) by extension 'colcon_pkg'
[2.472s] Level 1:colcon.colcon_core.package_identification:_identify(saved_versions/task1_prep_seq_20260813_060603/ros2_test1/ros2_test1) by extensions ['colcon_meta']
[2.472s] Level 1:colcon.colcon_core.package_identification:_identify(saved_versions/task1_prep_seq_20260813_060603/ros2_test1/ros2_test1) by extension 'colcon_meta'
[2.472s] Level 1:colcon.colcon_core.package_identification:_identify(saved_versions/task1_prep_seq_20260813_060603/ros2_test1/ros2_test1) by extensions ['ros']
[2.472s] Level 1:colcon.colcon_core.package_identification:_identify(saved_versions/task1_prep_seq_20260813_060603/ros2_test1/ros2_test1) by extension 'ros'
[2.472s] Level 1:colcon.colcon_core.package_identification:_identify(saved_versions/task1_prep_seq_20260813_060603/ros2_test1/ros2_test1) by extensions ['cmake', 'python']
[2.473s] Level 1:colcon.colcon_core.package_identification:_identify(saved_versions/task1_prep_seq_20260813_060603/ros2_test1/ros2_test1) by extension 'cmake'
[2.473s] Level 1:colcon.colcon_core.package_identification:_identify(saved_versions/task1_prep_seq_20260813_060603/ros2_test1/ros2_test1) by extension 'python'
[2.473s] Level 1:colcon.colcon_core.package_identification:_identify(saved_versions/task1_prep_seq_20260813_060603/ros2_test1/ros2_test1) by extensions ['python_setup_py']
[2.473s] Level 1:colcon.colcon_core.package_identification:_identify(saved_versions/task1_prep_seq_20260813_060603/ros2_test1/ros2_test1) by extension 'python_setup_py'
[2.473s] Level 1:colcon.colcon_core.package_identification:_identify(saved_versions/task1_rearm_fast_id7_20260813_074111) by extensions ['ignore', 'ignore_ament_install']
[2.473s] Level 1:colcon.colcon_core.package_identification:_identify(saved_versions/task1_rearm_fast_id7_20260813_074111) by extension 'ignore'
[2.473s] Level 1:colcon.colcon_core.package_identification:_identify(saved_versions/task1_rearm_fast_id7_20260813_074111) by extension 'ignore_ament_install'
[2.473s] Level 1:colcon.colcon_core.package_identification:_identify(saved_versions/task1_rearm_fast_id7_20260813_074111) by extensions ['colcon_pkg']
[2.473s] Level 1:colcon.colcon_core.package_identification:_identify(saved_versions/task1_rearm_fast_id7_20260813_074111) by extension 'colcon_pkg'
[2.473s] Level 1:colcon.colcon_core.package_identification:_identify(saved_versions/task1_rearm_fast_id7_20260813_074111) by extensions ['colcon_meta']
[2.473s] Level 1:colcon.colcon_core.package_identification:_identify(saved_versions/task1_rearm_fast_id7_20260813_074111) by extension 'colcon_meta'
[2.474s] Level 1:colcon.colcon_core.package_identification:_identify(saved_versions/task1_rearm_fast_id7_20260813_074111) by extensions ['ros']
[2.474s] Level 1:colcon.colcon_core.package_identification:_identify(saved_versions/task1_rearm_fast_id7_20260813_074111) by extension 'ros'
[2.474s] Level 1:colcon.colcon_core.package_identification:_identify(saved_versions/task1_rearm_fast_id7_20260813_074111) by extensions ['cmake', 'python']
[2.474s] Level 1:colcon.colcon_core.package_identification:_identify(saved_versions/task1_rearm_fast_id7_20260813_074111) by extension 'cmake'
[2.474s] Level 1:colcon.colcon_core.package_identification:_identify(saved_versions/task1_rearm_fast_id7_20260813_074111) by extension 'python'
[2.474s] Level 1:colcon.colcon_core.package_identification:_identify(saved_versions/task1_rearm_fast_id7_20260813_074111) by extensions ['python_setup_py']
[2.474s] Level 1:colcon.colcon_core.package_identification:_identify(saved_versions/task1_rearm_fast_id7_20260813_074111) by extension 'python_setup_py'
[2.474s] Level 1:colcon.colcon_core.package_identification:_identify(saved_versions/task1_restore_immediate_85kg_20260814_021204) by extensions ['ignore', 'ignore_ament_install']
[2.474s] Level 1:colcon.colcon_core.package_identification:_identify(saved_versions/task1_restore_immediate_85kg_20260814_021204) by extension 'ignore'
[2.474s] Level 1:colcon.colcon_core.package_identification:_identify(saved_versions/task1_restore_immediate_85kg_20260814_021204) by extension 'ignore_ament_install'
[2.474s] Level 1:colcon.colcon_core.package_identification:_identify(saved_versions/task1_restore_immediate_85kg_20260814_021204) by extensions ['colcon_pkg']
[2.475s] Level 1:colcon.colcon_core.package_identification:_identify(saved_versions/task1_restore_immediate_85kg_20260814_021204) by extension 'colcon_pkg'
[2.475s] Level 1:colcon.colcon_core.package_identification:_identify(saved_versions/task1_restore_immediate_85kg_20260814_021204) by extensions ['colcon_meta']
[2.475s] Level 1:colcon.colcon_core.package_identification:_identify(saved_versions/task1_restore_immediate_85kg_20260814_021204) by extension 'colcon_meta'
[2.475s] Level 1:colcon.colcon_core.package_identification:_identify(saved_versions/task1_restore_immediate_85kg_20260814_021204) by extensions ['ros']
[2.475s] Level 1:colcon.colcon_core.package_identification:_identify(saved_versions/task1_restore_immediate_85kg_20260814_021204) by extension 'ros'
[2.475s] Level 1:colcon.colcon_core.package_identification:_identify(saved_versions/task1_restore_immediate_85kg_20260814_021204) by extensions ['cmake', 'python']
[2.475s] Level 1:colcon.colcon_core.package_identification:_identify(saved_versions/task1_restore_immediate_85kg_20260814_021204) by extension 'cmake'
[2.475s] Level 1:colcon.colcon_core.package_identification:_identify(saved_versions/task1_restore_immediate_85kg_20260814_021204) by extension 'python'
[2.475s] Level 1:colcon.colcon_core.package_identification:_identify(saved_versions/task1_restore_immediate_85kg_20260814_021204) by extensions ['python_setup_py']
[2.475s] Level 1:colcon.colcon_core.package_identification:_identify(saved_versions/task1_restore_immediate_85kg_20260814_021204) by extension 'python_setup_py'
[2.475s] Level 1:colcon.colcon_core.package_identification:_identify(saved_versions/task1_restore_immediate_85kg_20260814_021204/ros2_test1) by extensions ['ignore', 'ignore_ament_install']
[2.476s] Level 1:colcon.colcon_core.package_identification:_identify(saved_versions/task1_restore_immediate_85kg_20260814_021204/ros2_test1) by extension 'ignore'
[2.476s] Level 1:colcon.colcon_core.package_identification:_identify(saved_versions/task1_restore_immediate_85kg_20260814_021204/ros2_test1) by extension 'ignore_ament_install'
[2.476s] Level 1:colcon.colcon_core.package_identification:_identify(saved_versions/task1_restore_immediate_85kg_20260814_021204/ros2_test1) by extensions ['colcon_pkg']
[2.476s] Level 1:colcon.colcon_core.package_identification:_identify(saved_versions/task1_restore_immediate_85kg_20260814_021204/ros2_test1) by extension 'colcon_pkg'
[2.476s] Level 1:colcon.colcon_core.package_identification:_identify(saved_versions/task1_restore_immediate_85kg_20260814_021204/ros2_test1) by extensions ['colcon_meta']
[2.476s] Level 1:colcon.colcon_core.package_identification:_identify(saved_versions/task1_restore_immediate_85kg_20260814_021204/ros2_test1) by extension 'colcon_meta'
[2.476s] Level 1:colcon.colcon_core.package_identification:_identify(saved_versions/task1_restore_immediate_85kg_20260814_021204/ros2_test1) by extensions ['ros']
[2.476s] Level 1:colcon.colcon_core.package_identification:_identify(saved_versions/task1_restore_immediate_85kg_20260814_021204/ros2_test1) by extension 'ros'
[2.477s] Level 1:colcon.colcon_core.package_identification:_identify(saved_versions/task1_restore_immediate_85kg_20260814_021204/ros2_test1) by extensions ['cmake', 'python']
[2.477s] Level 1:colcon.colcon_core.package_identification:_identify(saved_versions/task1_restore_immediate_85kg_20260814_021204/ros2_test1) by extension 'cmake'
[2.477s] Level 1:colcon.colcon_core.package_identification:_identify(saved_versions/task1_restore_immediate_85kg_20260814_021204/ros2_test1) by extension 'python'
[2.477s] Level 1:colcon.colcon_core.package_identification:_identify(saved_versions/task1_restore_immediate_85kg_20260814_021204/ros2_test1) by extensions ['python_setup_py']
[2.477s] Level 1:colcon.colcon_core.package_identification:_identify(saved_versions/task1_restore_immediate_85kg_20260814_021204/ros2_test1) by extension 'python_setup_py'
[2.477s] Level 1:colcon.colcon_core.package_identification:_identify(saved_versions/task1_restore_immediate_85kg_20260814_021204/test) by extensions ['ignore', 'ignore_ament_install']
[2.477s] Level 1:colcon.colcon_core.package_identification:_identify(saved_versions/task1_restore_immediate_85kg_20260814_021204/test) by extension 'ignore'
[2.477s] Level 1:colcon.colcon_core.package_identification:_identify(saved_versions/task1_restore_immediate_85kg_20260814_021204/test) by extension 'ignore_ament_install'
[2.478s] Level 1:colcon.colcon_core.package_identification:_identify(saved_versions/task1_restore_immediate_85kg_20260814_021204/test) by extensions ['colcon_pkg']
[2.478s] Level 1:colcon.colcon_core.package_identification:_identify(saved_versions/task1_restore_immediate_85kg_20260814_021204/test) by extension 'colcon_pkg'
[2.478s] Level 1:colcon.colcon_core.package_identification:_identify(saved_versions/task1_restore_immediate_85kg_20260814_021204/test) by extensions ['colcon_meta']
[2.478s] Level 1:colcon.colcon_core.package_identification:_identify(saved_versions/task1_restore_immediate_85kg_20260814_021204/test) by extension 'colcon_meta'
[2.478s] Level 1:colcon.colcon_core.package_identification:_identify(saved_versions/task1_restore_immediate_85kg_20260814_021204/test) by extensions ['ros']
[2.478s] Level 1:colcon.colcon_core.package_identification:_identify(saved_versions/task1_restore_immediate_85kg_20260814_021204/test) by extension 'ros'
[2.478s] Level 1:colcon.colcon_core.package_identification:_identify(saved_versions/task1_restore_immediate_85kg_20260814_021204/test) by extensions ['cmake', 'python']
[2.478s] Level 1:colcon.colcon_core.package_identification:_identify(saved_versions/task1_restore_immediate_85kg_20260814_021204/test) by extension 'cmake'
[2.478s] Level 1:colcon.colcon_core.package_identification:_identify(saved_versions/task1_restore_immediate_85kg_20260814_021204/test) by extension 'python'
[2.478s] Level 1:colcon.colcon_core.package_identification:_identify(saved_versions/task1_restore_immediate_85kg_20260814_021204/test) by extensions ['python_setup_py']
[2.478s] Level 1:colcon.colcon_core.package_identification:_identify(saved_versions/task1_restore_immediate_85kg_20260814_021204/test) by extension 'python_setup_py'
[2.479s] Level 1:colcon.colcon_core.package_identification:_identify(saved_versions/task1_single_frame_disc_trigger_20260814_004738) by extensions ['ignore', 'ignore_ament_install']
[2.479s] Level 1:colcon.colcon_core.package_identification:_identify(saved_versions/task1_single_frame_disc_trigger_20260814_004738) by extension 'ignore'
[2.479s] Level 1:colcon.colcon_core.package_identification:_identify(saved_versions/task1_single_frame_disc_trigger_20260814_004738) by extension 'ignore_ament_install'
[2.479s] Level 1:colcon.colcon_core.package_identification:_identify(saved_versions/task1_single_frame_disc_trigger_20260814_004738) by extensions ['colcon_pkg']
[2.479s] Level 1:colcon.colcon_core.package_identification:_identify(saved_versions/task1_single_frame_disc_trigger_20260814_004738) by extension 'colcon_pkg'
[2.479s] Level 1:colcon.colcon_core.package_identification:_identify(saved_versions/task1_single_frame_disc_trigger_20260814_004738) by extensions ['colcon_meta']
[2.479s] Level 1:colcon.colcon_core.package_identification:_identify(saved_versions/task1_single_frame_disc_trigger_20260814_004738) by extension 'colcon_meta'
[2.479s] Level 1:colcon.colcon_core.package_identification:_identify(saved_versions/task1_single_frame_disc_trigger_20260814_004738) by extensions ['ros']
[2.480s] Level 1:colcon.colcon_core.package_identification:_identify(saved_versions/task1_single_frame_disc_trigger_20260814_004738) by extension 'ros'
[2.480s] Level 1:colcon.colcon_core.package_identification:_identify(saved_versions/task1_single_frame_disc_trigger_20260814_004738) by extensions ['cmake', 'python']
[2.480s] Level 1:colcon.colcon_core.package_identification:_identify(saved_versions/task1_single_frame_disc_trigger_20260814_004738) by extension 'cmake'
[2.480s] Level 1:colcon.colcon_core.package_identification:_identify(saved_versions/task1_single_frame_disc_trigger_20260814_004738) by extension 'python'
[2.480s] Level 1:colcon.colcon_core.package_identification:_identify(saved_versions/task1_single_frame_disc_trigger_20260814_004738) by extensions ['python_setup_py']
[2.480s] Level 1:colcon.colcon_core.package_identification:_identify(saved_versions/task1_single_frame_disc_trigger_20260814_004738) by extension 'python_setup_py'
[2.480s] Level 1:colcon.colcon_core.package_identification:_identify(saved_versions/task1_single_frame_disc_trigger_20260814_004849) by extensions ['ignore', 'ignore_ament_install']
[2.480s] Level 1:colcon.colcon_core.package_identification:_identify(saved_versions/task1_single_frame_disc_trigger_20260814_004849) by extension 'ignore'
[2.481s] Level 1:colcon.colcon_core.package_identification:_identify(saved_versions/task1_single_frame_disc_trigger_20260814_004849) by extension 'ignore_ament_install'
[2.481s] Level 1:colcon.colcon_core.package_identification:_identify(saved_versions/task1_single_frame_disc_trigger_20260814_004849) by extensions ['colcon_pkg']
[2.481s] Level 1:colcon.colcon_core.package_identification:_identify(saved_versions/task1_single_frame_disc_trigger_20260814_004849) by extension 'colcon_pkg'
[2.481s] Level 1:colcon.colcon_core.package_identification:_identify(saved_versions/task1_single_frame_disc_trigger_20260814_004849) by extensions ['colcon_meta']
[2.481s] Level 1:colcon.colcon_core.package_identification:_identify(saved_versions/task1_single_frame_disc_trigger_20260814_004849) by extension 'colcon_meta'
[2.481s] Level 1:colcon.colcon_core.package_identification:_identify(saved_versions/task1_single_frame_disc_trigger_20260814_004849) by extensions ['ros']
[2.481s] Level 1:colcon.colcon_core.package_identification:_identify(saved_versions/task1_single_frame_disc_trigger_20260814_004849) by extension 'ros'
[2.481s] Level 1:colcon.colcon_core.package_identification:_identify(saved_versions/task1_single_frame_disc_trigger_20260814_004849) by extensions ['cmake', 'python']
[2.481s] Level 1:colcon.colcon_core.package_identification:_identify(saved_versions/task1_single_frame_disc_trigger_20260814_004849) by extension 'cmake'
[2.481s] Level 1:colcon.colcon_core.package_identification:_identify(saved_versions/task1_single_frame_disc_trigger_20260814_004849) by extension 'python'
[2.481s] Level 1:colcon.colcon_core.package_identification:_identify(saved_versions/task1_single_frame_disc_trigger_20260814_004849) by extensions ['python_setup_py']
[2.481s] Level 1:colcon.colcon_core.package_identification:_identify(saved_versions/task1_single_frame_disc_trigger_20260814_004849) by extension 'python_setup_py'
[2.482s] Level 1:colcon.colcon_core.package_identification:_identify(saved_versions/task1_sync_id570_cleanup_20260814_015600) by extensions ['ignore', 'ignore_ament_install']
[2.482s] Level 1:colcon.colcon_core.package_identification:_identify(saved_versions/task1_sync_id570_cleanup_20260814_015600) by extension 'ignore'
[2.482s] Level 1:colcon.colcon_core.package_identification:_identify(saved_versions/task1_sync_id570_cleanup_20260814_015600) by extension 'ignore_ament_install'
[2.482s] Level 1:colcon.colcon_core.package_identification:_identify(saved_versions/task1_sync_id570_cleanup_20260814_015600) by extensions ['colcon_pkg']
[2.482s] Level 1:colcon.colcon_core.package_identification:_identify(saved_versions/task1_sync_id570_cleanup_20260814_015600) by extension 'colcon_pkg'
[2.482s] Level 1:colcon.colcon_core.package_identification:_identify(saved_versions/task1_sync_id570_cleanup_20260814_015600) by extensions ['colcon_meta']
[2.482s] Level 1:colcon.colcon_core.package_identification:_identify(saved_versions/task1_sync_id570_cleanup_20260814_015600) by extension 'colcon_meta'
[2.482s] Level 1:colcon.colcon_core.package_identification:_identify(saved_versions/task1_sync_id570_cleanup_20260814_015600) by extensions ['ros']
[2.482s] Level 1:colcon.colcon_core.package_identification:_identify(saved_versions/task1_sync_id570_cleanup_20260814_015600) by extension 'ros'
[2.482s] Level 1:colcon.colcon_core.package_identification:_identify(saved_versions/task1_sync_id570_cleanup_20260814_015600) by extensions ['cmake', 'python']
[2.482s] Level 1:colcon.colcon_core.package_identification:_identify(saved_versions/task1_sync_id570_cleanup_20260814_015600) by extension 'cmake'
[2.483s] Level 1:colcon.colcon_core.package_identification:_identify(saved_versions/task1_sync_id570_cleanup_20260814_015600) by extension 'python'
[2.483s] Level 1:colcon.colcon_core.package_identification:_identify(saved_versions/task1_sync_id570_cleanup_20260814_015600) by extensions ['python_setup_py']
[2.483s] Level 1:colcon.colcon_core.package_identification:_identify(saved_versions/task1_sync_id570_cleanup_20260814_015600) by extension 'python_setup_py'
[2.483s] Level 1:colcon.colcon_core.package_identification:_identify(saved_versions/task1_sync_id570_cleanup_20260814_015600/ros2_test1) by extensions ['ignore', 'ignore_ament_install']
[2.483s] Level 1:colcon.colcon_core.package_identification:_identify(saved_versions/task1_sync_id570_cleanup_20260814_015600/ros2_test1) by extension 'ignore'
[2.483s] Level 1:colcon.colcon_core.package_identification:_identify(saved_versions/task1_sync_id570_cleanup_20260814_015600/ros2_test1) by extension 'ignore_ament_install'
[2.483s] Level 1:colcon.colcon_core.package_identification:_identify(saved_versions/task1_sync_id570_cleanup_20260814_015600/ros2_test1) by extensions ['colcon_pkg']
[2.483s] Level 1:colcon.colcon_core.package_identification:_identify(saved_versions/task1_sync_id570_cleanup_20260814_015600/ros2_test1) by extension 'colcon_pkg'
[2.484s] Level 1:colcon.colcon_core.package_identification:_identify(saved_versions/task1_sync_id570_cleanup_20260814_015600/ros2_test1) by extensions ['colcon_meta']
[2.484s] Level 1:colcon.colcon_core.package_identification:_identify(saved_versions/task1_sync_id570_cleanup_20260814_015600/ros2_test1) by extension 'colcon_meta'
[2.484s] Level 1:colcon.colcon_core.package_identification:_identify(saved_versions/task1_sync_id570_cleanup_20260814_015600/ros2_test1) by extensions ['ros']
[2.484s] Level 1:colcon.colcon_core.package_identification:_identify(saved_versions/task1_sync_id570_cleanup_20260814_015600/ros2_test1) by extension 'ros'
[2.484s] Level 1:colcon.colcon_core.package_identification:_identify(saved_versions/task1_sync_id570_cleanup_20260814_015600/ros2_test1) by extensions ['cmake', 'python']
[2.484s] Level 1:colcon.colcon_core.package_identification:_identify(saved_versions/task1_sync_id570_cleanup_20260814_015600/ros2_test1) by extension 'cmake'
[2.485s] Level 1:colcon.colcon_core.package_identification:_identify(saved_versions/task1_sync_id570_cleanup_20260814_015600/ros2_test1) by extension 'python'
[2.485s] Level 1:colcon.colcon_core.package_identification:_identify(saved_versions/task1_sync_id570_cleanup_20260814_015600/ros2_test1) by extensions ['python_setup_py']
[2.485s] Level 1:colcon.colcon_core.package_identification:_identify(saved_versions/task1_sync_id570_cleanup_20260814_015600/ros2_test1) by extension 'python_setup_py'
[2.485s] Level 1:colcon.colcon_core.package_identification:_identify(saved_versions/task1_sync_id570_cleanup_20260814_015600/test) by extensions ['ignore', 'ignore_ament_install']
[2.485s] Level 1:colcon.colcon_core.package_identification:_identify(saved_versions/task1_sync_id570_cleanup_20260814_015600/test) by extension 'ignore'
[2.485s] Level 1:colcon.colcon_core.package_identification:_identify(saved_versions/task1_sync_id570_cleanup_20260814_015600/test) by extension 'ignore_ament_install'
[2.485s] Level 1:colcon.colcon_core.package_identification:_identify(saved_versions/task1_sync_id570_cleanup_20260814_015600/test) by extensions ['colcon_pkg']
[2.485s] Level 1:colcon.colcon_core.package_identification:_identify(saved_versions/task1_sync_id570_cleanup_20260814_015600/test) by extension 'colcon_pkg'
[2.485s] Level 1:colcon.colcon_core.package_identification:_identify(saved_versions/task1_sync_id570_cleanup_20260814_015600/test) by extensions ['colcon_meta']
[2.485s] Level 1:colcon.colcon_core.package_identification:_identify(saved_versions/task1_sync_id570_cleanup_20260814_015600/test) by extension 'colcon_meta'
[2.486s] Level 1:colcon.colcon_core.package_identification:_identify(saved_versions/task1_sync_id570_cleanup_20260814_015600/test) by extensions ['ros']
[2.486s] Level 1:colcon.colcon_core.package_identification:_identify(saved_versions/task1_sync_id570_cleanup_20260814_015600/test) by extension 'ros'
[2.486s] Level 1:colcon.colcon_core.package_identification:_identify(saved_versions/task1_sync_id570_cleanup_20260814_015600/test) by extensions ['cmake', 'python']
[2.486s] Level 1:colcon.colcon_core.package_identification:_identify(saved_versions/task1_sync_id570_cleanup_20260814_015600/test) by extension 'cmake'
[2.486s] Level 1:colcon.colcon_core.package_identification:_identify(saved_versions/task1_sync_id570_cleanup_20260814_015600/test) by extension 'python'
[2.486s] Level 1:colcon.colcon_core.package_identification:_identify(saved_versions/task1_sync_id570_cleanup_20260814_015600/test) by extensions ['python_setup_py']
[2.486s] Level 1:colcon.colcon_core.package_identification:_identify(saved_versions/task1_sync_id570_cleanup_20260814_015600/test) by extension 'python_setup_py'
[2.486s] Level 1:colcon.colcon_core.package_identification:_identify(src) by extensions ['ignore', 'ignore_ament_install']
[2.486s] Level 1:colcon.colcon_core.package_identification:_identify(src) by extension 'ignore'
[2.486s] Level 1:colcon.colcon_core.package_identification:_identify(src) by extension 'ignore_ament_install'
[2.487s] Level 1:colcon.colcon_core.package_identification:_identify(src) by extensions ['colcon_pkg']
[2.487s] Level 1:colcon.colcon_core.package_identification:_identify(src) by extension 'colcon_pkg'
[2.487s] Level 1:colcon.colcon_core.package_identification:_identify(src) by extensions ['colcon_meta']
[2.487s] Level 1:colcon.colcon_core.package_identification:_identify(src) by extension 'colcon_meta'
[2.487s] Level 1:colcon.colcon_core.package_identification:_identify(src) by extensions ['ros']
[2.487s] Level 1:colcon.colcon_core.package_identification:_identify(src) by extension 'ros'
[2.487s] Level 1:colcon.colcon_core.package_identification:_identify(src) by extensions ['cmake', 'python']
[2.487s] Level 1:colcon.colcon_core.package_identification:_identify(src) by extension 'cmake'
[2.487s] Level 1:colcon.colcon_core.package_identification:_identify(src) by extension 'python'
[2.487s] Level 1:colcon.colcon_core.package_identification:_identify(src) by extensions ['python_setup_py']
[2.487s] Level 1:colcon.colcon_core.package_identification:_identify(src) by extension 'python_setup_py'
[2.488s] Level 1:colcon.colcon_core.package_identification:_identify(src/stm32_bridge) by extensions ['ignore', 'ignore_ament_install']
[2.488s] Level 1:colcon.colcon_core.package_identification:_identify(src/stm32_bridge) by extension 'ignore'
[2.488s] Level 1:colcon.colcon_core.package_identification:_identify(src/stm32_bridge) by extension 'ignore_ament_install'
[2.488s] Level 1:colcon.colcon_core.package_identification:_identify(src/stm32_bridge) by extensions ['colcon_pkg']
[2.488s] Level 1:colcon.colcon_core.package_identification:_identify(src/stm32_bridge) by extension 'colcon_pkg'
[2.488s] Level 1:colcon.colcon_core.package_identification:_identify(src/stm32_bridge) by extensions ['colcon_meta']
[2.488s] Level 1:colcon.colcon_core.package_identification:_identify(src/stm32_bridge) by extension 'colcon_meta'
[2.488s] Level 1:colcon.colcon_core.package_identification:_identify(src/stm32_bridge) by extensions ['ros']
[2.488s] Level 1:colcon.colcon_core.package_identification:_identify(src/stm32_bridge) by extension 'ros'
[2.490s] DEBUG:colcon.colcon_core.package_identification:Package 'src/stm32_bridge' with type 'ros.ament_python' and name 'stm32_bridge'
[2.490s] Level 1:colcon.colcon_core.package_discovery:discover_packages(recursive) using defaults
[2.490s] Level 1:colcon.colcon_core.package_discovery:discover_packages(ignore) discover
[2.490s] Level 1:colcon.colcon_core.package_discovery:discover_packages(ignore) using defaults
[2.490s] Level 1:colcon.colcon_core.package_discovery:discover_packages(path) discover
[2.490s] Level 1:colcon.colcon_core.package_discovery:discover_packages(path) using defaults
[2.549s] INFO:colcon.colcon_metadata.metadata.colcon_pkg:Updating descriptor of package 'ros2_test1' from colcon.pkg: {'name': 'ros2_test1', 'type': 'ros.ament_python'}
[2.550s] DEBUG:colcon.colcon_core.package_identification:Failed to parse potential ROS package manifest in'ros2_test1': Error(s) in package 'ros2_test1/package.xml':
Invalid email "cat@lubancat" for person "cat"
[2.552s] INFO:colcon.colcon_core.package_selection:Skipping not selected package 'stm32_bridge' in 'src/stm32_bridge'
[2.554s] Level 1:colcon.colcon_core.package_discovery:discover_packages(prefix_path) check parameters
[2.554s] Level 1:colcon.colcon_core.package_discovery:discover_packages(prefix_path) discover
[2.569s] DEBUG:colcon.colcon_installed_package_information.package_discovery:Found 368 installed packages in /opt/ros/jazzy
[2.570s] Level 1:colcon.colcon_core.package_discovery:discover_packages(prefix_path) using defaults
[2.656s] Level 5:colcon.colcon_core.verb:set package 'abcd_detector' build argument 'cmake_args' from command line to 'None'
[2.656s] Level 5:colcon.colcon_core.verb:set package 'abcd_detector' build argument 'cmake_target' from command line to 'None'
[2.656s] Level 5:colcon.colcon_core.verb:set package 'abcd_detector' build argument 'cmake_target_skip_unavailable' from command line to 'False'
[2.656s] Level 5:colcon.colcon_core.verb:set package 'abcd_detector' build argument 'cmake_clean_cache' from command line to 'False'
[2.656s] Level 5:colcon.colcon_core.verb:set package 'abcd_detector' build argument 'cmake_clean_first' from command line to 'False'
[2.656s] Level 5:colcon.colcon_core.verb:set package 'abcd_detector' build argument 'cmake_force_configure' from command line to 'False'
[2.656s] Level 5:colcon.colcon_core.verb:set package 'abcd_detector' build argument 'ament_cmake_args' from command line to 'None'
[2.657s] Level 5:colcon.colcon_core.verb:set package 'abcd_detector' build argument 'catkin_cmake_args' from command line to 'None'
[2.657s] Level 5:colcon.colcon_core.verb:set package 'abcd_detector' build argument 'catkin_skip_building_tests' from command line to 'False'
[2.657s] DEBUG:colcon.colcon_core.verb:Building package 'abcd_detector' with the following arguments: {'ament_cmake_args': None, 'build_base': '/home/aijokaren/Desktop/rk3588s/build/abcd_detector', 'catkin_cmake_args': None, 'catkin_skip_building_tests': False, 'cmake_args': None, 'cmake_clean_cache': False, 'cmake_clean_first': False, 'cmake_force_configure': False, 'cmake_target': None, 'cmake_target_skip_unavailable': False, 'install_base': '/home/aijokaren/Desktop/rk3588s/install/abcd_detector', 'merge_install': False, 'path': '/home/aijokaren/Desktop/rk3588s/ABCD_detector', 'symlink_install': True, 'test_result_base': None}
[2.657s] Level 5:colcon.colcon_core.verb:set package 'ros2_test1' build argument 'cmake_args' from command line to 'None'
[2.657s] Level 5:colcon.colcon_core.verb:set package 'ros2_test1' build argument 'cmake_target' from command line to 'None'
[2.657s] Level 5:colcon.colcon_core.verb:set package 'ros2_test1' build argument 'cmake_target_skip_unavailable' from command line to 'False'
[2.657s] Level 5:colcon.colcon_core.verb:set package 'ros2_test1' build argument 'cmake_clean_cache' from command line to 'False'
[2.657s] Level 5:colcon.colcon_core.verb:set package 'ros2_test1' build argument 'cmake_clean_first' from command line to 'False'
[2.657s] Level 5:colcon.colcon_core.verb:set package 'ros2_test1' build argument 'cmake_force_configure' from command line to 'False'
[2.657s] Level 5:colcon.colcon_core.verb:set package 'ros2_test1' build argument 'ament_cmake_args' from command line to 'None'
[2.657s] Level 5:colcon.colcon_core.verb:set package 'ros2_test1' build argument 'catkin_cmake_args' from command line to 'None'
[2.657s] Level 5:colcon.colcon_core.verb:set package 'ros2_test1' build argument 'catkin_skip_building_tests' from command line to 'False'
[2.657s] DEBUG:colcon.colcon_core.verb:Building package 'ros2_test1' with the following arguments: {'ament_cmake_args': None, 'build_base': '/home/aijokaren/Desktop/rk3588s/build/ros2_test1', 'catkin_cmake_args': None, 'catkin_skip_building_tests': False, 'cmake_args': None, 'cmake_clean_cache': False, 'cmake_clean_first': False, 'cmake_force_configure': False, 'cmake_target': None, 'cmake_target_skip_unavailable': False, 'install_base': '/home/aijokaren/Desktop/rk3588s/install/ros2_test1', 'merge_install': False, 'path': '/home/aijokaren/Desktop/rk3588s/ros2_test1', 'symlink_install': True, 'test_result_base': None}
[2.658s] INFO:colcon.colcon_core.executor:Executing jobs using 'parallel' executor
[2.660s] DEBUG:colcon.colcon_parallel_executor.executor.parallel:run_until_complete
[2.661s] INFO:colcon.colcon_core.task.python.build:Building Python package in '/home/aijokaren/Desktop/rk3588s/ABCD_detector'
[2.679s] INFO:colcon.colcon_core.plugin_system:Skipping extension 'colcon_core.shell.bat': Not used on non-Windows systems
[2.679s] INFO:colcon.colcon_core.shell:Skip shell extension 'powershell' for command environment: Not usable outside of PowerShell
[2.680s] DEBUG:colcon.colcon_core.shell:Skip shell extension 'dsv' for command environment
[2.688s] INFO:colcon.colcon_ros.task.ament_python.build:Building ROS package in '/home/aijokaren/Desktop/rk3588s/ros2_test1' with build type 'ament_python'
[2.688s] Level 1:colcon.colcon_core.shell:create_environment_hook('ros2_test1', 'ament_prefix_path')
[2.689s] INFO:colcon.colcon_core.shell:Creating environment hook '/home/aijokaren/Desktop/rk3588s/install/ros2_test1/share/ros2_test1/hook/ament_prefix_path.ps1'
[2.694s] INFO:colcon.colcon_core.shell:Creating environment descriptor '/home/aijokaren/Desktop/rk3588s/install/ros2_test1/share/ros2_test1/hook/ament_prefix_path.dsv'
[2.695s] INFO:colcon.colcon_core.shell:Creating environment hook '/home/aijokaren/Desktop/rk3588s/install/ros2_test1/share/ros2_test1/hook/ament_prefix_path.sh'
[2.697s] INFO:colcon.colcon_core.shell:Skip shell extension 'powershell' for command environment: Not usable outside of PowerShell
[2.697s] DEBUG:colcon.colcon_core.shell:Skip shell extension 'dsv' for command environment
[3.532s] INFO:colcon.colcon_core.task.python.build:Building Python package in '/home/aijokaren/Desktop/rk3588s/ros2_test1'
[3.532s] INFO:colcon.colcon_core.shell:Skip shell extension 'powershell' for command environment: Not usable outside of PowerShell
[3.532s] DEBUG:colcon.colcon_core.shell:Skip shell extension 'dsv' for command environment
[4.970s] DEBUG:colcon.colcon_core.event_handler.log_command:Invoking command in '/home/aijokaren/Desktop/rk3588s/build/ros2_test1': DEBUGINFOD_URLS=https://debuginfod.ubuntu.com PYTHONPATH=/home/aijokaren/Desktop/rk3588s/build/ros2_test1/prefix_override:/usr/lib/python3/dist-packages/colcon_core/task/python/colcon_distutils_commands:/home/aijokaren/Desktop/rk3588s/install/ros2_test1/lib/python3.12/site-packages:${PYTHONPATH} /usr/bin/python3 -W ignore:setup.py install is deprecated -W ignore:easy_install command is deprecated setup.py develop --editable --build-directory /home/aijokaren/Desktop/rk3588s/build/ros2_test1/build --no-deps symlink_data
[4.976s] DEBUG:colcon.colcon_core.event_handler.log_command:Invoking command in '/home/aijokaren/Desktop/rk3588s/build/abcd_detector': DEBUGINFOD_URLS=https://debuginfod.ubuntu.com PYTHONPATH=/home/aijokaren/Desktop/rk3588s/build/abcd_detector/prefix_override:/usr/lib/python3/dist-packages/colcon_core/task/python/colcon_distutils_commands:/home/aijokaren/Desktop/rk3588s/install/abcd_detector/lib/python3.12/site-packages:${PYTHONPATH} /usr/bin/python3 -W ignore:setup.py install is deprecated -W ignore:easy_install command is deprecated setup.py develop --editable --build-directory /home/aijokaren/Desktop/rk3588s/build/abcd_detector/build --no-deps symlink_data
[6.141s] Level 1:colcon.colcon_core.shell:create_environment_hook('abcd_detector', 'pythonpath_develop')
[6.141s] INFO:colcon.colcon_core.shell:Creating environment hook '/home/aijokaren/Desktop/rk3588s/build/abcd_detector/share/abcd_detector/hook/pythonpath_develop.ps1'
[6.142s] DEBUG:colcon.colcon_core.event_handler.log_command:Invoked command in '/home/aijokaren/Desktop/rk3588s/build/abcd_detector' returned '0': DEBUGINFOD_URLS=https://debuginfod.ubuntu.com PYTHONPATH=/home/aijokaren/Desktop/rk3588s/build/abcd_detector/prefix_override:/usr/lib/python3/dist-packages/colcon_core/task/python/colcon_distutils_commands:/home/aijokaren/Desktop/rk3588s/install/abcd_detector/lib/python3.12/site-packages:${PYTHONPATH} /usr/bin/python3 -W ignore:setup.py install is deprecated -W ignore:easy_install command is deprecated setup.py develop --editable --build-directory /home/aijokaren/Desktop/rk3588s/build/abcd_detector/build --no-deps symlink_data
[6.144s] INFO:colcon.colcon_core.shell:Creating environment descriptor '/home/aijokaren/Desktop/rk3588s/build/abcd_detector/share/abcd_detector/hook/pythonpath_develop.dsv'
[6.145s] INFO:colcon.colcon_core.shell:Creating environment hook '/home/aijokaren/Desktop/rk3588s/build/abcd_detector/share/abcd_detector/hook/pythonpath_develop.sh'
[6.166s] Level 1:colcon.colcon_core.environment:checking '/home/aijokaren/Desktop/rk3588s/install/abcd_detector' for CMake module files
[6.167s] Level 1:colcon.colcon_core.environment:checking '/home/aijokaren/Desktop/rk3588s/install/abcd_detector' for CMake config files
[6.168s] Level 1:colcon.colcon_core.environment:checking '/home/aijokaren/Desktop/rk3588s/install/abcd_detector/lib'
[6.169s] Level 1:colcon.colcon_core.environment:checking '/home/aijokaren/Desktop/rk3588s/install/abcd_detector/bin'
[6.169s] Level 1:colcon.colcon_core.environment:checking '/home/aijokaren/Desktop/rk3588s/install/abcd_detector/lib/pkgconfig/abcd_detector.pc'
[6.169s] Level 1:colcon.colcon_core.environment:checking '/home/aijokaren/Desktop/rk3588s/install/abcd_detector/lib/python3.12/site-packages'
[6.170s] Level 1:colcon.colcon_core.shell:create_environment_hook('abcd_detector', 'pythonpath')
[6.170s] INFO:colcon.colcon_core.shell:Creating environment hook '/home/aijokaren/Desktop/rk3588s/install/abcd_detector/share/abcd_detector/hook/pythonpath.ps1'
[6.171s] INFO:colcon.colcon_core.shell:Creating environment descriptor '/home/aijokaren/Desktop/rk3588s/install/abcd_detector/share/abcd_detector/hook/pythonpath.dsv'
[6.172s] INFO:colcon.colcon_core.shell:Creating environment hook '/home/aijokaren/Desktop/rk3588s/install/abcd_detector/share/abcd_detector/hook/pythonpath.sh'
[6.173s] Level 1:colcon.colcon_core.environment:checking '/home/aijokaren/Desktop/rk3588s/install/abcd_detector/bin'
[6.173s] Level 1:colcon.colcon_core.environment:create_environment_scripts_only(abcd_detector)
[6.174s] INFO:colcon.colcon_core.shell:Creating package script '/home/aijokaren/Desktop/rk3588s/install/abcd_detector/share/abcd_detector/package.ps1'
[6.176s] INFO:colcon.colcon_core.shell:Creating package descriptor '/home/aijokaren/Desktop/rk3588s/install/abcd_detector/share/abcd_detector/package.dsv'
[6.179s] INFO:colcon.colcon_core.shell:Creating package script '/home/aijokaren/Desktop/rk3588s/install/abcd_detector/share/abcd_detector/package.sh'
[6.181s] INFO:colcon.colcon_core.shell:Creating package script '/home/aijokaren/Desktop/rk3588s/install/abcd_detector/share/abcd_detector/package.bash'
[6.184s] INFO:colcon.colcon_core.shell:Creating package script '/home/aijokaren/Desktop/rk3588s/install/abcd_detector/share/abcd_detector/package.zsh'
[6.187s] Level 1:colcon.colcon_core.environment:create_file_with_runtime_dependencies(/home/aijokaren/Desktop/rk3588s/install/abcd_detector/share/colcon-core/packages/abcd_detector)
[6.191s] DEBUG:colcon.colcon_core.event_handler.log_command:Invoked command in '/home/aijokaren/Desktop/rk3588s/build/ros2_test1' returned '1': DEBUGINFOD_URLS=https://debuginfod.ubuntu.com PYTHONPATH=/home/aijokaren/Desktop/rk3588s/build/ros2_test1/prefix_override:/usr/lib/python3/dist-packages/colcon_core/task/python/colcon_distutils_commands:/home/aijokaren/Desktop/rk3588s/install/ros2_test1/lib/python3.12/site-packages:${PYTHONPATH} /usr/bin/python3 -W ignore:setup.py install is deprecated -W ignore:easy_install command is deprecated setup.py develop --editable --build-directory /home/aijokaren/Desktop/rk3588s/build/ros2_test1/build --no-deps symlink_data
[6.200s] DEBUG:colcon.colcon_parallel_executor.executor.parallel:closing loop
[6.200s] DEBUG:colcon.colcon_parallel_executor.executor.parallel:loop closed
[6.201s] DEBUG:colcon.colcon_parallel_executor.executor.parallel:run_until_complete finished with '1'
[6.201s] DEBUG:colcon.colcon_core.event_reactor:joining thread
[6.226s] INFO:colcon.colcon_core.plugin_system:Skipping extension 'colcon_notification.desktop_notification.terminal_notifier': Not used on non-Darwin systems
[6.226s] INFO:colcon.colcon_core.plugin_system:Skipping extension 'colcon_notification.desktop_notification.win32': Not used on non-Windows systems
[6.226s] INFO:colcon.colcon_notification.desktop_notification:Sending desktop notification using 'notify2'
[7.015s] DEBUG:colcon.colcon_core.event_reactor:joined thread
[7.015s] INFO:colcon.colcon_core.shell:Creating prefix script '/home/aijokaren/Desktop/rk3588s/install/local_setup.ps1'
[7.018s] INFO:colcon.colcon_core.shell:Creating prefix util module '/home/aijokaren/Desktop/rk3588s/install/_local_setup_util_ps1.py'
[7.021s] INFO:colcon.colcon_core.shell:Creating prefix chain script '/home/aijokaren/Desktop/rk3588s/install/setup.ps1'
[7.023s] INFO:colcon.colcon_core.shell:Creating prefix script '/home/aijokaren/Desktop/rk3588s/install/local_setup.sh'
[7.025s] INFO:colcon.colcon_core.shell:Creating prefix util module '/home/aijokaren/Desktop/rk3588s/install/_local_setup_util_sh.py'
[7.026s] INFO:colcon.colcon_core.shell:Creating prefix chain script '/home/aijokaren/Desktop/rk3588s/install/setup.sh'
[7.028s] INFO:colcon.colcon_core.shell:Creating prefix script '/home/aijokaren/Desktop/rk3588s/install/local_setup.bash'
[7.030s] INFO:colcon.colcon_core.shell:Creating prefix chain script '/home/aijokaren/Desktop/rk3588s/install/setup.bash'
[7.032s] INFO:colcon.colcon_core.shell:Creating prefix script '/home/aijokaren/Desktop/rk3588s/install/local_setup.zsh'
[7.034s] INFO:colcon.colcon_core.shell:Creating prefix chain script '/home/aijokaren/Desktop/rk3588s/install/setup.zsh'
